<?xml version="1.0" encoding="UTF-8"?>
<!-- Created with TexturePacker http://www.codeandweb.com/texturepacker-->
<!-- $TexturePacker:SmartUpdate:09f8c60aa193f5fcad32bd9d75c7b473:b2f5e78ceed66efbb42c594fe5a4f119:5c2a2c00668ec52693550397bb7ea822$ -->
<!--Format:
n  => name of the sprite
x  => sprite x pos in texture
y  => sprite y pos in texture
w  => sprite width (may be trimmed)
h  => sprite height (may be trimmed)
pX => x pos of the pivot point (relative to sprite width)
pY => y pos of the pivot point (relative to sprite height)
oX => sprite's x-corner offset (only available if trimmed)
oY => sprite's y-corner offset (only available if trimmed)
oW => sprite's original width (only available if trimmed)
oH => sprite's original height (only available if trimmed)
r => 'y' only set if sprite is rotated
with polygon mode enabled:
vertices   => points in sprite coordinate system (x0,y0,x1,y1,x2,y2, ...)
verticesUV => points in sheet coordinate system (x0,y0,x1,y1,x2,y2, ...)
triangles  => sprite triangulation, 3 vertex indices per triangle
-->
<TextureAtlas imagePath="Area_Attack.png" width="1298" height="1298">
  <particle particle_type="buff_particle" actor="1" buff_type="passive" attribute_type="attack" draw_rate="2500" z="-200">
    <anim_data speed="80" loop="0"/>
    <sprite n="BuffFire_0001s_0012_1.png" opacity ="255" x="497" y="1" w="528" h="376" pX="0.492424" pY="0.515957"/>
    <sprite n="BuffFire_0001s_0011_2.png" opacity ="255" x="1027" y="1" w="528" h="376" pX="0.492424" pY="0.515957"/>
    <sprite n="BuffFire_0001s_0010_3.png" opacity ="255" x="1" y="379" w="528" h="376" pX="0.492424" pY="0.515957"/>
    <sprite n="BuffFire_0001s_0009_4.png" opacity ="255" x="531" y="379" w="528" h="376" pX="0.492424" pY="0.515957"/>
    <sprite n="BuffFire_0001s_0008_5.png" opacity ="255" x="1061" y="379" w="528" h="376" pX="0.492424" pY="0.515957"/>
    <sprite n="BuffFire_0001s_0007_6.png" opacity ="255" x="1" y="757" w="528" h="376" pX="0.492424" pY="0.515957"/>
    <sprite n="BuffFire_0001s_0006_Capa-3.png" opacity ="255" x="531" y="757" w="528" h="376" pX="0.492424" pY="0.515957"/>
    <sprite n="BuffFire_0001s_0005_Capa-4.png" opacity ="255" x="1061" y="757" w="528" h="376" pX="0.492424" pY="0.515957"/>
    <sprite n="BuffFire_0001s_0004_Capa-5.png" opacity ="255" x="1" y="1135" w="528" h="376" pX="0.492424" pY="0.515957"/>
    <sprite n="BuffFire_0001s_0003_Capa-7.png" opacity ="255" x="531" y="1135" w="528" h="376" pX="0.492424" pY="0.515957"/>
    <sprite n="BuffFire_0001s_0002_11.png" opacity ="255" x="1061" y="1135" w="528" h="376" pX="0.492424" pY="0.515957"/>
    <sprite n="BuffFire_0001s_0001_12.png" opacity ="255" x="1" y="1513" w="528" h="376" pX="0.492424" pY="0.515957"/>

  </particle>
  <particle particle_type="buff_particle" actor="0" buff_type="passive" attribute_type="attack" draw_rate ="0" z="-20">
    <anim_data speed="150" loop="1"/>
    <sprite n="IndividualBuff_0009_0009-shot.png.png" opacity ="255" x="1" y="1" z="-5000" w="60" h="38" pX="0.509091" pY="0.673852"/>
    <sprite n="IndividualBuff_0008_0008-shot.png.png" opacity ="255" x="63" y="1" z="-5000" w="60" h="38" pX="0.509091" pY="0.673852"/>
    <sprite n="IndividualBuff_0007_0007-shot.png.png" opacity ="255" x="125" y="1" z="-5000" w="60" h="38" pX="0.509091" pY="0.673852"/>
    <sprite n="IndividualBuff_0006_0006-shot.png.png" opacity ="255" x="187" y="1" z="-5000" w="60" h="38" pX="0.509091" pY="0.673852"/>
    <sprite n="IndividualBuff_0005_0005-shot.png.png" opacity ="255" x="249" y="1" z="-5000" w="60" h="38" pX="0.509091" pY="0.673852"/>
    <sprite n="IndividualBuff_0004_0004-shot.png.png" opacity ="255" x="311" y="1" z="-5000" w="60" h="38" pX="0.509091" pY="0.673852"/>
    <sprite n="IndividualBuff_0003_0003-shot.png.png" opacity ="255" x="373" y="1" z="-5000" w="60" h="38" pX="0.509091" pY="0.673852"/>
    <sprite n="IndividualBuff_0002_0002-shot.png.png" opacity ="255" x="435" y="1" z="-5000" w="60" h="38" pX="0.509091" pY="0.673852"/>
    <sprite n="IndividualBuff_0001_0001-shot.png.png" opacity ="255" x="435" y="1" z="-5000" w="60" h="38" pX="0.509091" pY="0.673852"/>

  </particle>
</TextureAtlas>