<?xml version="1.0" encoding="UTF-8"?>
<!-- Created with TexturePacker http://www.codeandweb.com/texturepacker-->
<!-- $TexturePacker:SmartUpdate:83f031ad5b131314a04682d653f7894f:ed03f8fe377787789120c32444b287b4:da05d9343b7eef86639b52f68c102d78$ -->
<!--Format:
n  => name of the sprite
x  => sprite x pos in texture
y  => sprite y pos in texture
w  => sprite width (may be trimmed)
h  => sprite height (may be trimmed)
pX => x pos of the pivot point (relative to sprite width)
pY => y pos of the pivot point (relative to sprite height)
oX => sprite's x-corner offset (only available if trimmed)
oY => sprite's y-corner offset (only available if trimmed)
oW => sprite's original width (only available if trimmed)
oH => sprite's original height (only available if trimmed)
r => 'y' only set if sprite is rotated
with polygon mode enabled:
vertices   => points in sprite coordinate system (x0,y0,x1,y1,x2,y2, ...)
verticesUV => points in sheet coordinate system (x0,y0,x1,y1,x2,y2, ...)
triangles  => sprite triangulation, 3 vertex indices per triangle
-->
<TextureAtlas imagePath="Area_Life.png" width="1692" height="1398">
  <particle particle_type="buff_particle" actor="1" buff_type="passive" attribute_type="life" draw_rate="2500"
z="-200">
    <anim_data speed="150" loop="0"/>
    <sprite n="MainBuffWizard_0002_0002-shot.png.png" opacity ="255" x="1" y="1" w="421" h="231" pX="0.498812" pY="0.497835"/>
    <sprite n="MainBuffWizard_0003_0003-shot.png.png" opacity ="255" x="424" y="1" w="421" h="231" pX="0.498812" pY="0.497835"/>
    <sprite n="MainBuffWizard_0004_0004-shot.png.png" opacity ="255" x="847" y="1" w="421" h="231" pX="0.498812" pY="0.497835"/>
    <sprite n="MainBuffWizard_0005_0005-shot.png.png" opacity ="255" x="1270" y="1" w="421" h="231" pX="0.498812" pY="0.497835"/>
    <sprite n="MainBuffWizard_0006_0006-shot.png.png" opacity ="255" x="1" y="234" w="421" h="231" pX="0.498812" pY="0.497835"/>
    <sprite n="MainBuffWizard_0007_0007-shot.png.png" opacity ="255" x="424" y="234" w="421" h="231" pX="0.498812" pY="0.497835"/>
    <sprite n="MainBuffWizard_0008_0008-shot.png.png" opacity ="255" x="847" y="234" w="421" h="231" pX="0.498812" pY="0.497835"/>
    <sprite n="MainBuffWizard_0009_0009-shot.png.png" opacity ="255" x="1270" y="234" w="421" h="231" pX="0.498812" pY="0.497835"/>
    <sprite n="MainBuffWizard_0010_0010-shot.png.png" opacity ="255" x="1" y="467" w="421" h="231" pX="0.498812" pY="0.497835"/>
    <sprite n="MainBuffWizard_0011_0011-shot.png.png" opacity ="255" x="424" y="467" w="421" h="231" pX="0.498812" pY="0.497835"/>
    <sprite n="MainBuffWizard_0012_0012-shot.png.png" opacity ="255" x="847" y="467" w="421" h="231" pX="0.498812" pY="0.497835"/>
    <sprite n="MainBuffWizard_0013_0013-shot.png.png" opacity ="255" x="1270" y="467" w="421" h="231" pX="0.498812" pY="0.497835"/>
    <sprite n="MainBuffWizard_0014_0014-shot.png.png" opacity ="255" x="1" y="700" w="421" h="231" pX="0.498812" pY="0.497835"/>
    <sprite n="MainBuffWizard_0015_0015-shot.png.png" opacity ="255" x="424" y="700" w="421" h="231" pX="0.498812" pY="0.497835"/>
    <sprite n="MainBuffWizard_0016_0016-shot.png.png" opacity ="255" x="847" y="700" w="421" h="231" pX="0.498812" pY="0.497835"/>
    <sprite n="MainBuffWizard_0017_0017-shot.png.png" opacity ="255" x="1270" y="700" w="421" h="231" pX="0.498812" pY="0.497835"/>
    <sprite n="MainBuffWizard_0018_0018-shot.png.png" opacity ="255" x="1" y="933" w="421" h="231" pX="0.498812" pY="0.497835"/>
    <sprite n="MainBuffWizard_0019_0019-shot.png.png" opacity ="255" x="424" y="933" w="421" h="231" pX="0.498812" pY="0.497835"/>
    <sprite n="MainBuffWizard_0020_0020-shot.png.png" opacity ="255" x="847" y="933" w="421" h="231" pX="0.498812" pY="0.497835"/>
    <sprite n="MainBuffWizard_0021_0021-shot.png.png" opacity ="255" x="1270" y="933" w="421" h="231" pX="0.498812" pY="0.497835"/>
    <sprite n="MainBuffWizard_0022_0022-shot.png.png" opacity ="255" x="1" y="1166" w="421" h="231" pX="0.498812" pY="0.497835"/>
  </particle>
  <particle particle_type="buff_particle" actor="0" buff_type="passive" attribute_type="life" draw_rate ="0" z="-20">
    <anim_data speed="150" loop="1"/>
    <sprite n="Minibuf/MiniBuff_0001_1.png" opacity ="255" x="424" y="1166" w="61" h="33" pX="0.498812" pY="0.497835"/>
    <sprite n="Minibuf/MiniBuff_0002_2.png" opacity ="255" x="424" y="1166" w="61" h="33" pX="0.498812" pY="0.497835"/>
    <sprite n="Minibuf/MiniBuff_0003_3.png" opacity ="255" x="487" y="1166" w="61" h="33" pX="0.498812" pY="0.497835"/>
    <sprite n="Minibuf/MiniBuff_0004_4.png" opacity ="255" x="550" y="1166" w="61" h="33" pX="0.498812" pY="0.497835"/>
    <sprite n="Minibuf/MiniBuff_0005_5.png" opacity ="255" x="613" y="1166" w="61" h="33" pX="0.498812" pY="0.497835"/>
    <sprite n="Minibuf/MiniBuff_0006_6.png" opacity ="255" x="676" y="1166" w="61" h="33" pX="0.498812" pY="0.497835"/>
    <sprite n="Minibuf/MiniBuff_0007_7.png" opacity ="255" x="739" y="1166" w="61" h="33" pX="0.498812" pY="0.497835"/>
    <sprite n="Minibuf/MiniBuff_0008_8.png" opacity ="255" x="802" y="1166" w="61" h="33" pX="0.498812" pY="0.497835"/>
    <sprite n="Minibuf/MiniBuff_0009_9.png" opacity ="255" x="865" y="1166" w="61" h="33" pX="0.498812" pY="0.497835"/>
 </particle>
</TextureAtlas>


