<?xml version="1.0" encoding="UTF-8"?>
<!-- Created with TexturePacker http://www.codeandweb.com/texturepacker-->
<!-- $TexturePacker:SmartUpdate:084e61df2ecf55632a7fd96e3adbc074:6e4baab9d941ef7626e426520ebc531f:dca9c51900eb34f22aa8af95c4aec4d2$ -->
<!--Format:
n  => name of the sprite
x  => sprite x pos in texture
y  => sprite y pos in texture
w  => sprite width (may be trimmed)
h  => sprite height (may be trimmed)
pX => x pos of the pivot point (relative to sprite width)
pY => y pos of the pivot point (relative to sprite height)
oX => sprite's x-corner offset (only available if trimmed)
oY => sprite's y-corner offset (only available if trimmed)
oW => sprite's original width (only available if trimmed)
oH => sprite's original height (only available if trimmed)
r => 'y' only set if sprite is rotated
with polygon mode enabled:
vertices   => points in sprite coordinate system (x0,y0,x1,y1,x2,y2, ...)
verticesUV => points in sheet coordinate system (x0,y0,x1,y1,x2,y2, ...)
triangles  => sprite triangulation, 3 vertex indices per triangle
-->
<TextureAtlas imagePath="Aura_Speed_Attack.png" width="330" height="330">  
<particle particle_type="buff_particle" actor="1" buff_type="passive" attribute_type="speed_attack" draw_rate ="0">
<anim_data speed="100" loop="0"/>
    <sprite n="AuraArcher_0000s_0000_0001-shot.png.png" opacity ="255" x="1" y="1" w="28" h="53" pX="0.5" pY="0.849057"/>
    <sprite n="AuraArcher_0000s_0001_0002-shot.png.png" opacity ="255" x="1" y="1" w="28" h="53" pX="0.5" pY="0.849057"/>
    <sprite n="AuraArcher_0000s_0002_0003-shot.png.png" opacity ="255" x="31" y="1" w="28" h="53" pX="0.5" pY="0.849057"/>
    <sprite n="AuraArcher_0000s_0003_0004-shot.png.png" opacity ="255" x="61" y="1" w="28" h="53" pX="0.5" pY="0.849057"/>
    <sprite n="AuraArcher_0000s_0004_0005-shot.png.png" opacity ="255" x="91" y="1" w="28" h="53" pX="0.5" pY="0.849057"/>
    <sprite n="AuraArcher_0000s_0005_0006-shot.png.png" opacity ="255" x="121" y="1" w="28" h="53" pX="0.5" pY="0.849057"/>
    <sprite n="AuraArcher_0000s_0006_0007-shot.png.png" opacity ="255" x="151" y="1" w="28" h="53" pX="0.5" pY="0.849057"/>
    <sprite n="AuraArcher_0000s_0007_0008-shot.png.png" opacity ="255" x="181" y="1" w="28" h="53" pX="0.5" pY="0.849057"/>
    <sprite n="AuraArcher_0000s_0008_0009-shot.png.png" opacity ="255" x="211" y="1" w="28" h="53" pX="0.5" pY="0.849057"/>
    <sprite n="AuraArcher_0000s_0009_0010-shot.png.png" opacity ="255" x="241" y="1" w="28" h="53" pX="0.5" pY="0.849057"/>
    <sprite n="AuraArcher_0000s_0010_0011-shot.png.png" opacity ="255" x="271" y="1" w="28" h="53" pX="0.5" pY="0.849057"/>
    <sprite n="AuraArcher_0000s_0011_0012-shot.png.png" opacity ="255" x="301" y="1" w="28" h="53" pX="0.5" pY="0.849057"/>
    <sprite n="AuraArcher_0000s_0012_0013-shot.png.png" opacity ="255" x="1" y="56" w="28" h="53" pX="0.5" pY="0.849057"/>
    <sprite n="AuraArcher_0000s_0013_0014-shot.png.png" opacity ="255" x="31"  y="56" w="28" h="53" pX="0.5" pY="0.849057"/>
    <sprite n="AuraArcher_0000s_0014_0015-shot.png.png" opacity ="255" x="61"  y="56" w="28" h="53" pX="0.5" pY="0.849057"/>
    <sprite n="AuraArcher_0000s_0015_0016-shot.png.png" opacity ="255" x="91"  y="56" w="28" h="53" pX="0.5" pY="0.849057"/>
    <sprite n="AuraArcher_0000s_0016_0017-shot.png.png" opacity ="255" x="121" y="56" w="28" h="53" pX="0.5" pY="0.849057"/>
    <sprite n="AuraArcher_0000s_0017_0018-shot.png.png" opacity ="255" x="151" y="56" w="28" h="53" pX="0.5" pY="0.849057"/>
    <sprite n="AuraArcher_0000s_0018_0019-shot.png.png" opacity ="255" x="181" y="56" w="28" h="53" pX="0.5" pY="0.849057"/>
    <sprite n="AuraArcher_0000s_0019_0020-shot.png.png" opacity ="255" x="211" y="56" w="28" h="53" pX="0.5" pY="0.849057"/>
    <sprite n="AuraArcher_0000s_0020_0021-shot.png.png" opacity ="255" x="241" y="56" w="28" h="53" pX="0.5" pY="0.849057"/>
    <sprite n="AuraArcher_0000s_0021_0022-shot.png.png" opacity ="255" x="271" y="56" w="28" h="53" pX="0.5" pY="0.849057"/>
    <sprite n="AuraArcher_0000s_0022_0023-shot.png.png" opacity ="255" x="301" y="56" w="28" h="53" pX="0.5" pY="0.849057"/>
    <sprite n="AuraArcher_0000s_0023_0024-shot.png.png" opacity ="255" x="1"  y="111" w="28" h="53" pX="0.5" pY="0.849057"/>
    <sprite n="AuraArcher_0000s_0024_0025-shot.png.png" opacity ="255" x="31"  y="111" w="28" h="53" pX="0.5" pY="0.849057"/>
    <sprite n="AuraArcher_0000s_0025_0026-shot.png.png" opacity ="255" x="61"  y="111" w="28" h="53" pX="0.5" pY="0.849057"/>
    <sprite n="AuraArcher_0000s_0026_0027-shot.png.png" opacity ="255" x="91"  y="111" w="28" h="53" pX="0.5" pY="0.849057"/>
    <sprite n="AuraArcher_0000s_0027_0028-shot.png.png" opacity ="255" x="121" y="111" w="28" h="53" pX="0.5" pY="0.849057"/>
    <sprite n="AuraArcher_0000s_0028_0029-shot.png.png" opacity ="255" x="151" y="111" w="28" h="53" pX="0.5" pY="0.849057"/>
   </particle>

  <simple_particle particle_type="speed_particle_front" direction="no_direction" z="20">
    <anim_data speed="100" loop="1"/>
    <sprite n="AuraArcher_0001s_0000_0001-shot.png.png" opacity ="255" x="181" y="111" w="28" h="53" pX="0.5" pY="0.849057"/>
    <sprite n="AuraArcher_0001s_0001_0002-shot.png.png" opacity ="255" x="181" y="111" w="28" h="53" pX="0.5" pY="0.849057"/>
    <sprite n="AuraArcher_0001s_0002_0003-shot.png.png" opacity ="255" x="211" y="111" w="28" h="53" pX="0.5" pY="0.849057"/>
    <sprite n="AuraArcher_0001s_0003_0004-shot.png.png" opacity ="255" x="241" y="111" w="28" h="53" pX="0.5" pY="0.849057"/>
    <sprite n="AuraArcher_0001s_0004_0005-shot.png.png" opacity ="255" x="271" y="111" w="28" h="53" pX="0.5" pY="0.849057"/>
    <sprite n="AuraArcher_0001s_0005_0006-shot.png.png" opacity ="255" x="301" y="111" w="28" h="53" pX="0.5" pY="0.849057"/>
    <sprite n="AuraArcher_0001s_0006_0007-shot.png.png" opacity ="255"  x="1" y="166" w="28" h="53" pX="0.5" pY="0.849057"/>
    <sprite n="AuraArcher_0001s_0007_0008-shot.png.png" opacity ="255" x="31" y="166" w="28" h="53" pX="0.5" pY="0.849057"/>
    <sprite n="AuraArcher_0001s_0008_0009-shot.png.png" opacity ="255" x="61" y="166" w="28" h="53" pX="0.5" pY="0.849057"/>
    <sprite n="AuraArcher_0001s_0009_0010-shot.png.png" opacity ="255"  x="91" y="166" w="28" h="53" pX="0.5" pY="0.849057"/>
    <sprite n="AuraArcher_0001s_0010_0011-shot.png.png" opacity ="255" x="121" y="166" w="28" h="53" pX="0.5" pY="0.849057"/>
    <sprite n="AuraArcher_0001s_0011_0012-shot.png.png" opacity ="255" x="151" y="166" w="28" h="53" pX="0.5" pY="0.849057"/>
    <sprite n="AuraArcher_0001s_0012_0013-shot.png.png" opacity ="255" x="181" y="166" w="28" h="53" pX="0.5" pY="0.849057"/>
    <sprite n="AuraArcher_0001s_0013_0014-shot.png.png" opacity ="255" x="211" y="166" w="28" h="53" pX="0.5" pY="0.849057"/>
    <sprite n="AuraArcher_0001s_0014_0015-shot.png.png" opacity ="255" x="241" y="166" w="28" h="53" pX="0.5" pY="0.849057"/>
    <sprite n="AuraArcher_0001s_0015_0016-shot.png.png" opacity ="255"  x="271" y="166" w="28" h="53" pX="0.5" pY="0.849057"/>
    <sprite n="AuraArcher_0001s_0016_0017-shot.png.png" opacity ="255" x="301" y="166" w="28" h="53" pX="0.5" pY="0.849057"/>
    <sprite n="AuraArcher_0001s_0017_0018-shot.png.png" opacity ="255" x="1" y="221" w="28" h="53" pX="0.5" pY="0.849057"/>
    <sprite n="AuraArcher_0001s_0018_0019-shot.png.png" opacity ="255" x="31" y="221" w="28" h="53" pX="0.5" pY="0.849057"/>
    <sprite n="AuraArcher_0001s_0019_0020-shot.png.png" opacity ="255" x="61" y="221" w="28" h="53" pX="0.5" pY="0.849057"/>
    <sprite n="AuraArcher_0001s_0020_0021-shot.png.png" opacity ="255" x="91" y="221" w="28" h="53" pX="0.5" pY="0.849057"/>
    <sprite n="AuraArcher_0001s_0021_0022-shot.png.png" opacity ="255" x="121" y="221" w="28" h="53" pX="0.5" pY="0.849057"/>
    <sprite n="AuraArcher_0001s_0022_0023-shot.png.png" opacity ="255" x="151" y="221" w="28" h="53" pX="0.5" pY="0.849057"/>
    <sprite n="AuraArcher_0001s_0023_0024-shot.png.png" opacity ="255" x="181" y="221" w="28" h="53" pX="0.5" pY="0.849057"/>
    <sprite n="AuraArcher_0001s_0024_0025-shot.png.png" opacity ="255" x="211" y="221" w="28" h="53" pX="0.5" pY="0.849057"/>
    <sprite n="AuraArcher_0001s_0025_0026-shot.png.png" opacity ="255" x="241" y="221" w="28" h="53" pX="0.5" pY="0.849057"/>
    <sprite n="AuraArcher_0001s_0026_0027-shot.png.png" opacity ="255" x="271" y="221" w="28" h="53" pX="0.5" pY="0.849057"/>
    <sprite n="AuraArcher_0001s_0027_0028-shot.png.png" opacity ="255" x="301" y="221" w="28" h="53" pX="0.5" pY="0.849057"/>
    <sprite n="AuraArcher_0001s_0028_0029-shot.png.png" opacity ="255" x="151" y="111" w="28" h="53" pX="0.5" pY="0.849057"/>
      </simple_particle>

</TextureAtlas>
