<?xml version="1.0" encoding="utf-8"?>

<data>
  <particle document = "UIArrows.xml"/>
  <particle document = "UIMapAlert.xml"/>
  
  <particle document = "Area_Defense.xml"/>
  <particle document = "Aura_Range_Attack.xml"/>
  <particle document = "Aura_Speed_Attack.xml"/>
  <particle document = "Area_Attack.xml"/>
  <particle document = "Area_Life.xml"/>
  <particle document = "Area_Vision.xml"/>
  <particle document = "One_Hit.xml"/>
  <particle document = "Teleport.xml"/>
  <particle document = "Thunder.xml"/>
  <particle document = "Heal.xml"/>
  <particle document = "Taunt.xml"/>
  <particle document = "Taunt_Particle.xml"/>
  <particle document = "Slash_Effect.xml"/>
  <particle document = "Stun_Effect.xml"/>
  <particle document = "Stun_Effect_Particle.xml"/>
  <particle document = "Dragon_Shot.xml"/>
  <particle document = "Hunter_Multi_Shot.xml"/>
  <particle document = "Hunter_Laser.xml"/>
  <particle document = "Hunter_Shoot.xml"/>
  <particle document = "Resurrection.xml"/>
  <particle document = "LvlUp.xml"/>
  <particle document = "Burn.xml"/>
  <particle document = "RadiusHit.xml"/>
  <particle document = "LvlUp_Champs.xml"/>



  <buff
    buff_type ="passive"
    attribute_type="attack"
    actor="0"
    value="0.2"
  />
  <buff
    buff_type ="passive"
    attribute_type="attack"
    actor="1"
    value="0"
  />
  <buff
    buff_type ="timed"
    attribute_type="super_attack"
    buff_duration ="12000"

    actor="1"
    value="7"
  />
  <buff
    buff_type ="passive"
    attribute_type="defense"
    actor="0"
    value="0.2"
  />
  <buff
    buff_type ="passive"
    attribute_type="defense"
    actor="1"
    value="0"
  />
  <buff
    buff_type ="passive"
    attribute_type="vision"
    actor="1"
    value="0"
  />
  <buff
  buff_type ="passive"
  attribute_type="vision"
  actor="0"
  value="1"
  />
  <buff
    buff_type ="passive"
    attribute_type="life"
    actor="1"
    value="0"
  />
  <buff
  buff_type ="passive"
  attribute_type="life"
  actor="0"
  value="0.2"
  />
  <buff
  buff_type ="passive"
  attribute_type="speed_attack"
  actor="1"
  value="0.2"
  />
  <buff
    buff_type ="passive"
    attribute_type="range_attack"
    actor="1"
    value="0.1"
  />
  <buff
    buff_type ="timed"
    attribute_type="burn"
    buff_duration ="5000"

    actor="0"
    value="0.5"
  />
  <buff
    buff_type ="timed"
    attribute_type="stun"
    buff_duration ="5000"
    actor="0"
    value="0"
  />
  <buff
  buff_type ="timed"
  attribute_type="taunt"
  buff_duration ="12000"
  actor="0"
  value="0"
  />
</data>