<?xml version="1.0" encoding="UTF-8"?>
<!-- Created with TexturePacker http://www.codeandweb.com/texturepacker-->
<!-- $TexturePacker:SmartUpdate:f31b877ed4e39fdc4fe62b0069b0829c:be529c3f0aebf856537fcd732788114c:c2111c3a3983f01c2a73f45ccdb2d5d4$ -->
<!--Format:
n  => name of the sprite
x  => sprite x pos in texture
y  => sprite y pos in texture
w  => sprite width (may be trimmed)
h  => sprite height (may be trimmed)
pX => x pos of the pivot point (relative to sprite width)
pY => y pos of the pivot point (relative to sprite height)
oX => sprite's x-corner offset (only available if trimmed)
oY => sprite's y-corner offset (only available if trimmed)
oW => sprite's original width (only available if trimmed)
oH => sprite's original height (only available if trimmed)
r => 'y' only set if sprite is rotated
with polygon mode enabled:
vertices   => points in sprite coordinate system (x0,y0,x1,y1,x2,y2, ...)
verticesUV => points in sheet coordinate system (x0,y0,x1,y1,x2,y2, ...)
triangles  => sprite triangulation, 3 vertex indices per triangle
-->
<TextureAtlas imagePath="Burn.png" width="159" height="159">
  <particle particle_type="buff_particle" actor="0" buff_type="timed" attribute_type="burn" draw_rate ="0">
    <anim_data speed="150" loop="1"/>
    <sprite n="Burn_0001_0001-shot.png.png" opacity="255" x="1" y="1" w="27" h="51" pX="0.5" pY="0.843137"/>
    <sprite n="Burn_0002_0002-shot.png.png" opacity="255" x="1" y="1" w="27" h="51" pX="0.5" pY="0.843137"/>
    <sprite n="Burn_0003_0003-shot.png.png" opacity="255" x="30" y="1" w="27" h="51" pX="0.5" pY="0.843137"/>
    <sprite n="Burn_0004_0004-shot.png.png" opacity="255" x="59" y="1" w="27" h="51" pX="0.5" pY="0.843137"/>
    <sprite n="Burn_0005_0005-shot.png.png" opacity="255" x="88" y="1" w="27" h="51" pX="0.5" pY="0.843137"/>
    <sprite n="Burn_0006_0006-shot.png.png" opacity="255" x="117" y="1" w="27" h="51" pX="0.5" pY="0.843137"/>
    <sprite n="Burn_0007_0007-shot.png.png" opacity="255" x="1" y="54" w="27" h="51" pX="0.5" pY="0.843137"/>
    <sprite n="Burn_0008_0008-shot.png.png" opacity="255" x="30" y="54" w="27" h="51" pX="0.5" pY="0.843137"/>
    <sprite n="Burn_0009_0009-shot.png.png" opacity="255" x="59" y="54" w="27" h="51" pX="0.5" pY="0.843137"/>
    <sprite n="Burn_0010_0010-shot.png.png" opacity="255" x="88" y="54" w="27" h="51" pX="0.5" pY="0.843137"/>
    <sprite n="Burn_0011_0011-shot.png.png" opacity="255" x="117" y="54" w="27" h="51" pX="0.5" pY="0.843137"/>
    <sprite n="Burn_0012_0012-shot.png.png" opacity="255" x="1" y="107" w="27" h="51" pX="0.5" pY="0.843137"/>
    <sprite n="Burn_0013_0013-shot.png.png" opacity="255" x="30" y="107" w="27" h="51" pX="0.5" pY="0.843137"/>
    <sprite n="Burn_0014_0014-shot.png.png" opacity="255" x="59" y="107" w="27" h="51" pX="0.5" pY="0.843137"/>
  </particle>
</TextureAtlas>
