<?xml version="1.0" encoding="UTF-8"?>
<!-- Created with TexturePacker http://www.codeandweb.com/texturepacker-->
<!-- $TexturePacker:SmartUpdate:6f98504bc98d7478e1a95d543df0fedb:13940ff4ba8041c75566da35d794ced7:b7454de4c5e853778d74ec807448c708$ -->
<!--Format:
n  => name of the sprite
x  => sprite x pos in texture
y  => sprite y pos in texture
w  => sprite width (may be trimmed)
h  => sprite height (may be trimmed)
pX => x pos of the pivot point (relative to sprite width)
pY => y pos of the pivot point (relative to sprite height)
oX => sprite's x-corner offset (only available if trimmed)
oY => sprite's y-corner offset (only available if trimmed)
oW => sprite's original width (only available if trimmed)
oH => sprite's original height (only available if trimmed)
r => 'y' only set if sprite is rotated
with polygon mode enabled:
vertices   => points in sprite coordinate system (x0,y0,x1,y1,x2,y2, ...)
verticesUV => points in sheet coordinate system (x0,y0,x1,y1,x2,y2, ...)
triangles  => sprite triangulation, 3 vertex indices per triangle
-->
<TextureAtlas imagePath="Dragon_Shot.png" width="1825" height="1692">
  <simple_particle particle_type="dragon_shot_particle" direction="no_direction">
<anim_data speed="105" loop="0"/>

    <sprite n="DragonSHoot_0001_0001-shot.png.png" opacity ="255" x="1" y="1" w="363" h="421" pX="0.498623" pY="0.790974"/>
    <sprite n="DragonSHoot_0002_0002-shot.png.png" opacity ="255" x="366" y="1" w="363" h="421" pX="0.498623" pY="0.790974"/>
    <sprite n="DragonSHoot_0003_0003-shot.png.png" opacity ="255" x="731" y="1" w="363" h="421" pX="0.498623" pY="0.790974"/>
    <sprite n="DragonSHoot_0004_0004-shot.png.png" opacity ="255" x="1096" y="1" w="363" h="421" pX="0.498623" pY="0.790974"/>
    <sprite n="DragonSHoot_0005_0005-shot.png.png" opacity ="255" x="1461" y="1" w="363" h="421" pX="0.498623" pY="0.790974"/>
    <sprite n="DragonSHoot_0006_0006-shot.png.png" opacity ="255" x="1" y="424" w="363" h="421" pX="0.498623" pY="0.790974"/>
    <sprite n="DragonSHoot_0007_0007-shot.png.png" opacity ="255" x="366" y="424" w="363" h="421" pX="0.498623" pY="0.790974"/>
    <sprite n="DragonSHoot_0008_0008-shot.png.png" opacity ="255" x="731" y="424" w="363" h="421" pX="0.498623" pY="0.790974"/>
    <sprite n="DragonSHoot_0009_0009-shot.png.png" opacity ="255" x="1096" y="424" w="363" h="421" pX="0.498623" pY="0.790974"/>
    <sprite n="DragonSHoot_0010_0010-shot.png.png" opacity ="255" x="1461" y="424" w="363" h="421" pX="0.498623" pY="0.790974"/>
    <sprite n="DragonSHoot_0011_0011-shot.png.png" opacity ="255" x="1" y="847" w="363" h="421" pX="0.498623" pY="0.790974"/>
    <sprite n="DragonSHoot_0012_0012-shot.png.png" opacity ="255" x="366" y="847" w="363" h="421" pX="0.498623" pY="0.790974"/>
    <sprite n="DragonSHoot_0013_0013-shot.png.png" opacity ="255" x="731" y="847" w="363" h="421" pX="0.498623" pY="0.790974"/>
    <sprite n="DragonSHoot_0014_0014-shot.png.png" opacity ="255" x="1096" y="847" w="363" h="421" pX="0.498623" pY="0.790974"/>
    <sprite n="DragonSHoot_0015_0015-shot.png.png" opacity ="255" x="1461" y="847" w="363" h="421" pX="0.498623" pY="0.790974"/>
    <sprite n="DragonSHoot_0016_0016-shot.png.png" opacity ="255" x="1" y="1270" w="363" h="421" pX="0.498623" pY="0.790974"/>
    <sprite n="DragonSHoot_0017_0017-shot.png.png" opacity ="255" x="366" y="1270" w="363" h="421" pX="0.498623" pY="0.790974"/>
    <sprite n="DragonSHoot_0018_0018-shot.png.png" opacity ="255" x="731" y="1270" w="363" h="421" pX="0.498623" pY="0.790974"/>
    <sprite n="DragonSHoot_0019_0019-shot.png.png" opacity ="255" x="1096" y="1270" w="363" h="421" pX="0.498623" pY="0.790974"/>
    <sprite n="DragonSHoot_0020_0020-shot.png.png" opacity ="255" x="1461" y="1270" w="363" h="421" pX="0.498623" pY="0.790974"/>
</simple_particle>
</TextureAtlas>
