<?xml version="1.0" encoding="UTF-8"?>
<!-- Created with TexturePacker http://www.codeandweb.com/texturepacker-->
<!-- $TexturePacker:SmartUpdate:0ed040c88ad1d0c963bf70a8e315c378:f47f67305a8c10f10d1559907444f25f:3f223ab5b2a6f73253ae86a2221e7720$ -->
<!--Format:
n  => name of the sprite
x  => sprite x pos in texture
y  => sprite y pos in texture
w  => sprite width (may be trimmed)
h  => sprite height (may be trimmed)
pX => x pos of the pivot point (relative to sprite width)
pY => y pos of the pivot point (relative to sprite height)
oX => sprite's x-corner offset (only available if trimmed)
oY => sprite's y-corner offset (only available if trimmed)
oW => sprite's original width (only available if trimmed)
oH => sprite's original height (only available if trimmed)
r => 'y' only set if sprite is rotated
with polygon mode enabled:
vertices   => points in sprite coordinate system (x0,y0,x1,y1,x2,y2, ...)
verticesUV => points in sheet coordinate system (x0,y0,x1,y1,x2,y2, ...)
triangles  => sprite triangulation, 3 vertex indices per triangle
-->
<TextureAtlas imagePath="Heal.png" width="921" height="1673">
  <simple_particle particle_type="heal_particle" direction="no_direction">
    <anim_data speed="100" loop="0"/>

    <sprite n="a_0001_0001-shot.png.png" opacity ="255" x="1" y="1" w="305" h="237" pX="0.5" pY="0.5"/>
    <sprite n="a_0003_0003-shot.png.png" opacity ="255" x="308" y="1" w="305" h="237" pX="0.5" pY="0.5"/>
    <sprite n="a_0004_0004-shot.png.png" opacity ="255" x="615" y="1" w="305" h="237" pX="0.5" pY="0.5"/>
    <sprite n="a_0005_0005-shot.png.png" opacity ="255" x="1" y="240" w="305" h="237" pX="0.5" pY="0.5"/>
    <sprite n="a_0006_0006-shot.png.png" opacity ="255" x="308" y="240" w="305" h="237" pX="0.5" pY="0.5"/>
    <sprite n="a_0007_0007-shot.png.png" opacity ="255" x="615" y="240" w="305" h="237" pX="0.5" pY="0.5"/>
    <sprite n="a_0008_0008-shot.png.png" opacity ="255" x="1" y="479" w="305" h="237" pX="0.5" pY="0.5"/>
    <sprite n="a_0009_0009-shot.png.png" opacity ="255" x="308" y="479" w="305" h="237" pX="0.5" pY="0.5"/>
    <sprite n="a_0010_0010-shot.png.png" opacity ="255" x="615" y="479" w="305" h="237" pX="0.5" pY="0.5"/>
    <sprite n="a_0011_0011-shot.png.png" opacity ="255" x="1" y="718" w="305" h="237" pX="0.5" pY="0.5"/>
    <sprite n="a_0012_0012-shot.png.png" opacity ="255" x="308" y="718" w="305" h="237" pX="0.5" pY="0.5"/>
    <sprite n="a_0013_0013-shot.png.png" opacity ="255" x="615" y="718" w="305" h="237" pX="0.5" pY="0.5"/>
    <sprite n="a_0014_0014-shot.png.png" opacity ="255" x="1" y="957" w="305" h="237" pX="0.5" pY="0.5"/>
    <sprite n="a_0015_0015-shot.png.png" opacity ="255" x="308" y="957" w="305" h="237" pX="0.5" pY="0.5"/>
    <sprite n="a_0016_0016-shot.png.png" opacity ="255" x="615" y="957" w="305" h="237" pX="0.5" pY="0.5"/>
    <sprite n="a_0017_0017-shot.png.png" opacity ="255" x="1" y="1196" w="305" h="237" pX="0.5" pY="0.5"/>
    <sprite n="a_0018_0018-shot.png.png" opacity ="255" x="308" y="1196" w="305" h="237" pX="0.5" pY="0.5"/>
    <sprite n="a_0019_0019-shot.png.png" opacity ="255" x="615" y="1196" w="305" h="237" pX="0.5" pY="0.5"/>
    <sprite n="a_0020_0020-shot.png.png" opacity ="255" x="1" y="1435" w="305" h="237" pX="0.5" pY="0.5"/>
    <sprite n="a_0021_0021-shot.png.png" opacity ="255" x="308" y="1435" w="305" h="237" pX="0.5" pY="0.5"/>
    <sprite n="a_0008_0008-shot.png.png" opacity ="255" x="1" y="479" w="305" h="237" pX="0.5" pY="0.5"/>
    <sprite n="a_0007_0007-shot.png.png" opacity ="255" x="615" y="240" w="305" h="237" pX="0.5" pY="0.5"/>
    <sprite n="a_0006_0006-shot.png.png" opacity ="255" x="308" y="240" w="305" h="237" pX="0.5" pY="0.5"/>
<sprite n="a_0005_0005-shot.png.png" opacity ="255" x="1" y="240" w="305" h="237" pX="0.5" pY="0.5"/>
    <sprite n="a_0004_0004-shot.png.png" opacity ="255" x="615" y="1" w="305" h="237" pX="0.5" pY="0.5"/>
    <sprite n="a_0003_0003-shot.png.png" opacity ="255" x="308" y="1" w="305" h="237" pX="0.5" pY="0.5"/>
 <sprite n="a_0001_0001-shot.png.png" opacity ="255" x="1" y="1" w="305" h="237" pX="0.5" pY="0.5"/>

</simple_particle>

</TextureAtlas>
