<?xml version="1.0" encoding="UTF-8"?>
<!-- Created with TexturePacker http://www.codeandweb.com/texturepacker-->
<!-- $TexturePacker:SmartUpdate:510e340c8e2a8823947f2736816f689a:1026f6c6fcbf17c3d8c7c53de4345883:099ec6663b007dd5ecce4c6162166d65$ -->
<!--Format:
n  => name of the sprite
x  => sprite x pos in texture
y  => sprite y pos in texture
w  => sprite width (may be trimmed)
h  => sprite height (may be trimmed)
pX => x pos of the pivot point (relative to sprite width)
pY => y pos of the pivot point (relative to sprite height)
oX => sprite's x-corner offset (only available if trimmed)
oY => sprite's y-corner offset (only available if trimmed)
oW => sprite's original width (only available if trimmed)
oH => sprite's original height (only available if trimmed)
r => 'y' only set if sprite is rotated
with polygon mode enabled:
vertices   => points in sprite coordinate system (x0,y0,x1,y1,x2,y2, ...)
verticesUV => points in sheet coordinate system (x0,y0,x1,y1,x2,y2, ...)
triangles  => sprite triangulation, 3 vertex indices per triangle
-->
<TextureAtlas imagePath="Hunter_Laser.png" width="1422" height="480">
<simple_particle particle_type="laser_particle" direction="no_direction">
    <anim_data speed="100" loop="0"/>

    <sprite n="Laser_0001_0001-shot.png.png" opacity ="255" x="1" y="1" w="709" h="58" pX="0.0521862" pY="0.5"/>
    <sprite n="Laser_0002_0002-shot.png.png" opacity ="255" x="712" y="1" w="709" h="58" pX="0.0521862" pY="0.5"/>
    <sprite n="Laser_0003_0003-shot.png.png" opacity ="255" x="1" y="61" w="709" h="58" pX="0.0521862" pY="0.5"/>
    <sprite n="Laser_0004_0004-shot.png.png" opacity ="255" x="712" y="61" w="709" h="58" pX="0.0521862" pY="0.5"/>
    <sprite n="Laser_0005_0005-shot.png.png" opacity ="255" x="1" y="121" w="709" h="58" pX="0.0521862" pY="0.5"/>
    <sprite n="Laser_0006_0006-shot.png.png" opacity ="255" x="712" y="121" w="709" h="58" pX="0.0521862" pY="0.5"/>
    <sprite n="Laser_0007_0007-shot.png.png" opacity ="255" x="1" y="181" w="709" h="58" pX="0.0521862" pY="0.5"/>
    <sprite n="Laser_0008_0008-shot.png.png" opacity ="255" x="712" y="181" w="709" h="58" pX="0.0521862" pY="0.5"/>
    <sprite n="Laser_0009_0009-shot.png.png" opacity ="255" x="1" y="241" w="709" h="58" pX="0.0521862" pY="0.5"/>
    <sprite n="Laser_0010_0010-shot.png.png" opacity ="255"  x="712" y="241" w="709" h="58" pX="0.0521862" pY="0.5"/>
    <sprite n="Laser_0011_0011-shot.png.png" opacity ="255" x="1" y="301" w="709" h="58" pX="0.0521862" pY="0.5"/>
    <sprite n="Laser_0012_0012-shot.png.png" opacity ="255" x="712" y="301" w="709" h="58" pX="0.0521862" pY="0.5"/>
    <sprite n="Laser_0013_0013-shot.png.png" opacity ="255" x="1" y="361" w="709" h="58" pX="0.0521862" pY="0.5"/>
    <sprite n="Laser_0014_0014-shot.png.png" opacity ="255" x="712" y="361" w="709" h="58" pX="0.0521862" pY="0.5"/>
    <sprite n="Laser_0015_0015-shot.png.png" opacity ="255" x="1" y="421" w="709" h="58" pX="0.0521862" pY="0.5"/>
    <sprite n="Laser_0016_0016-shot.png.png" opacity ="255" x="712" y="421" w="709" h="58" pX="0.0521862" pY="0.5"/>
</simple_particle>
</TextureAtlas>
