<?xml version="1.0" encoding="UTF-8"?>
<!-- Created with TexturePacker http://www.codeandweb.com/texturepacker-->
<!-- $TexturePacker:SmartUpdate:2a2a7a9e5e1d7171b6952ddc88ec9553:7a29795f4dd44b2d01eef453f103b7bc:191fc75bf3b7ceeabae86d3f06e34925$ -->
<!--Format:
n  => name of the sprite
x  => sprite x pos in texture
y  => sprite y pos in texture
w  => sprite width (may be trimmed)
h  => sprite height (may be trimmed)
pX => x pos of the pivot point (relative to sprite width)
pY => y pos of the pivot point (relative to sprite height)
oX => sprite's x-corner offset (only available if trimmed)
oY => sprite's y-corner offset (only available if trimmed)
oW => sprite's original width (only available if trimmed)
oH => sprite's original height (only available if trimmed)
r => 'y' only set if sprite is rotated
with polygon mode enabled:
vertices   => points in sprite coordinate system (x0,y0,x1,y1,x2,y2, ...)
verticesUV => points in sheet coordinate system (x0,y0,x1,y1,x2,y2, ...)
triangles  => sprite triangulation, 3 vertex indices per triangle
-->
<TextureAtlas imagePath="Hunter_Shoot.png" width="500" height="1370">
<simple_particle particle_type="long_shoot_particle" direction="no_direction">
    <anim_data speed="50" loop="0"/>

    <sprite n="Sin-título1_0001_0001-shot.png.png" opacity ="255" x="1" y="1" w="98" h="272" pX="0.510204" pY="0.915441"/>
    <sprite n="Sin-título1_0003_0003-shot.png.png" opacity ="255" x="101" y="1" w="98" h="272" pX="0.510204" pY="0.915441"/>
    <sprite n="Sin-título1_0004_0004-shot.png.png" opacity ="255" x="201" y="1" w="98" h="272" pX="0.510204" pY="0.915441"/>
    <sprite n="Sin-título1_0005_0005-shot.png.png" opacity ="255" x="301" y="1" w="98" h="272" pX="0.510204" pY="0.915441"/>
    <sprite n="Sin-título1_0006_0006-shot.png.png" opacity ="255" x="401" y="1" w="98" h="272" pX="0.510204" pY="0.915441"/>
    <sprite n="Sin-título1_0007_0007-shot.png.png" opacity ="255" x="1" y="275" w="98" h="272" pX="0.510204" pY="0.915441"/>
    <sprite n="Sin-título1_0008_0008-shot.png.png" opacity ="255" x="101" y="275" w="98" h="272" pX="0.510204" pY="0.915441"/>
    <sprite n="Sin-título1_0009_0009-shot.png.png" opacity ="255" x="201" y="275" w="98" h="272" pX="0.510204" pY="0.915441"/>
    <sprite n="Sin-título1_0010_0010-shot.png.png" opacity ="255" x="301" y="275" w="98" h="272" pX="0.510204" pY="0.915441"/>
    <sprite n="Sin-título1_0011_0011-shot.png.png" opacity ="255" x="401" y="275" w="98" h="272" pX="0.510204" pY="0.915441"/>
    <sprite n="Sin-título1_0012_0012-shot.png.png" opacity ="255" x="1" y="549" w="98" h="272" pX="0.510204" pY="0.915441"/>
    <sprite n="Sin-título1_0013_0013-shot.png.png" opacity ="255" x="101" y="549" w="98" h="272" pX="0.510204" pY="0.915441"/>
    <sprite n="Sin-título1_0014_0014-shot.png.png" opacity ="255" x="201" y="549" w="98" h="272" pX="0.510204" pY="0.915441"/>
    <sprite n="Sin-título1_0015_0015-shot.png.png" opacity ="255" x="301" y="549" w="98" h="272" pX="0.510204" pY="0.915441"/>
    <sprite n="Sin-título1_0016_0016-shot.png.png" opacity ="255" x="401" y="549" w="98" h="272" pX="0.510204" pY="0.915441"/>
    <sprite n="Sin-título1_0017_0017-shot.png.png" opacity ="255" x="1" y="823" w="98" h="272" pX="0.510204" pY="0.915441"/>
    <sprite n="Sin-título1_0018_0018-shot.png.png" opacity ="255" x="101" y="823" w="98" h="272" pX="0.510204" pY="0.915441"/>
    <sprite n="Sin-título1_0019_0019-shot.png.png" opacity ="255" x="201" y="823" w="98" h="272" pX="0.510204" pY="0.915441"/>
    <sprite n="Sin-título1_0020_0020-shot.png.png" opacity ="255" x="301" y="823" w="98" h="272" pX="0.510204" pY="0.915441"/>
    <sprite n="Sin-título1_0021_0021-shot.png.png" opacity ="255" x="401" y="823" w="98" h="272" pX="0.510204" pY="0.915441"/>
    <sprite n="Sin-título1_0022_0022-shot.png.png" opacity ="255" x="1" y="1097" w="98" h="272" pX="0.510204" pY="0.915441"/>
    <sprite n="Sin-título1_0023_0023-shot.png.png" opacity ="255" x="101" y="1097" w="98" h="272" pX="0.510204" pY="0.915441"/>
    <sprite n="Sin-título1_0024_0024-shot.png.png" opacity ="255" x="201" y="1097" w="98" h="272" pX="0.510204" pY="0.915441"/>
    <sprite n="Sin-título1_0025_0025-shot.png.png" opacity ="255" x="301" y="1097" w="98" h="272" pX="0.510204" pY="0.915441"/>
    <sprite n="Sin-título1_0026_0026-shot.png.png" opacity ="255" x="401" y="1097" w="98" h="272" pX="0.510204" pY="0.915441"/>
</simple_particle>
</TextureAtlas>
