<?xml version="1.0" encoding="UTF-8"?>
<!-- Created with TexturePacker http://www.codeandweb.com/texturepacker-->
<!-- $TexturePacker:SmartUpdate:c828b7a33da520f14b45d776556122af:165f0308f22ad897c0c5a0c92b37f8bf:4837f42d164cafd5be7a3c6fa789d186$ -->
<!--Format:
n  => name of the sprite
x  => sprite x pos in texture
y  => sprite y pos in texture
w  => sprite width (may be trimmed)
h  => sprite height (may be trimmed)
pX => x pos of the pivot point (relative to sprite width)
pY => y pos of the pivot point (relative to sprite height)
oX => sprite's x-corner offset (only available if trimmed)
oY => sprite's y-corner offset (only available if trimmed)
oW => sprite's original width (only available if trimmed)
oH => sprite's original height (only available if trimmed)
r => 'y' only set if sprite is rotated
with polygon mode enabled:
vertices   => points in sprite coordinate system (x0,y0,x1,y1,x2,y2, ...)
verticesUV => points in sheet coordinate system (x0,y0,x1,y1,x2,y2, ...)
triangles  => sprite triangulation, 3 vertex indices per triangle
-->
<TextureAtlas imagePath="Hunter_Multi_Shot.png" width="2430" height="2212">
 
 <simple_particle particle_type="multi_shot_particle" direction="north">
<anim_data speed="100" loop="0"/>
    <sprite n="Back_0001_0001-shot.png.png" opacity="255" x="1" y="1" w="302" h="287" pX="0.5" pY="0.87108"/>
    <sprite n="Back_0002_0002-shot.png.png" opacity="255" x="1" y="1" w="302" h="287" pX="0.5" pY="0.87108"/>
    <sprite n="Back_0003_0003-shot.png.png" opacity="255" x="305" y="1" w="302" h="287" pX="0.5" pY="0.87108"/>
    <sprite n="Back_0004_0004-shot.png.png" opacity="255" x="609" y="1" w="302" h="287" pX="0.5" pY="0.87108"/>
    <sprite n="Back_0005_0005-shot.png.png" opacity="255" x="913" y="1" w="302" h="287" pX="0.5" pY="0.87108"/>
    <sprite n="Back_0006_0006-shot.png.png" opacity="255" x="1217" y="1" w="302" h="287" pX="0.5" pY="0.87108"/>
    <sprite n="Back_0007_0007-shot.png.png" opacity="255" x="1521" y="1" w="302" h="287" pX="0.5" pY="0.87108"/>
    <sprite n="Back_0008_0008-shot.png.png" opacity="255" x="1825" y="1" w="302" h="287" pX="0.5" pY="0.87108"/>
    <sprite n="Back_0009_0009-shot.png.png" opacity="255" x="1" y="290" w="302" h="287" pX="0.5" pY="0.87108"/>
    <sprite n="Back_0010_0010-shot.png.png" opacity="255" x="305" y="290" w="302" h="287" pX="0.5" pY="0.87108"/>
    <sprite n="Back_0011_0011-shot.png.png" opacity="255" x="609" y="290" w="302" h="287" pX="0.5" pY="0.87108"/>
</simple_particle>

<simple_particle particle_type="multi_shot_particle" direction="south">
<anim_data speed="100" loop="0"/>
    <sprite n="FrontalMs_0000_0001-shot.png.png" opacity="255" x="913" y="290" w="302" h="258" pX="0.5" pY="0.0232558"/>
    <sprite n="FrontalMs_0001_0002-shot.png.png" opacity="255" x="913" y="290" w="302" h="258" pX="0.5" pY="0.0232558"/>
    <sprite n="FrontalMs_0002_0003-shot.png.png" opacity="255" x="1217" y="290" w="302" h="258" pX="0.5" pY="0.0232558"/>
    <sprite n="FrontalMs_0003_0004-shot.png.png" opacity="255" x="1521" y="290" w="302" h="258" pX="0.5" pY="0.0232558"/>
    <sprite n="FrontalMs_0004_0005-shot.png.png" opacity="255" x="1825" y="290" w="302" h="258" pX="0.5" pY="0.0232558"/>
    <sprite n="FrontalMs_0005_0006-shot.png.png" opacity="255" x="1" y="579" w="302" h="258" pX="0.5" pY="0.0232558"/>
    <sprite n="FrontalMs_0006_0007-shot.png.png" opacity="255" x="305" y="579" w="302" h="258" pX="0.5" pY="0.0232558"/>
    <sprite n="FrontalMs_0007_0008-shot.png.png" opacity="255" x="609" y="579" w="302" h="258" pX="0.5" pY="0.0232558"/>
    <sprite n="FrontalMs_0008_0009-shot.png.png" opacity="255" x="913" y="579" w="302" h="258" pX="0.5" pY="0.0232558"/>
    <sprite n="FrontalMs_0009_0010-shot.png.png" opacity="255" x="1217" y="579" w="302" h="258" pX="0.5" pY="0.0232558"/>
    <sprite n="FrontalMs_0010_0011-shot.png.png" opacity="255" x="1521" y="579" w="302" h="258" pX="0.5" pY="0.0232558"/>
</simple_particle>

<simple_particle particle_type="multi_shot_particle" direction="west">
<anim_data speed="100" loop="0"/>
    <sprite n="Lat_0000_lat_0000_0001-shot.png.png.png" opacity="255" x="1825" y="579" w="484" h="172" pX="0.966942" pY="0.482558"/>
    <sprite n="Lat_0001_lat_0001_0002-shot.png.png.png" opacity="255" x="1825" y="579" w="484" h="172" pX="0.966942" pY="0.482558"/>
    <sprite n="Lat_0002_lat_0002_0003-shot.png.png.png" opacity="255" x="1" y="839" w="484" h="172" pX="0.966942" pY="0.482558"/>
    <sprite n="Lat_0003_lat_0003_0004-shot.png.png.png" opacity="255" x="487" y="839" w="484" h="172" pX="0.966942" pY="0.482558"/>
    <sprite n="Lat_0004_lat_0004_0005-shot.png.png.png" opacity="255" x="973" y="839" w="484" h="172" pX="0.966942" pY="0.482558"/>
    <sprite n="Lat_0005_lat_0005_0006-shot.png.png.png" opacity="255" x="1459" y="839" w="484" h="172" pX="0.966942" pY="0.482558"/>
    <sprite n="Lat_0006_lat_0006_0007-shot.png.png.png" opacity="255" x="1945" y="839" w="484" h="172" pX="0.966942" pY="0.482558"/>
    <sprite n="Lat_0007_lat_0007_0008-shot.png.png.png" opacity="255" x="1" y="1013" w="484" h="172" pX="0.966942" pY="0.482558"/>
    <sprite n="Lat_0008_lat_0008_0009-shot.png.png.png" opacity="255" x="487" y="1013" w="484" h="172" pX="0.966942" pY="0.482558"/>
    <sprite n="Lat_0009_lat_0009_0010-shot.png.png.png" opacity="255" x="973" y="1013" w="484" h="172" pX="0.966942" pY="0.482558"/>
    <sprite n="Lat_0010_lat_0010_0011-shot.png.png.png" opacity="255" x="1459" y="1013" w="484" h="172" pX="0.966942" pY="0.482558"/>
</simple_particle>

<simple_particle particle_type="multi_shot_particle" direction="south-west">
<anim_data speed="100" loop="0"/>
    <sprite n="Sin-título1_0001_45Front_0000_0001-shot.png.png.png" opacity="255" x="1945" y="1013" w="447" h="238" pX="0.955257" pY="0.0420168"/>
    <sprite n="Sin-título1_0002_45Front_0001_0002-shot.png.png.png" opacity="255" x="1945" y="1013" w="447" h="238" pX="0.955257" pY="0.0420168"/>
    <sprite n="Sin-título1_0003_45Front_0002_0003-shot.png.png.png" opacity="255" x="1" y="1253" w="447" h="238" pX="0.955257" pY="0.0420168"/>
    <sprite n="Sin-título1_0004_45Front_0003_0004-shot.png.png.png" opacity="255" x="450" y="1253" w="447" h="238" pX="0.955257" pY="0.0420168"/>
    <sprite n="Sin-título1_0005_45Front_0004_0005-shot.png.png.png" opacity="255" x="899" y="1253" w="447" h="238" pX="0.955257" pY="0.0420168"/>
    <sprite n="Sin-título1_0006_45Front_0005_0006-shot.png.png.png" opacity="255" x="1348" y="1253" w="447" h="238" pX="0.955257" pY="0.0420168"/>
    <sprite n="Sin-título1_0007_45Front_0006_0007-shot.png.png.png" opacity="255" x="1797" y="1253" w="447" h="238" pX="0.955257" pY="0.0420168"/>
    <sprite n="Sin-título1_0008_45Front_0007_0008-shot.png.png.png" opacity="255" x="1" y="1493" w="447" h="238" pX="0.955257" pY="0.0420168"/>
    <sprite n="Sin-título1_0009_45Front_0008_0009-shot.png.png.png" opacity="255" x="450" y="1493" w="447" h="238" pX="0.955257" pY="0.0420168"/>
    <sprite n="Sin-título1_0010_45Front_0009_0010-shot.png.png.png" opacity="255" x="899" y="1493" w="447" h="238" pX="0.955257" pY="0.0420168"/>
    <sprite n="Sin-título1_0011_45Front_0010_0011-shot.png.png.png" opacity="255" x="1348" y="1493" w="447" h="238" pX="0.955257" pY="0.0420168"/>
</simple_particle>

<simple_particle particle_type="multi_shot_particle" direction="north-west">
<anim_data speed="100" loop="0"/>
    <sprite n="Sin-título2_0000_Sin-título7_0000_0001-shot.png.png.png" opacity="255" x="1797" y="1493" w="438" h="238" pX="0.974886" pY="0.962185"/>
    <sprite n="Sin-título2_0001_Sin-título7_0001_0002-shot.png.png.png" opacity="255" x="1797" y="1493" w="438" h="238" pX="0.974886" pY="0.962185"/>
    <sprite n="Sin-título2_0002_Sin-título7_0002_0003-shot.png.png.png" opacity="255" x="1" y="1733" w="438" h="238" pX="0.974886" pY="0.962185"/>
    <sprite n="Sin-título2_0003_Sin-título7_0003_0004-shot.png.png.png" opacity="255" x="441" y="1733" w="438" h="238" pX="0.974886" pY="0.962185"/>
    <sprite n="Sin-título2_0004_Sin-título7_0004_0005-shot.png.png.png" opacity="255" x="881" y="1733" w="438" h="238" pX="0.974886" pY="0.962185"/>
    <sprite n="Sin-título2_0005_Sin-título7_0005_0006-shot.png.png.png" opacity="255" x="1321" y="1733" w="438" h="238" pX="0.974886" pY="0.962185"/>
    <sprite n="Sin-título2_0006_Sin-título7_0006_0007-shot.png.png.png" opacity="255" x="1761" y="1733" w="438" h="238" pX="0.974886" pY="0.962185"/>
    <sprite n="Sin-título2_0007_Sin-título7_0007_0008-shot.png.png.png" opacity="255" x="1" y="1973" w="438" h="238" pX="0.974886" pY="0.962185"/>
    <sprite n="Sin-título2_0008_Sin-título7_0008_0009-shot.png.png.png" opacity="255" x="441" y="1973" w="438" h="238" pX="0.974886" pY="0.962185"/>
    <sprite n="Sin-título2_0009_Sin-título7_0009_0010-shot.png.png.png" opacity="255" x="881" y="1973" w="438" h="238" pX="0.974886" pY="0.962185"/>
    <sprite n="Sin-título2_0010_Sin-título7_0011_0011-shot.png.png.png" opacity="255" x="1321" y="1973" w="438" h="238" pX="0.974886" pY="0.962185"/>
</simple_particle>
</TextureAtlas>
