<?xml version="1.0" encoding="UTF-8"?>
<!-- Created with TexturePacker http://www.codeandweb.com/texturepacker-->
<!-- $TexturePacker:SmartUpdate:7c3e4f296e5a21569c993a5f0c010e93:c0585e458850eac334f56fd45c6fc305:8de849cb623f2a5ccffa05a266819d62$ -->
<!--Format:
n  => name of the sprite
x  => sprite x pos in texture
y  => sprite y pos in texture
w  => sprite width (may be trimmed)
h  => sprite height (may be trimmed)
pX => x pos of the pivot point (relative to sprite width)
pY => y pos of the pivot point (relative to sprite height)
oX => sprite's x-corner offset (only available if trimmed)
oY => sprite's y-corner offset (only available if trimmed)
oW => sprite's original width (only available if trimmed)
oH => sprite's original height (only available if trimmed)
r => 'y' only set if sprite is rotated
with polygon mode enabled:
vertices   => points in sprite coordinate system (x0,y0,x1,y1,x2,y2, ...)
verticesUV => points in sheet coordinate system (x0,y0,x1,y1,x2,y2, ...)
triangles  => sprite triangulation, 3 vertex indices per triangle
-->
<TextureAtlas imagePath="LvlUp.png" width="702" height="702">
 <simple_particle particle_type="lvlup_particle" direction="no_direction">
    <anim_data speed="100" loop="0"/>

    <sprite n="Sin-título1_0001_0001-shot.png.png" opacity ="255" x="1" y="1" w="115" h="154" pX="0.521739" pY="0.733766"/>
    <sprite n="Sin-título1_0002_0002-shot.png.png" opacity ="255" x="1" y="1" w="115" h="154" pX="0.521739" pY="0.733766"/>
    <sprite n="Sin-título1_0003_0003-shot.png.png" opacity ="255" x="118" y="1" w="115" h="154" pX="0.521739" pY="0.733766"/>
    <sprite n="Sin-título1_0004_0004-shot.png.png" opacity ="255" x="235" y="1" w="115" h="154" pX="0.521739" pY="0.733766"/>
    <sprite n="Sin-título1_0005_0005-shot.png.png" opacity ="255" x="352" y="1" w="115" h="154" pX="0.521739" pY="0.733766"/>
    <sprite n="Sin-título1_0006_0006-shot.png.png" opacity ="255" x="469" y="1" w="115" h="154" pX="0.521739" pY="0.733766"/>
    <sprite n="Sin-título1_0007_0007-shot.png.png" opacity ="255" x="586" y="1" w="115" h="154" pX="0.521739" pY="0.733766"/>
    <sprite n="Sin-título1_0008_0008-shot.png.png" opacity ="255" x="1" y="157" w="115" h="154" pX="0.521739" pY="0.733766"/>
    <sprite n="Sin-título1_0009_0009-shot.png.png" opacity ="255" x="118" y="157" w="115" h="154" pX="0.521739" pY="0.733766"/>
    <sprite n="Sin-título1_0010_0010-shot.png.png" opacity ="255" x="235" y="157" w="115" h="154" pX="0.521739" pY="0.733766"/>
    <sprite n="Sin-título1_0011_0011-shot.png.png" opacity ="255" x="352" y="157" w="115" h="154" pX="0.521739" pY="0.733766"/>
    <sprite n="Sin-título1_0012_0012-shot.png.png" opacity ="255" x="469" y="157" w="115" h="154" pX="0.521739" pY="0.733766"/>
    <sprite n="Sin-título1_0013_0013-shot.png.png" x="586" y="157" w="115" h="154" pX="0.521739" pY="0.733766"/>
    <sprite n="Sin-título1_0014_0014-shot.png.png" opacity ="255" x="1" y="313" w="115" h="154" pX="0.521739" pY="0.733766"/>
    <sprite n="Sin-título1_0015_0015-shot.png.png" opacity ="255" x="118" y="313" w="115" h="154" pX="0.521739" pY="0.733766"/>
    <sprite n="Sin-título1_0016_0016-shot.png.png" opacity ="255" x="235" y="313" w="115" h="154" pX="0.521739" pY="0.733766"/>
    <sprite n="Sin-título1_0017_0017-shot.png.png" opacity ="255" x="352" y="313" w="115" h="154" pX="0.521739" pY="0.733766"/>
    <sprite n="Sin-título1_0018_0018-shot.png.png" opacity ="255" x="469" y="313" w="115" h="154" pX="0.521739" pY="0.733766"/>
    <sprite n="Sin-título1_0019_0019-shot.png.png" opacity ="255" x="586" y="313" w="115" h="154" pX="0.521739" pY="0.733766"/>
    <sprite n="Sin-título1_0020_0020-shot.png.png" opacity ="255" x="1" y="469" w="115" h="154" pX="0.521739" pY="0.733766"/>
    <sprite n="Sin-título1_0021_0021-shot.png.png" opacity ="255" x="118" y="469" w="115" h="154" pX="0.521739" pY="0.733766"/>
    <sprite n="Sin-título1_0022_0022-shot.png.png" opacity ="255" x="235" y="469" w="115" h="154" pX="0.521739" pY="0.733766"/>
    <sprite n="Sin-título1_0023_0023-shot.png.png" opacity ="255" x="352" y="469" w="115" h="154" pX="0.521739" pY="0.733766"/>
    <sprite n="Sin-título1_0024_0024-shot.png.png" opacity ="255" x="469" y="469" w="115" h="154" pX="0.521739" pY="0.733766"/>
</simple_particle>
</TextureAtlas>
