<?xml version="1.0" encoding="UTF-8"?>
<!-- Created with TexturePacker http://www.codeandweb.com/texturepacker-->
<!-- $TexturePacker:SmartUpdate:49860fd77cba3577c36b660878cd2aff:7876dd0b2b8a6051352470e9c5337d89:eaf7483f3c42afcfa2ebeaf222173cfa$ -->
<!--Format:
n  => name of the sprite
x  => sprite x pos in texture
y  => sprite y pos in texture
w  => sprite width (may be trimmed)
h  => sprite height (may be trimmed)
pX => x pos of the pivot point (relative to sprite width)
pY => y pos of the pivot point (relative to sprite height)
oX => sprite's x-corner offset (only available if trimmed)
oY => sprite's y-corner offset (only available if trimmed)
oW => sprite's original width (only available if trimmed)
oH => sprite's original height (only available if trimmed)
r => 'y' only set if sprite is rotated
with polygon mode enabled:
vertices   => points in sprite coordinate system (x0,y0,x1,y1,x2,y2, ...)
verticesUV => points in sheet coordinate system (x0,y0,x1,y1,x2,y2, ...)
triangles  => sprite triangulation, 3 vertex indices per triangle
-->
<TextureAtlas imagePath="One_Hit.png" width="651" height="651">
      <particle particle_type="buff_particle" actor="1" buff_type="timed" attribute_type="super_attack" draw_rate="2500" z="50">
    <anim_data speed="120" loop="0"/>

    <sprite n="Final_0000s_0000_0036-shot.png" opacity ="0" x="0" y="0" w="0" h="0" pX="0.490566" pY="0.846154"/>
    <sprite n="Final_0000s_0000_0036-shot.png" opacity ="0" x="0" y="0" w="0" h="0" pX="0.490566" pY="0.846154"/>
    <sprite n="Final_0000s_0000_0036-shot.png" opacity ="0" x="0" y="0" w="0" h="0" pX="0.490566" pY="0.846154"/>
    <sprite n="Final_0000s_0000_0036-shot.png" opacity ="255" x="56" y="1" w="53" h="91" pX="0.490566" pY="0.846154"/>
    <sprite n="Final_0000s_0001_0035-shot.png" opacity ="255" x="111" y="1" w="53" h="91" pX="0.490566" pY="0.846154"/>
    <sprite n="Final_0000s_0002_0034-shot.png" opacity ="255" x="166" y="1" w="53" h="91" pX="0.490566" pY="0.846154"/>
    <sprite n="Final_0000s_0003_0033-shot.png" opacity ="255" x="221" y="1" w="53" h="91" pX="0.490566" pY="0.846154"/>
    <sprite n="Final_0000s_0004_0032-shot.png" opacity ="255" x="276" y="1" w="53" h="91" pX="0.490566" pY="0.846154"/>
    <sprite n="Final_0000s_0005_0031-shot.png" opacity ="255" x="331" y="1" w="53" h="91" pX="0.490566" pY="0.846154"/>
    <sprite n="Final_0000s_0006_0030-shot.png" opacity ="255" x="386" y="1" w="53" h="91" pX="0.490566" pY="0.846154"/>
    <sprite n="Final_0000s_0007_0029-shot.png" opacity ="255" x="441" y="1" w="53" h="91" pX="0.490566" pY="0.846154"/>
    <sprite n="Final_0000s_0008_0028-shot.png" opacity ="255" x="496" y="1" w="53" h="91" pX="0.490566" pY="0.846154"/>
    <sprite n="Final_0000s_0009_0027-shot.png" opacity ="255" x="551" y="1" w="53" h="91" pX="0.490566" pY="0.846154"/>
    <sprite n="Final_0000s_0010_0026-shot.png" opacity ="255" x="1" y="94" w="53" h="91" pX="0.490566" pY="0.846154"/>
    <sprite n="Final_0000s_0011_0025-shot.png" opacity ="255" x="56" y="94" w="53" h="91" pX="0.490566" pY="0.846154"/>
    <sprite n="Final_0000s_0012_0024-shot.png" opacity ="255" x="111" y="94" w="53" h="91" pX="0.490566" pY="0.846154"/>
    <sprite n="Final_0000s_0013_0023-shot.png" opacity ="255" x="166" y="94" w="53" h="91" pX="0.490566" pY="0.846154"/>
    <sprite n="Final_0000s_0014_0022-shot.png" opacity ="255" x="221" y="94" w="53" h="91" pX="0.490566" pY="0.846154"/>
    <sprite n="Final_0000s_0015_0021-shot.png" opacity ="255" x="276" y="94" w="53" h="91" pX="0.490566" pY="0.846154"/>
    <sprite n="Final_0000s_0016_0020-shot.png" opacity ="255" x="331" y="94" w="53" h="91" pX="0.490566" pY="0.846154"/>
    <sprite n="Final_0000s_0017_0019-shot.png" opacity ="255" x="386" y="94" w="53" h="91" pX="0.490566" pY="0.846154"/>
    <sprite n="Final_0000s_0018_0018-shot.png" opacity ="255" x="441" y="94" w="53" h="91" pX="0.490566" pY="0.846154"/>
    <sprite n="Final_0000s_0019_0017-shot.png" opacity ="255" x="496" y="94" w="53" h="91" pX="0.490566" pY="0.846154"/>
    <sprite n="Final_0000s_0020_0016-shot.png" opacity ="255" x="551" y="94" w="53" h="91" pX="0.490566" pY="0.846154"/>
    <sprite n="Final_0000s_0021_0015-shot.png" opacity ="255" x="1" y="187" w="53" h="91" pX="0.490566" pY="0.846154"/>
    <sprite n="Final_0000s_0022_0014-shot.png" opacity ="255" x="56" y="187" w="53" h="91" pX="0.490566" pY="0.846154"/>
    <sprite n="Final_0000s_0023_0013-shot.png" opacity ="255" x="111" y="187" w="53" h="91" pX="0.490566" pY="0.846154"/>
    <sprite n="Final_0000s_0024_0012-shot.png" opacity ="255" x="166" y="187" w="53" h="91" pX="0.490566" pY="0.846154"/>
    <sprite n="Final_0000s_0025_0011-shot.png" opacity ="255" x="221" y="187" w="53" h="91" pX="0.490566" pY="0.846154"/>
    <sprite n="Final_0000s_0026_0010-shot.png" opacity ="255" x="276" y="187" w="53" h="91" pX="0.490566" pY="0.846154"/>
    <sprite n="Final_0000s_0027_0009-shot.png" opacity ="255" x="331" y="187" w="53" h="91" pX="0.490566" pY="0.846154"/>
    <sprite n="Final_0000s_0028_0008-shot.png" opacity ="255" x="386" y="187" w="53" h="91" pX="0.490566" pY="0.846154"/>
    <sprite n="Final_0000s_0029_0007-shot.png" opacity ="255" x="441" y="187" w="53" h="91" pX="0.490566" pY="0.846154"/>
    <sprite n="Final_0000s_0030_0006-shot.png" opacity ="255" x="496" y="187" w="53" h="91" pX="0.490566" pY="0.846154"/>
    <sprite n="Final_0000s_0031_0005-shot.png" opacity ="255" x="551" y="187" w="53" h="91" pX="0.490566" pY="0.846154"/>
      </particle>

    <simple_particle particle_type="one_hit_particle" direction="no_direction" z="-50">

    <anim_data speed="120" loop="0"/>
    <sprite n="Final_0001s_0000_0001-shot.png.png" opacity ="255" x="1" y="280" w="53" h="91" pX="0.490566" pY="0.846154"/>
    <sprite n="Final_0001s_0001_0002-shot.png.png" opacity ="255" x="1" y="280" w="53" h="91" pX="0.490566" pY="0.846154"/>
    <sprite n="Final_0001s_0002_0003-shot.png.png" opacity ="255" x="56" y="280" w="53" h="91" pX="0.490566" pY="0.846154"/>
    <sprite n="Final_0001s_0003_0004-shot.png.png" opacity ="255" x="111" y="280" w="53" h="91" pX="0.490566" pY="0.846154"/>
    <sprite n="Final_0001s_0004_0005-shot.png.png" opacity ="255" x="166" y="280" w="53" h="91" pX="0.490566" pY="0.846154"/>
    <sprite n="Final_0001s_0005_0006-shot.png.png" opacity ="255" x="221" y="280" w="53" h="91" pX="0.490566" pY="0.846154"/>
    <sprite n="Final_0001s_0006_0007-shot.png.png" opacity ="255" x="276" y="280" w="53" h="91" pX="0.490566" pY="0.846154"/>
    <sprite n="Final_0001s_0007_0008-shot.png.png" opacity ="255" x="331" y="280" w="53" h="91" pX="0.490566" pY="0.846154"/>
    <sprite n="Final_0001s_0008_0009-shot.png.png" opacity ="255" x="386" y="280" w="53" h="91" pX="0.490566" pY="0.846154"/>
    <sprite n="Final_0001s_0009_0010-shot.png.png" opacity ="255" x="441" y="280" w="53" h="91" pX="0.490566" pY="0.846154"/>
    <sprite n="Final_0001s_0010_0011-shot.png.png" opacity ="255" x="496" y="280" w="53" h="91" pX="0.490566" pY="0.846154"/>
    <sprite n="Final_0001s_0011_0012-shot.png.png" opacity ="255" x="551" y="280" w="53" h="91" pX="0.490566" pY="0.846154"/>
    <sprite n="Final_0001s_0012_0013-shot.png.png" opacity ="255" x="1" y="373" w="53" h="91" pX="0.490566" pY="0.846154"/>
    <sprite n="Final_0001s_0013_0014-shot.png.png" opacity ="255" x="56" y="373" w="53" h="91" pX="0.490566" pY="0.846154"/>
    <sprite n="Final_0001s_0014_0015-shot.png.png" opacity ="255" x="111" y="373" w="53" h="91" pX="0.490566" pY="0.846154"/>
    <sprite n="Final_0001s_0015_0016-shot.png.png" opacity ="255" x="166" y="373" w="53" h="91" pX="0.490566" pY="0.846154"/>
    <sprite n="Final_0001s_0016_0017-shot.png.png" opacity ="255" x="221" y="373" w="53" h="91" pX="0.490566" pY="0.846154"/>
    <sprite n="Final_0001s_0017_0018-shot.png.png" opacity ="255" x="276" y="373" w="53" h="91" pX="0.490566" pY="0.846154"/>
    <sprite n="Final_0001s_0018_0019-shot.png.png" opacity ="255" x="331" y="373" w="53" h="91" pX="0.490566" pY="0.846154"/>
    <sprite n="Final_0001s_0019_0020-shot.png.png" opacity ="255" x="386" y="373" w="53" h="91" pX="0.490566" pY="0.846154"/>
    <sprite n="Final_0001s_0020_0021-shot.png.png" opacity ="255" x="441" y="373" w="53" h="91" pX="0.490566" pY="0.846154"/>
    <sprite n="Final_0001s_0021_0022-shot.png.png" opacity ="255" x="496" y="373" w="53" h="91" pX="0.490566" pY="0.846154"/>
    <sprite n="Final_0001s_0022_0023-shot.png.png" opacity ="255" x="551" y="373" w="53" h="91" pX="0.490566" pY="0.846154"/>
    <sprite n="Final_0001s_0023_0024-shot.png.png" opacity ="255" x="1" y="466" w="53" h="91" pX="0.490566" pY="0.846154"/>
    <sprite n="Final_0001s_0024_0025-shot.png.png" opacity ="255" x="56" y="466" w="53" h="91" pX="0.490566" pY="0.846154"/>
    <sprite n="Final_0001s_0025_0026-shot.png.png" opacity ="255" x="111" y="466" w="53" h="91" pX="0.490566" pY="0.846154"/>
    <sprite n="Final_0001s_0026_0027-shot.png.png" opacity ="255" x="166" y="466" w="53" h="91" pX="0.490566" pY="0.846154"/>
    <sprite n="Final_0001s_0027_0028-shot.png.png" opacity ="255" x="221" y="466" w="53" h="91" pX="0.490566" pY="0.846154"/>
    <sprite n="Final_0001s_0028_0029-shot.png.png" opacity ="255" x="276" y="466" w="53" h="91" pX="0.490566" pY="0.846154"/>
    <sprite n="Final_0001s_0029_0030-shot.png.png" opacity ="255" x="331" y="466" w="53" h="91" pX="0.490566" pY="0.846154"/>
    <sprite n="Final_0001s_0030_0031-shot.png.png" opacity ="255" x="386" y="466" w="53" h="91" pX="0.490566" pY="0.846154"/>
    <sprite n="Final_0001s_0031_0032-shot.png.png" opacity ="255" x="441" y="466" w="53" h="91" pX="0.490566" pY="0.846154"/>
    <sprite n="Final_0001s_0032_0033-shot.png.png" opacity ="255" x="496" y="466" w="53" h="91" pX="0.490566" pY="0.846154"/>
    <sprite n="Final_0001s_0033_0034-shot.png.png" opacity ="255" x="551" y="466" w="53" h="91" pX="0.490566" pY="0.846154"/>
    <sprite n="Final_0001s_0034_0035-shot.png.png" opacity ="255" x="1" y="559" w="53" h="91" pX="0.490566" pY="0.846154"/>
    <sprite n="Final_0001s_0035_0036-shot.png.png" opacity ="255" x="56" y="559" w="53" h="91" pX="0.490566" pY="0.846154"/>
      </simple_particle>

</TextureAtlas>
