<?xml version="1.0" encoding="UTF-8"?>
<!-- Created with TexturePacker http://www.codeandweb.com/texturepacker-->
<!-- $TexturePacker:SmartUpdate:0966397fffd92bb071b69a0d2bb7fb0c:1476f42f5eaba6a8143c092004f29ef7:a014e7408aeff2c6c18803af9a54ce63$ -->
<!--Format:
n  => name of the sprite
x  => sprite x pos in texture
y  => sprite y pos in texture
w  => sprite width (may be trimmed)
h  => sprite height (may be trimmed)
pX => x pos of the pivot point (relative to sprite width)
pY => y pos of the pivot point (relative to sprite height)
oX => sprite's x-corner offset (only available if trimmed)
oY => sprite's y-corner offset (only available if trimmed)
oW => sprite's original width (only available if trimmed)
oH => sprite's original height (only available if trimmed)
r => 'y' only set if sprite is rotated
with polygon mode enabled:
vertices   => points in sprite coordinate system (x0,y0,x1,y1,x2,y2, ...)
verticesUV => points in sheet coordinate system (x0,y0,x1,y1,x2,y2, ...)
triangles  => sprite triangulation, 3 vertex indices per triangle
-->
<TextureAtlas imagePath="RadiusHit.png" width="438" height="215">
  <simple_particle particle_type="radius_hit_small_particle" direction="no_direction" z="-200">
    <anim_data speed="50" loop="1"/>
    <sprite n="RadiusHitSmall.png" opacity="255" x="1" y="1" w="40" h="22" pX="0.5" pY="0.5"/>
  </simple_particle>
  <simple_particle particle_type="radius_hit_big_particle" direction="no_direction" z="-200">
    <anim_data speed="50" loop="1"/>
  <sprite n="RadiusofHit.png" opacity="255" x="43" y="1" w="260" h="140" pX="0.5" pY="0.5"/>
  </simple_particle>
</TextureAtlas>
