<?xml version="1.0" encoding="UTF-8"?>
<!-- Created with TexturePacker http://www.codeandweb.com/texturepacker-->
<!-- $TexturePacker:SmartUpdate:2ac725d6e488f2b9de43ed32c950ed63:75da52bcfb2717703fe7804184ea67e0:ea757f83f784623c2619da57817ef975$ -->
<!--Format:
n  => name of the sprite
x  => sprite x pos in texture
y  => sprite y pos in texture
w  => sprite width (may be trimmed)
h  => sprite height (may be trimmed)
pX => x pos of the pivot point (relative to sprite width)
pY => y pos of the pivot point (relative to sprite height)
oX => sprite's x-corner offset (only available if trimmed)
oY => sprite's y-corner offset (only available if trimmed)
oW => sprite's original width (only available if trimmed)
oH => sprite's original height (only available if trimmed)
r => 'y' only set if sprite is rotated
with polygon mode enabled:
vertices   => points in sprite coordinate system (x0,y0,x1,y1,x2,y2, ...)
verticesUV => points in sheet coordinate system (x0,y0,x1,y1,x2,y2, ...)
triangles  => sprite triangulation, 3 vertex indices per triangle
-->
<TextureAtlas imagePath="Slash_Effect.png" width="2048" height="1662">

<simple_particle particle_type="slash_particle" direction="north-west">
    <anim_data speed="20" loop="0"/>
    <sprite n="North-West_0001_0007-shot.png.png" opacity ="255" x="1" y="1" w="172" h="126" pX="0.755814" pY="0.777778"/>
    <sprite n="North-West_0002_0008-shot.png.png" opacity ="255" x="175" y="1" w="172" h="126" pX="0.755814" pY="0.777778"/>
    <sprite n="North-West_0003_0009-shot.png.png" opacity ="255" x="349" y="1" w="172" h="126" pX="0.755814" pY="0.777778"/>
    <sprite n="North-West_0004_0010-shot.png.png" opacity ="255" x="523" y="1" w="172" h="126" pX="0.755814" pY="0.777778"/>
    <sprite n="North-West_0005_0011-shot.png.png" opacity ="255" x="697" y="1" w="172" h="126" pX="0.755814" pY="0.777778"/>
    <sprite n="North-West_0006_0012-shot.png.png" opacity ="255" x="871" y="1" w="172" h="126" pX="0.755814" pY="0.777778"/>
    <sprite n="North-West_0007_0013-shot.png.png" opacity ="255" x="1045" y="1" w="172" h="126" pX="0.755814" pY="0.777778"/>
    <sprite n="North-West_0008_0014-shot.png.png" opacity ="255" x="1219" y="1" w="172" h="126" pX="0.755814" pY="0.777778"/>
    <sprite n="North-West_0009_0015-shot.png.png" opacity ="255" x="1393" y="1" w="172" h="126" pX="0.755814" pY="0.777778"/>
    <sprite n="North-West_0010_0016-shot.png.png" opacity ="255" x="1567" y="1" w="172" h="126" pX="0.755814" pY="0.777778"/>
    <sprite n="North-West_0011_0017-shot.png.png" opacity ="255" x="1741" y="1" w="172" h="126" pX="0.755814" pY="0.777778"/>
    <sprite n="North-West_0012_0018-shot.png.png" opacity ="255" x="1" y="129" w="172" h="126" pX="0.755814" pY="0.777778"/>
    <sprite n="North-West_0013_0019-shot.png.png" opacity ="255" x="175" y="129" w="172" h="126" pX="0.755814" pY="0.777778"/>
    <sprite n="North-West_0014_0020-shot.png.png" opacity ="255" x="349" y="129" w="172" h="126" pX="0.755814" pY="0.777778"/>
    <sprite n="North-West_0015_0021-shot.png.png" opacity ="255" x="523" y="129" w="172" h="126" pX="0.755814" pY="0.777778"/>
    <sprite n="North-West_0016_0022-shot.png.png" opacity ="255" x="697" y="129" w="172" h="126" pX="0.755814" pY="0.777778"/>
    <sprite n="North-West_0017_0023-shot.png.png" opacity ="255" x="871" y="129" w="172" h="126" pX="0.755814" pY="0.777778"/>
    <sprite n="North-West_0018_0024-shot.png.png" opacity ="255" x="1045" y="129" w="172" h="126" pX="0.755814" pY="0.777778"/>
    <sprite n="North-West_0019_0025-shot.png.png" opacity ="255" x="1219" y="129" w="172" h="126" pX="0.755814" pY="0.777778"/>
    <sprite n="North-West_0020_0026-shot.png.png" opacity ="255" x="1393" y="129" w="172" h="126" pX="0.755814" pY="0.777778"/>
    <sprite n="North-West_0021_0027-shot.png.png" opacity ="255" x="1567" y="129" w="172" h="126" pX="0.755814" pY="0.777778"/>
    <sprite n="North-West_0022_0028-shot.png.png" opacity ="255" x="1741" y="129" w="172" h="126" pX="0.755814" pY="0.777778"/>
    <sprite n="North-West_0023_0029-shot.png.png" opacity ="255" x="1" y="257" w="172" h="126" pX="0.755814" pY="0.777778"/>
    <sprite n="North-West_0024_0030-shot.png.png" opacity ="255" x="175" y="257" w="172" h="126" pX="0.755814" pY="0.777778"/>
    <sprite n="North-West_0025_0031-shot.png.png" opacity ="255" x="349" y="257" w="172" h="126" pX="0.755814" pY="0.777778"/>
    <sprite n="North-West_0026_0032-shot.png.png" opacity ="255" x="523" y="257" w="172" h="126" pX="0.755814" pY="0.777778"/>
    <sprite n="North-West_0027_0033-shot.png.png" opacity ="255" x="697" y="257" w="172" h="126" pX="0.755814" pY="0.777778"/>
    <sprite n="North-West_0028_0034-shot.png.png" opacity ="255" x="871" y="257" w="172" h="126" pX="0.755814" pY="0.777778"/>
    <sprite n="North-West_0029_0035-shot.png.png" opacity ="255" x="1045" y="257" w="172" h="126" pX="0.755814" pY="0.777778"/>
</simple_particle>

<simple_particle particle_type="slash_particle" direction="north">
    <anim_data speed="20" loop="0"/>
    <sprite n="North_0001_0007-shot.png.png" opacity ="255" x="1219" y="257" w="164" h="122" pX="0.426829" pY="0.754098"/>
    <sprite n="North_0002_0008-shot.png.png" opacity ="255" x="1385" y="257" w="164" h="122" pX="0.426829" pY="0.754098"/>
    <sprite n="North_0003_0009-shot.png.png" opacity ="255" x="1551" y="257" w="164" h="122" pX="0.426829" pY="0.754098"/>
    <sprite n="North_0004_0010-shot.png.png" opacity ="255" x="1717" y="257" w="164" h="122" pX="0.426829" pY="0.754098"/>
    <sprite n="North_0005_0011-shot.png.png" opacity ="255" x="1883" y="257" w="164" h="122" pX="0.426829" pY="0.754098"/>
    <sprite n="North_0006_0012-shot.png.png" opacity ="255" x="1" y="385" w="164" h="122" pX="0.426829" pY="0.754098"/>
    <sprite n="North_0007_0013-shot.png.png" opacity ="255" x="167" y="385" w="164" h="122" pX="0.426829" pY="0.754098"/>
    <sprite n="North_0008_0014-shot.png.png" opacity ="255" x="333" y="385" w="164" h="122" pX="0.426829" pY="0.754098"/>
    <sprite n="North_0009_0015-shot.png.png" opacity ="255" x="499" y="385" w="164" h="122" pX="0.426829" pY="0.754098"/>
    <sprite n="North_0010_0016-shot.png.png" opacity ="255" x="665" y="385" w="164" h="122" pX="0.426829" pY="0.754098"/>
    <sprite n="North_0011_0017-shot.png.png" opacity ="255" x="831" y="385" w="164" h="122" pX="0.426829" pY="0.754098"/>
    <sprite n="North_0012_0018-shot.png.png" opacity ="255" x="997" y="385" w="164" h="122" pX="0.426829" pY="0.754098"/>
    <sprite n="North_0013_0019-shot.png.png" opacity ="255" x="1163" y="385" w="164" h="122" pX="0.426829" pY="0.754098"/>
    <sprite n="North_0014_0020-shot.png.png" opacity ="255" x="1329" y="385" w="164" h="122" pX="0.426829" pY="0.754098"/>
    <sprite n="North_0015_0021-shot.png.png" opacity ="255" x="1495" y="385" w="164" h="122" pX="0.426829" pY="0.754098"/>
    <sprite n="North_0016_0022-shot.png.png" opacity ="255" x="1661" y="385" w="164" h="122" pX="0.426829" pY="0.754098"/>
    <sprite n="North_0017_0023-shot.png.png" opacity ="255" x="1827" y="385" w="164" h="122" pX="0.426829" pY="0.754098"/>
    <sprite n="North_0018_0024-shot.png.png" opacity ="255" x="1" y="509" w="164" h="122" pX="0.426829" pY="0.754098"/>
    <sprite n="North_0019_0025-shot.png.png" opacity ="255" x="167" y="509" w="164" h="122" pX="0.426829" pY="0.754098"/>
    <sprite n="North_0020_0026-shot.png.png" opacity ="255" x="333" y="509" w="164" h="122" pX="0.426829" pY="0.754098"/>
    <sprite n="North_0021_0027-shot.png.png" opacity ="255" x="499" y="509" w="164" h="122" pX="0.426829" pY="0.754098"/>
    <sprite n="North_0022_0028-shot.png.png" opacity ="255" x="665" y="509" w="164" h="122" pX="0.426829" pY="0.754098"/>
    <sprite n="North_0023_0029-shot.png.png" opacity ="255" x="831" y="509" w="164" h="122" pX="0.426829" pY="0.754098"/>
    <sprite n="North_0024_0030-shot.png.png" opacity ="255" x="997" y="509" w="164" h="122" pX="0.426829" pY="0.754098"/>
    <sprite n="North_0025_0031-shot.png.png" opacity ="255" x="1163" y="509" w="164" h="122" pX="0.426829" pY="0.754098"/>
    <sprite n="North_0026_0032-shot.png.png" opacity ="255" x="1329" y="509" w="164" h="122" pX="0.426829" pY="0.754098"/>
    <sprite n="North_0027_0033-shot.png.png" opacity ="255" x="1495" y="509" w="164" h="122" pX="0.426829" pY="0.754098"/>
    <sprite n="North_0028_0034-shot.png.png" opacity ="255" x="1661" y="509" w="164" h="122" pX="0.426829" pY="0.754098"/>
    <sprite n="North_0029_0035-shot.png.png" opacity ="255" x="1827" y="509" w="164" h="122" pX="0.426829" pY="0.754098"/>
</simple_particle>

<simple_particle particle_type="slash_particle" direction="south-west">
    <anim_data speed="20" loop="0"/>
    <sprite n="south-west_0001_0007-shot.png.png" opacity ="255" x="1" y="633" w="230" h="94" pX="0.778261" pY="0.191489"/>
    <sprite n="south-west_0002_0008-shot.png.png" opacity ="255" x="233" y="633" w="230" h="94" pX="0.778261" pY="0.191489"/>
    <sprite n="south-west_0003_0009-shot.png.png" opacity ="255" x="465" y="633" w="230" h="94" pX="0.778261" pY="0.191489"/>
    <sprite n="south-west_0004_0010-shot.png.png" opacity ="255" x="697" y="633" w="230" h="94" pX="0.778261" pY="0.191489"/>
    <sprite n="south-west_0005_0011-shot.png.png" opacity ="255" x="929" y="633" w="230" h="94" pX="0.778261" pY="0.191489"/>
    <sprite n="south-west_0006_0012-shot.png.png" opacity ="255" x="1161" y="633" w="230" h="94" pX="0.778261" pY="0.191489"/>
    <sprite n="south-west_0007_0013-shot.png.png" opacity ="255" x="1393" y="633" w="230" h="94" pX="0.778261" pY="0.191489"/>
    <sprite n="south-west_0008_0014-shot.png.png" opacity ="255" x="1625" y="633" w="230" h="94" pX="0.778261" pY="0.191489"/>
    <sprite n="south-west_0009_0015-shot.png.png" opacity ="255" x="1" y="729" w="230" h="94" pX="0.778261" pY="0.191489"/>
    <sprite n="south-west_0010_0016-shot.png.png" opacity ="255" x="233" y="729" w="230" h="94" pX="0.778261" pY="0.191489"/>
    <sprite n="south-west_0011_0017-shot.png.png" opacity ="255" x="465" y="729" w="230" h="94" pX="0.778261" pY="0.191489"/>
    <sprite n="south-west_0012_0018-shot.png.png" opacity ="255" x="697" y="729" w="230" h="94" pX="0.778261" pY="0.191489"/>
    <sprite n="south-west_0013_0019-shot.png.png" opacity ="255" x="929" y="729" w="230" h="94" pX="0.778261" pY="0.191489"/>
    <sprite n="south-west_0014_0020-shot.png.png" opacity ="255" x="1161" y="729" w="230" h="94" pX="0.778261" pY="0.191489"/>
    <sprite n="south-west_0015_0021-shot.png.png" opacity ="255" x="1393" y="729" w="230" h="94" pX="0.778261" pY="0.191489"/>
    <sprite n="south-west_0016_0022-shot.png.png" opacity ="255" x="1625" y="729" w="230" h="94" pX="0.778261" pY="0.191489"/>
    <sprite n="south-west_0017_0023-shot.png.png" opacity ="255" x="1" y="825" w="230" h="94" pX="0.778261" pY="0.191489"/>
    <sprite n="south-west_0018_0024-shot.png.png" opacity ="255" x="233" y="825" w="230" h="94" pX="0.778261" pY="0.191489"/>
    <sprite n="south-west_0019_0025-shot.png.png" opacity ="255" x="465" y="825" w="230" h="94" pX="0.778261" pY="0.191489"/>
    <sprite n="south-west_0020_0026-shot.png.png" opacity ="255" x="697" y="825" w="230" h="94" pX="0.778261" pY="0.191489"/>
    <sprite n="south-west_0021_0027-shot.png.png" opacity ="255" x="929" y="825" w="230" h="94" pX="0.778261" pY="0.191489"/>
    <sprite n="south-west_0022_0028-shot.png.png" opacity ="255" x="1161" y="825" w="230" h="94" pX="0.778261" pY="0.191489"/>
    <sprite n="south-west_0023_0029-shot.png.png" opacity ="255" x="1393" y="825" w="230" h="94" pX="0.778261" pY="0.191489"/>
    <sprite n="south-west_0024_0030-shot.png.png" opacity ="255" x="1625" y="825" w="230" h="94" pX="0.778261" pY="0.191489"/>
    <sprite n="south-west_0025_0031-shot.png.png" opacity ="255" x="1" y="921" w="230" h="94" pX="0.778261" pY="0.191489"/>
    <sprite n="south-west_0026_0032-shot.png.png" opacity ="255" x="233" y="921" w="230" h="94" pX="0.778261" pY="0.191489"/>
    <sprite n="south-west_0027_0033-shot.png.png" opacity ="255" x="465" y="921" w="230" h="94" pX="0.778261" pY="0.191489"/>
    <sprite n="south-west_0028_0034-shot.png.png" opacity ="255" x="697" y="921" w="230" h="94" pX="0.778261" pY="0.191489"/>
    <sprite n="south-west_0029_0035-shot.png.png" opacity ="255" x="929" y="921" w="230" h="94" pX="0.778261" pY="0.191489"/>
</simple_particle>

<simple_particle particle_type="slash_particle" direction="south">
    <anim_data speed="20" loop="0"/>

    <sprite n="south_0001_0007-shot.png.png" opacity ="255" x="1161" y="921" w="161" h="116" pX="0.590062" pY="0.0775862"/>
    <sprite n="south_0002_0008-shot.png.png" opacity ="255" x="1324" y="921" w="161" h="116" pX="0.590062" pY="0.0775862"/>
    <sprite n="south_0003_0009-shot.png.png" opacity ="255" x="1487" y="921" w="161" h="116" pX="0.590062" pY="0.0775862"/>
    <sprite n="south_0004_0010-shot.png.png" opacity ="255" x="1650" y="921" w="161" h="116" pX="0.590062" pY="0.0775862"/>
    <sprite n="south_0005_0011-shot.png.png" opacity ="255" x="1813" y="921" w="161" h="116" pX="0.590062" pY="0.0775862"/>
    <sprite n="south_0006_0012-shot.png.png" opacity ="255" x="1" y="1039" w="161" h="116" pX="0.590062" pY="0.0775862"/>
    <sprite n="south_0007_0013-shot.png.png" opacity ="255" x="164" y="1039" w="161" h="116" pX="0.590062" pY="0.0775862"/>
    <sprite n="south_0008_0014-shot.png.png" opacity ="255" x="327" y="1039" w="161" h="116" pX="0.590062" pY="0.0775862"/>
    <sprite n="south_0009_0015-shot.png.png" opacity ="255" x="490" y="1039" w="161" h="116" pX="0.590062" pY="0.0775862"/>
    <sprite n="south_0010_0016-shot.png.png" opacity ="255" x="653" y="1039" w="161" h="116" pX="0.590062" pY="0.0775862"/>
    <sprite n="south_0011_0017-shot.png.png" opacity ="255" x="816" y="1039" w="161" h="116" pX="0.590062" pY="0.0775862"/>
    <sprite n="south_0012_0018-shot.png.png" opacity ="255" x="979" y="1039" w="161" h="116" pX="0.590062" pY="0.0775862"/>
    <sprite n="south_0013_0019-shot.png.png" opacity ="255" x="1142" y="1039" w="161" h="116" pX="0.590062" pY="0.0775862"/>
    <sprite n="south_0014_0020-shot.png.png" opacity ="255" x="1305" y="1039" w="161" h="116" pX="0.590062" pY="0.0775862"/>
    <sprite n="south_0015_0021-shot.png.png" opacity ="255" x="1468" y="1039" w="161" h="116" pX="0.590062" pY="0.0775862"/>
    <sprite n="south_0016_0022-shot.png.png" opacity ="255" x="1631" y="1039" w="161" h="116" pX="0.590062" pY="0.0775862"/>
    <sprite n="south_0017_0023-shot.png.png" opacity ="255" x="1794" y="1039" w="161" h="116" pX="0.590062" pY="0.0775862"/>
    <sprite n="south_0018_0024-shot.png.png" opacity ="255" x="1" y="1157" w="161" h="116" pX="0.590062" pY="0.0775862"/>
    <sprite n="south_0019_0025-shot.png.png" opacity ="255" x="164" y="1157" w="161" h="116" pX="0.590062" pY="0.0775862"/>
    <sprite n="south_0020_0026-shot.png.png" opacity ="255" x="327" y="1157" w="161" h="116" pX="0.590062" pY="0.0775862"/>
    <sprite n="south_0021_0027-shot.png.png" opacity ="255" x="490" y="1157" w="161" h="116" pX="0.590062" pY="0.0775862"/>
    <sprite n="south_0022_0028-shot.png.png" opacity ="255" x="653" y="1157" w="161" h="116" pX="0.590062" pY="0.0775862"/>
    <sprite n="south_0023_0029-shot.png.png" opacity ="255" x="816" y="1157" w="161" h="116" pX="0.590062" pY="0.0775862"/>
    <sprite n="south_0024_0030-shot.png.png" opacity ="255" x="979" y="1157" w="161" h="116" pX="0.590062" pY="0.0775862"/>
    <sprite n="south_0025_0031-shot.png.png" opacity ="255" x="1142" y="1157" w="161" h="116" pX="0.590062" pY="0.0775862"/>
    <sprite n="south_0026_0032-shot.png.png" opacity ="255" x="1305" y="1157" w="161" h="116" pX="0.590062" pY="0.0775862"/>
    <sprite n="south_0027_0033-shot.png.png" opacity ="255" x="1468" y="1157" w="161" h="116" pX="0.590062" pY="0.0775862"/>
    <sprite n="south_0028_0034-shot.png.png" opacity ="255" x="1631" y="1157" w="161" h="116" pX="0.590062" pY="0.0775862"/>
    <sprite n="south_0029_0035-shot.png.png" opacity ="255" x="1794" y="1157" w="161" h="116" pX="0.590062" pY="0.0775862"/>
</simple_particle>

<simple_particle particle_type="slash_particle" direction="west">
    <anim_data speed="20" loop="0"/>

    <sprite n="West_0001_0007-shot.png.png" opacity ="255" x="1" y="1275" w="212" h="95" pX="0.834906" pY="0.505263"/>
    <sprite n="West_0002_0008-shot.png.png" opacity ="255" x="215" y="1275" w="212" h="95" pX="0.834906" pY="0.505263"/>
    <sprite n="West_0003_0009-shot.png.png" opacity ="255" x="429" y="1275" w="212" h="95" pX="0.834906" pY="0.505263"/>
    <sprite n="West_0004_0010-shot.png.png" opacity ="255" x="643" y="1275" w="212" h="95" pX="0.834906" pY="0.505263"/>
    <sprite n="West_0005_0011-shot.png.png" opacity ="255" x="857" y="1275" w="212" h="95" pX="0.834906" pY="0.505263"/>
    <sprite n="West_0006_0012-shot.png.png" opacity ="255" x="1071" y="1275" w="212" h="95" pX="0.834906" pY="0.505263"/>
    <sprite n="West_0007_0013-shot.png.png" opacity ="255" x="1285" y="1275" w="212" h="95" pX="0.834906" pY="0.505263"/>
    <sprite n="West_0008_0014-shot.png.png" opacity ="255" x="1499" y="1275" w="212" h="95" pX="0.834906" pY="0.505263"/>
    <sprite n="West_0009_0015-shot.png.png" opacity ="255" x="1713" y="1275" w="212" h="95" pX="0.834906" pY="0.505263"/>
    <sprite n="West_0010_0016-shot.png.png" opacity ="255" x="1" y="1372" w="212" h="95" pX="0.834906" pY="0.505263"/>
    <sprite n="West_0011_0017-shot.png.png" opacity ="255" x="215" y="1372" w="212" h="95" pX="0.834906" pY="0.505263"/>
    <sprite n="West_0012_0018-shot.png.png" opacity ="255" x="429" y="1372" w="212" h="95" pX="0.834906" pY="0.505263"/>
    <sprite n="West_0013_0019-shot.png.png" opacity ="255" x="643" y="1372" w="212" h="95" pX="0.834906" pY="0.505263"/>
    <sprite n="West_0014_0020-shot.png.png" opacity ="255" x="857" y="1372" w="212" h="95" pX="0.834906" pY="0.505263"/>
    <sprite n="West_0015_0021-shot.png.png" opacity ="255" x="1071" y="1372" w="212" h="95" pX="0.834906" pY="0.505263"/>
    <sprite n="West_0016_0022-shot.png.png" opacity ="255" x="1285" y="1372" w="212" h="95" pX="0.834906" pY="0.505263"/>
    <sprite n="West_0017_0023-shot.png.png" opacity ="255" x="1499" y="1372" w="212" h="95" pX="0.834906" pY="0.505263"/>
    <sprite n="West_0018_0024-shot.png.png" opacity ="255" x="1713" y="1372" w="212" h="95" pX="0.834906" pY="0.505263"/>
    <sprite n="West_0019_0025-shot.png.png" opacity ="255" x="1" y="1469" w="212" h="95" pX="0.834906" pY="0.505263"/>
    <sprite n="West_0020_0026-shot.png.png" opacity ="255" x="215" y="1469" w="212" h="95" pX="0.834906" pY="0.505263"/>
    <sprite n="West_0021_0027-shot.png.png" opacity ="255" x="429" y="1469" w="212" h="95" pX="0.834906" pY="0.505263"/>
    <sprite n="West_0022_0028-shot.png.png" opacity ="255" x="643" y="1469" w="212" h="95" pX="0.834906" pY="0.505263"/>
    <sprite n="West_0023_0029-shot.png.png" opacity ="255" x="857" y="1469" w="212" h="95" pX="0.834906" pY="0.505263"/>
    <sprite n="West_0024_0030-shot.png.png" opacity ="255" x="1071" y="1469" w="212" h="95" pX="0.834906" pY="0.505263"/>
    <sprite n="West_0025_0031-shot.png.png" opacity ="255" x="1285" y="1469" w="212" h="95" pX="0.834906" pY="0.505263"/>
    <sprite n="West_0026_0032-shot.png.png" opacity ="255" x="1499" y="1469" w="212" h="95" pX="0.834906" pY="0.505263"/>
    <sprite n="West_0027_0033-shot.png.png" opacity ="255" x="1713" y="1469" w="212" h="95" pX="0.834906" pY="0.505263"/>
    <sprite n="West_0028_0034-shot.png.png" opacity ="255" x="1" y="1566" w="212" h="95" pX="0.834906" pY="0.505263"/>
    <sprite n="West_0029_0035-shot.png.png" opacity ="255" x="215" y="1566" w="212" h="95" pX="0.834906" pY="0.505263"/>
</simple_particle>
</TextureAtlas>
