<?xml version="1.0" encoding="UTF-8"?>
<!-- Created with TexturePacker http://www.codeandweb.com/texturepacker-->
<!-- $TexturePacker:SmartUpdate:1528c24ef855c68529aec1958f7c87c3:2ce51e8ef3e4b3b29d9c5cdea534df59:19a00fe3301abd03e416453f0518db63$ -->
<!--Format:
n  => name of the sprite
x  => sprite x pos in texture
y  => sprite y pos in texture
w  => sprite width (may be trimmed)
h  => sprite height (may be trimmed)
pX => x pos of the pivot point (relative to sprite width)
pY => y pos of the pivot point (relative to sprite height)
oX => sprite's x-corner offset (only available if trimmed)
oY => sprite's y-corner offset (only available if trimmed)
oW => sprite's original width (only available if trimmed)
oH => sprite's original height (only available if trimmed)
r => 'y' only set if sprite is rotated
with polygon mode enabled:
vertices   => points in sprite coordinate system (x0,y0,x1,y1,x2,y2, ...)
verticesUV => points in sheet coordinate system (x0,y0,x1,y1,x2,y2, ...)
triangles  => sprite triangulation, 3 vertex indices per triangle
-->
<TextureAtlas imagePath="Stun_Effect.png" width="1944" height="1625">

  <simple_particle particle_type="stun_particle" direction="north-west">
    <anim_data speed="100" loop="0"/>

    <sprite n="North-West_0001_0005-shot.png.png" opacity ="255" x="1" y="1" w="214" h="150" pX="0.966755" pY="1"/>
    <sprite n="North-West_0002_0006-shot.png.png" opacity ="255" x="217" y="1" w="214" h="150" pX="0.966755" pY="1"/>
    <sprite n="North-West_0003_0007-shot.png.png" opacity ="255" x="433" y="1" w="214" h="150" pX="0.966755" pY="1"/>
    <sprite n="North-West_0004_0008-shot.png.png" opacity ="255" x="649" y="1" w="214" h="150" pX="0.966755" pY="1"/>
    <sprite n="North-West_0005_0009-shot.png.png" opacity ="255" x="865" y="1" w="214" h="150" pX="0.966755" pY="1"/>
    <sprite n="North-West_0006_0010-shot.png.png" opacity ="255" x="1081" y="1" w="214" h="150" pX="0.966755" pY="1"/>
    <sprite n="North-West_0007_0011-shot.png.png" opacity ="255" x="1297" y="1" w="214" h="150" pX="0.966755" pY="1"/>
    <sprite n="North-West_0008_0012-shot.png.png" opacity ="255" x="1513" y="1" w="214" h="150" pX="0.966755" pY="1"/>
    <sprite n="North-West_0009_0013-shot.png.png" opacity ="255" x="1729" y="1" w="214" h="150" pX="0.966755" pY="1"/>
    <sprite n="North-West_0010_0014-shot.png.png" opacity ="255" x="1" y="153" w="214" h="150" pX="0.966755" pY="1"/>
    <sprite n="North-West_0011_0015-shot.png.png" opacity ="255" x="217" y="153" w="214" h="150" pX="0.966755" pY="1"/>
    <sprite n="North-West_0012_0016-shot.png.png" opacity ="255"  x="433" y="153" w="214" h="150" pX="0.966755" pY="1"/>
    <sprite n="North-West_0013_0017-shot.png.png" opacity ="255" x="649" y="153" w="214" h="150" pX="0.966755" pY="1"/>
    <sprite n="North-West_0014_0018-shot.png.png" opacity ="255" x="865" y="153" w="214" h="150" pX="0.966755" pY="1"/>
    <sprite n="North-West_0015_0019-shot.png.png" opacity ="255" x="1081" y="153" w="214" h="150" pX="0.966755" pY="1"/>
    <sprite n="North-West_0016_0020-shot.png.png" opacity ="255" x="1297" y="153" w="214" h="150" pX="0.966755" pY="1"/>
    <sprite n="North-West_0017_0021-shot.png.png" opacity ="255" x="1513" y="153" w="214" h="150" pX="0.966755" pY="1"/>
</simple_particle>

  <simple_particle particle_type="stun_particle" direction="north">
    <anim_data speed="100" loop="0"/>

    <sprite n="North_0001_0005-shot.png.png" opacity ="255" x="1729" y="153" w="201" h="154" pX="0.452736" pY="1"/>
    <sprite n="North_0002_0006-shot.png.png" opacity ="255" x="1" y="309" w="201" h="154" pX="0.452736" pY="1"/>
    <sprite n="North_0003_0007-shot.png.png" opacity ="255" x="204" y="309" w="201" h="154" pX="0.452736" pY="1"/>
    <sprite n="North_0004_0008-shot.png.png" opacity ="255" x="407" y="309" w="201" h="154" pX="0.452736" pY="1"/>
    <sprite n="North_0005_0009-shot.png.png" opacity ="255" x="610" y="309" w="201" h="154" pX="0.452736" pY="1"/>
    <sprite n="North_0006_0010-shot.png.png" opacity ="255" x="813" y="309" w="201" h="154" pX="0.452736" pY="1"/>
    <sprite n="North_0007_0011-shot.png.png" opacity ="255" x="1016" y="309" w="201" h="154" pX="0.452736" pY="1"/>
    <sprite n="North_0008_0012-shot.png.png" opacity ="255" x="1219" y="309" w="201" h="154" pX="0.452736" pY="1"/>
    <sprite n="North_0009_0013-shot.png.png" opacity ="255" x="1422" y="309" w="201" h="154" pX="0.452736" pY="1"/>
    <sprite n="North_0010_0014-shot.png.png" opacity ="255" x="1625" y="309" w="201" h="154" pX="0.452736" pY="1"/>
    <sprite n="North_0011_0015-shot.png.png" opacity ="255" x="1" y="465" w="201" h="154" pX="0.452736" pY="1"/>
    <sprite n="North_0012_0016-shot.png.png" opacity ="255" x="204" y="465" w="201" h="154" pX="0.452736" pY="1"/>
    <sprite n="North_0013_0017-shot.png.png" opacity ="255" x="407" y="465" w="201" h="154" pX="0.452736" pY="1"/>
    <sprite n="North_0014_0018-shot.png.png" opacity ="255" x="610" y="465" w="201" h="154" pX="0.452736" pY="1"/>
    <sprite n="North_0015_0019-shot.png.png" opacity ="255" x="813" y="465" w="201" h="154" pX="0.452736" pY="1"/>
    <sprite n="North_0016_0020-shot.png.png" opacity ="255" x="1016" y="465" w="201" h="154" pX="0.452736" pY="1"/>
    <sprite n="North_0017_0021-shot.png.png" opacity ="255" x="1219" y="465" w="201" h="154" pX="0.452736" pY="1"/>
</simple_particle>

  <simple_particle particle_type="stun_particle" direction="south-west">
    <anim_data speed="100" loop="0"/>
    <sprite n="South-West_0001_0005-shot.png.png" opacity ="255" x="1422" y="465" w="218" h="161" pX="0.926652" pY="0.3"/>
    <sprite n="South-West_0002_0006-shot.png.png" opacity ="255" x="1642" y="465" w="218" h="161" pX="0.926652" pY="0.3"/>
    <sprite n="South-West_0003_0007-shot.png.png" opacity ="255" x="1" y="628" w="218" h="161" pX="0.926652" pY="0.3"/>
    <sprite n="South-West_0004_0008-shot.png.png" opacity ="255" x="221" y="628" w="218" h="161" pX="0.926652" pY="0.3"/>
    <sprite n="South-West_0005_0009-shot.png.png" opacity ="255" x="441" y="628" w="218" h="161" pX="0.926652" pY="0.3"/>
    <sprite n="South-West_0006_0010-shot.png.png" opacity ="255" x="661" y="628" w="218" h="161" pX="0.926652" pY="0.3"/>
    <sprite n="South-West_0007_0011-shot.png.png" opacity ="255" x="881" y="628" w="218" h="161" pX="0.926652" pY="0.3"/>
    <sprite n="South-West_0008_0012-shot.png.png" opacity ="255" x="1101" y="628" w="218" h="161" pX="0.926652" pY="0.3"/>
    <sprite n="South-West_0009_0013-shot.png.png" opacity ="255" x="1321" y="628" w="218" h="161" pX="0.926652" pY="0.305"/>
    <sprite n="South-West_0010_0014-shot.png.png" opacity ="255" x="1541" y="628" w="218" h="161" pX="0.926652" pY="0.3"/>
    <sprite n="South-West_0011_0015-shot.png.png" opacity ="255" x="1" y="791" w="218" h="161" pX="0.926652" pY="0.3"/>
    <sprite n="South-West_0012_0016-shot.png.png" opacity ="255" x="221" y="791" w="218" h="161" pX="0.926652" pY="0.3"/>
    <sprite n="South-West_0013_0017-shot.png.png" opacity ="255" x="441" y="791" w="218" h="161" pX="0.926652" pY="0.3"/>
    <sprite n="South-West_0014_0018-shot.png.png" opacity ="255" x="661" y="791" w="218" h="161" pX="0.926652" pY="0.3"/>
    <sprite n="South-West_0015_0019-shot.png.png" opacity ="255" x="881" y="791" w="218" h="161" pX="0.926652" pY="0.3"/>
    <sprite n="South-West_0016_0020-shot.png.png" opacity ="255" x="1101" y="791" w="218" h="161" pX="0.926652" pY="0.3"/>
    <sprite n="South-West_0017_0021-shot.png.png" opacity ="255" x="1321" y="791" w="218" h="161" pX="0.926652" pY="0.3"/>
</simple_particle>

  <simple_particle particle_type="stun_particle" direction="south">
    <anim_data speed="100" loop="0"/>

    <sprite n="South_0001_0005-shot.png.png" opacity ="255" x="1541" y="791" w="196" h="171" pX="0.545918" pY="0.2"/>
    <sprite n="South_0002_0006-shot.png.png" opacity ="255" x="1739" y="791" w="196" h="171" pX="0.545918" pY="0.2"/>
    <sprite n="South_0003_0007-shot.png.png" opacity ="255" x="1" y="964" w="196" h="171" pX="0.545918" pY="0.2"/>
    <sprite n="South_0004_0008-shot.png.png" opacity ="255" x="199" y="964" w="196" h="171" pX="0.545918" pY="0.2"/>
    <sprite n="South_0005_0009-shot.png.png" opacity ="255" x="397" y="964" w="196" h="171" pX="0.545918" pY="0.2"/>
    <sprite n="South_0006_0010-shot.png.png" opacity ="255" x="595" y="964" w="196" h="171" pX="0.545918" pY="0.2"/>
    <sprite n="South_0007_0011-shot.png.png" opacity ="255" x="793" y="964" w="196" h="171" pX="0.545918" pY="0.2"/>
    <sprite n="South_0008_0012-shot.png.png" opacity ="255" x="991" y="964" w="196" h="171" pX="0.545918" pY="0.2"/>
    <sprite n="South_0009_0013-shot.png.png" opacity ="255" x="1189" y="964" w="196" h="171" pX="0.545918" pY="0.2"/>
    <sprite n="South_0010_0014-shot.png.png" opacity ="255" x="1387" y="964" w="196" h="171" pX="0.545918" pY="0.2"/>
    <sprite n="South_0011_0015-shot.png.png" opacity ="255" x="1585" y="964" w="196" h="171" pX="0.545918" pY="0.2"/>
    <sprite n="South_0012_0016-shot.png.png" opacity ="255" x="1" y="1137" w="196" h="171" pX="0.545918" pY="0.2"/>
    <sprite n="South_0013_0017-shot.png.png" opacity ="255" x="199" y="1137" w="196" h="171" pX="0.545918" pY="0.2"/>
    <sprite n="South_0014_0018-shot.png.png" opacity ="255" x="397" y="1137" w="196" h="171" pX="0.545918" pY="0.2"/>
    <sprite n="South_0015_0019-shot.png.png" opacity ="255" x="595" y="1137" w="196" h="171" pX="0.545918" pY="0.2"/>
    <sprite n="South_0016_0020-shot.png.png" opacity ="255" x="793" y="1137" w="196" h="171" pX="0.545918" pY="0.2"/>
    <sprite n="South_0017_0021-shot.png.png" opacity ="255" x="991" y="1137" w="196" h="171" pX="0.545918" pY="0.2"/>
</simple_particle>

  <simple_particle particle_type="stun_particle" direction="west">
    <anim_data speed="100" loop="0"/>

    <sprite n="West_0001_0005-shot.png.png" opacity ="255" x="1189" y="1137" w="247" h="156" pX="0.959514" pY="0.7"/>
    <sprite n="West_0002_0006-shot.png.png" opacity ="255" x="1438" y="1137" w="247" h="156" pX="0.959514" pY="0.7"/>
    <sprite n="West_0003_0007-shot.png.png" opacity ="255" x="1687" y="1137" w="247" h="156" pX="0.959514" pY="0.7"/>
    <sprite n="West_0004_0008-shot.png.png" opacity ="255" x="1" y="1310" w="247" h="156" pX="0.959514" pY="0.7"/>
    <sprite n="West_0005_0009-shot.png.png" opacity ="255" x="250" y="1310" w="247" h="156" pX="0.959514" pY="0.7"/>
    <sprite n="West_0006_0010-shot.png.png" opacity ="255" x="499" y="1310" w="247" h="156" pX="0.959514" pY="0.7"/>
    <sprite n="West_0007_0011-shot.png.png" opacity ="255" x="748" y="1310" w="247" h="156" pX="0.959514" pY="0.7"/>
    <sprite n="West_0008_0012-shot.png.png" opacity ="255" x="997" y="1310" w="247" h="156" pX="0.959514" pY="0.7"/>
    <sprite n="West_0009_0013-shot.png.png" opacity ="255" x="1246" y="1310" w="247" h="156" pX="0.959514" pY="0.7"/>
    <sprite n="West_0010_0014-shot.png.png" opacity ="255" x="1495" y="1310" w="247" h="156" pX="0.959514" pY="0.7"/>
    <sprite n="West_0011_0015-shot.png.png" opacity ="255" x="1" y="1468" w="247" h="156" pX="0.959514" pY="0.7"/>
    <sprite n="West_0012_0016-shot.png.png" opacity ="255" x="250" y="1468" w="247" h="156" pX="0.959514" pY="0.7"/>
    <sprite n="West_0013_0017-shot.png.png" opacity ="255" x="499" y="1468" w="247" h="156" pX="0.959514" pY="0.7"/>
    <sprite n="West_0014_0018-shot.png.png" opacity ="255" x="748" y="1468" w="247" h="156" pX="0.959514" pY="0.7"/>
    <sprite n="West_0015_0019-shot.png.png" opacity ="255" x="997" y="1468" w="247" h="156" pX="0.959514" pY="0.7"/>
    <sprite n="West_0016_0020-shot.png.png" opacity ="255" x="1246" y="1468" w="247" h="156" pX="0.959514" pY="0.7"/>
    <sprite n="West_0017_0021-shot.png.png" opacity ="255" x="1495" y="1468" w="247" h="156" pX="0.959514" pY="0.7"/>
</simple_particle>
</TextureAtlas>
