<?xml version="1.0" encoding="UTF-8"?>
<!-- Created with TexturePacker http://www.codeandweb.com/texturepacker-->
<!-- $TexturePacker:SmartUpdate:67c144c464c7d6f3ea8d34e85a1d21a5:aa625721b243f3e5a47dc3fa647c273f:e174e95e5e77963e942894f0b28faa63$ -->
<!--Format:
n  => name of the sprite
x  => sprite x pos in texture
y  => sprite y pos in texture
w  => sprite width (may be trimmed)
h  => sprite height (may be trimmed)
pX => x pos of the pivot point (relative to sprite width)
pY => y pos of the pivot point (relative to sprite height)
oX => sprite's x-corner offset (only available if trimmed)
oY => sprite's y-corner offset (only available if trimmed)
oW => sprite's original width (only available if trimmed)
oH => sprite's original height (only available if trimmed)
r => 'y' only set if sprite is rotated
with polygon mode enabled:
vertices   => points in sprite coordinate system (x0,y0,x1,y1,x2,y2, ...)
verticesUV => points in sheet coordinate system (x0,y0,x1,y1,x2,y2, ...)
triangles  => sprite triangulation, 3 vertex indices per triangle
-->
<TextureAtlas imagePath="Stun_Effect_Particle.png" width="236" height="236">
  <particle particle_type="buff_particle" actor="0" buff_type="timed" attribute_type="stun" draw_rate ="0" z="-20">
    <anim_data speed="150" loop="1"/>

    <sprite n="Stun_0000_0001-shot.png.png" opacity="255"  x="1" y="1" w="45" h="57" pX="0.511111" pY="0.77193"/>
    <sprite n="Stun_0001_0002-shot.png.png" opacity="255" x="1" y="1" w="45" h="57" pX="0.511111" pY="0.77193"/>
    <sprite n="Stun_0002_0003-shot.png.png" opacity="255" x="48" y="1" w="45" h="57" pX="0.511111" pY="0.77193"/>
    <sprite n="Stun_0003_0004-shot.png.png" opacity="255" x="95" y="1" w="45" h="57" pX="0.511111" pY="0.77193"/>
    <sprite n="Stun_0004_0005-shot.png.png" opacity="255" x="142" y="1" w="45" h="57" pX="0.511111" pY="0.77193"/>
    <sprite n="Stun_0005_0006-shot.png.png" opacity="255" x="189" y="1" w="45" h="57" pX="0.511111" pY="0.77193"/>
    <sprite n="Stun_0006_0007-shot.png.png" opacity="255" x="1" y="60" w="45" h="57" pX="0.511111" pY="0.77193"/>
    <sprite n="Stun_0007_0008-shot.png.png" opacity="255" x="48" y="60" w="45" h="57" pX="0.511111" pY="0.77193"/>
    <sprite n="Stun_0008_0009-shot.png.png" opacity="255" x="95" y="60" w="45" h="57" pX="0.511111" pY="0.77193"/>
    <sprite n="Stun_0009_0010-shot.png.png" opacity="255" x="142" y="60" w="45" h="57" pX="0.511111" pY="0.77193"/>
    <sprite n="Stun_0010_0011-shot.png.png" opacity="255" x="189" y="60" w="45" h="57" pX="0.511111" pY="0.77193"/>
    <sprite n="Stun_0011_0012-shot.png.png" opacity="255" x="1" y="119" w="45" h="57" pX="0.511111" pY="0.77193"/>
    <sprite n="Stun_0012_0013-shot.png.png" opacity="255" x="48" y="119" w="45" h="57" pX="0.511111" pY="0.77193"/>
    <sprite n="Stun_0013_0014-shot.png.png" opacity="255"  x="95" y="119" w="45" h="57" pX="0.511111" pY="0.77193"/>
    <sprite n="Stun_0014_0015-shot.png.png" opacity="255" x="142" y="119" w="45" h="57" pX="0.511111" pY="0.77193"/>
    <sprite n="Stun_0015_0016-shot.png.png" opacity="255" x="189" y="119" w="45" h="57" pX="0.511111" pY="0.77193"/>
    <sprite n="Stun_0016_0017-shot.png.png" opacity="255" x="1" y="178" w="45" h="57" pX="0.511111" pY="0.77193"/>
    <sprite n="Stun_0017_0018-shot.png.png" opacity="255" x="48" y="178" w="45" h="57" pX="0.511111" pY="0.77193"/>
    <sprite n="Stun_0018_0019-shot.png.png" opacity="255" x="95" y="178" w="45" h="57" pX="0.511111" pY="0.77193"/>
  </particle>
</TextureAtlas>
