<?xml version="1.0" encoding="UTF-8"?>
<!-- Created with TexturePacker http://www.codeandweb.com/texturepacker-->
<!-- $TexturePacker:SmartUpdate:9f099b7c5f44a562a0206c43f46ad843:5bbee7a9c4a2783070993366bc2545c9:6d740f59b4066b475ce80e7d5935bf9b$ -->
<!--Format:
n  => name of the sprite
x  => sprite x pos in texture
y  => sprite y pos in texture
w  => sprite width (may be trimmed)
h  => sprite height (may be trimmed)
pX => x pos of the pivot point (relative to sprite width)
pY => y pos of the pivot point (relative to sprite height)
oX => sprite's x-corner offset (only available if trimmed)
oY => sprite's y-corner offset (only available if trimmed)
oW => sprite's original width (only available if trimmed)
oH => sprite's original height (only available if trimmed)
r => 'y' only set if sprite is rotated
with polygon mode enabled:
vertices   => points in sprite coordinate system (x0,y0,x1,y1,x2,y2, ...)
verticesUV => points in sheet coordinate system (x0,y0,x1,y1,x2,y2, ...)
triangles  => sprite triangulation, 3 vertex indices per triangle
-->
<TextureAtlas imagePath="Taunt_Particle.png" width="2022" height="1692">
 <simple_particle particle_type="taunt_particle" direction="no_direction">
    <anim_data speed="100" loop="0"/>

    <sprite n="lvl3WDef_0004_0005-shot.png.png" opacity ="255" x="1" y="1" w="335" h="280" pX="0.498507" pY="0.746429"/>
    <sprite n="lvl3WDef_0005_0006-shot.png.png" opacity ="255" x="338" y="1" w="335" h="280" pX="0.498507" pY="0.746429"/>
    <sprite n="lvl3WDef_0006_0007-shot.png.png" opacity ="255" x="675" y="1" w="335" h="280" pX="0.498507" pY="0.746429"/>
    <sprite n="lvl3WDef_0007_0008-shot.png.png" opacity ="255" x="1012" y="1" w="335" h="280" pX="0.498507" pY="0.746429"/>
    <sprite n="lvl3WDef_0008_0009-shot.png.png" opacity ="255" x="1349" y="1" w="335" h="280" pX="0.498507" pY="0.746429"/>
    <sprite n="lvl3WDef_0009_0010-shot.png.png" opacity ="255" x="1686" y="1" w="335" h="280" pX="0.498507" pY="0.746429"/>
    <sprite n="lvl3WDef_0010_0011-shot.png.png" opacity ="255" x="1" y="283" w="335" h="280" pX="0.498507" pY="0.746429"/>
    <sprite n="lvl3WDef_0011_0012-shot.png.png" opacity ="255" x="338" y="283" w="335" h="280" pX="0.498507" pY="0.746429"/>
    <sprite n="lvl3WDef_0012_0013-shot.png.png" opacity ="255" x="675" y="283" w="335" h="280" pX="0.498507" pY="0.746429"/>
    <sprite n="lvl3WDef_0013_0014-shot.png.png" opacity ="255" x="1012" y="283" w="335" h="280" pX="0.498507" pY="0.746429"/>
    <sprite n="lvl3WDef_0014_0015-shot.png.png" opacity ="255" x="1349" y="283" w="335" h="280" pX="0.498507" pY="0.746429"/>
    <sprite n="lvl3WDef_0015_0016-shot.png.png" opacity ="255" x="1686" y="283" w="335" h="280" pX="0.498507" pY="0.746429"/>
    <sprite n="lvl3WDef_0016_0017-shot.png.png" opacity ="255" x="1" y="565" w="335" h="280" pX="0.498507" pY="0.746429"/>
    <sprite n="lvl3WDef_0017_0018-shot.png.png" opacity ="255" x="338" y="565" w="335" h="280" pX="0.498507" pY="0.746429"/>
    <sprite n="lvl3WDef_0018_0019-shot.png.png" opacity ="255" x="675" y="565" w="335" h="280" pX="0.498507" pY="0.746429"/>
    <sprite n="lvl3WDef_0019_0020-shot.png.png" opacity ="255" x="1012" y="565" w="335" h="280" pX="0.498507" pY="0.746429"/>
    <sprite n="lvl3WDef_0020_0021-shot.png.png" opacity ="255" x="1349" y="565" w="335" h="280" pX="0.498507" pY="0.746429"/>
    <sprite n="lvl3WDef_0021_0022-shot.png.png" opacity ="255" x="1686" y="565" w="335" h="280" pX="0.498507" pY="0.746429"/>
    <sprite n="lvl3WDef_0022_0023-shot.png.png" opacity ="255" x="1" y="847" w="335" h="280" pX="0.498507" pY="0.746429"/>
    <sprite n="lvl3WDef_0023_0024-shot.png.png" opacity ="255" x="338" y="847" w="335" h="280" pX="0.498507" pY="0.746429"/>
    <sprite n="lvl3WDef_0024_0025-shot.png.png" opacity ="255" x="675" y="847" w="335" h="280" pX="0.498507" pY="0.746429"/>
    <sprite n="lvl3WDef_0025_0026-shot.png.png" opacity ="255" x="1012" y="847" w="335" h="280" pX="0.498507" pY="0.746429"/>
    <sprite n="lvl3WDef_0026_0027-shot.png.png" opacity ="255" x="1349" y="847" w="335" h="280" pX="0.498507" pY="0.746429"/>
    <sprite n="lvl3WDef_0027_0028-shot.png.png" opacity ="255" x="1686" y="847" w="335" h="280" pX="0.498507" pY="0.746429"/>
    <sprite n="lvl3WDef_0028_0029-shot.png.png" opacity ="255" x="1" y="1129" w="335" h="280" pX="0.498507" pY="0.746429"/>
    <sprite n="lvl3WDef_0029_0030-shot.png.png" opacity ="255" x="338" y="1129" w="335" h="280" pX="0.498507" pY="0.746429"/>
    <sprite n="lvl3WDef_0030_0031-shot.png.png" opacity ="255" x="675" y="1129" w="335" h="280" pX="0.498507" pY="0.746429"/>
    <sprite n="lvl3WDef_0031_0032-shot.png.png" opacity ="255" x="1012" y="1129" w="335" h="280" pX="0.498507" pY="0.746429"/>
    <sprite n="lvl3WDef_0032_0033-shot.png.png" opacity ="255" x="1349" y="1129" w="335" h="280" pX="0.498507" pY="0.746429"/>
    <sprite n="lvl3WDef_0033_0034-shot.png.png" opacity ="255" x="1686" y="1129" w="335" h="280" pX="0.498507" pY="0.746429"/>
    <sprite n="lvl3WDef_0034_0035-shot.png.png" x="1" y="1411" w="335" h="280" pX="0.498507" pY="0.746429"/>
    <sprite n="lvl3WDef_0035_0036-shot.png.png" opacity ="255" x="338" y="1411" w="335" h="280" pX="0.498507" pY="0.746429"/>
    <sprite n="lvl3WDef_0036_0037-shot.png.png" opacity ="255" x="675" y="1411" w="335" h="280" pX="0.498507" pY="0.746429"/>
    <sprite n="lvl3WDef_0037_0038-shot.png.png" opacity ="255" x="1012" y="1411" w="335" h="280" pX="0.498507" pY="0.746429"/>
    <sprite n="lvl3WDef_0038_0039-shot.png.png" opacity ="255" x="1349" y="1411" w="335" h="280" pX="0.498507" pY="0.746429"/>
    <sprite n="lvl3WDef_0039_0040-shot.png.png" opacity ="255" x="1686" y="1411" w="335" h="280" pX="0.498507" pY="0.746429"/>
</simple_particle>

</TextureAtlas>
