<?xml version="1.0" encoding="UTF-8"?>
<!-- Created with TexturePacker http://www.codeandweb.com/texturepacker-->
<!-- $TexturePacker:SmartUpdate:56d26bd13275fefd698de59e77fe3d17:c700717f2b142eb8db04e6631f0e5b6c:bbe05a595383ee2c1ffa75f1fd858b16$ -->
<!--Format:
n  => name of the sprite
x  => sprite x pos in texture
y  => sprite y pos in texture
w  => sprite width (may be trimmed)
h  => sprite height (may be trimmed)
pX => x pos of the pivot point (relative to sprite width)
pY => y pos of the pivot point (relative to sprite height)
oX => sprite's x-corner offset (only available if trimmed)
oY => sprite's y-corner offset (only available if trimmed)
oW => sprite's original width (only available if trimmed)
oH => sprite's original height (only available if trimmed)
r => 'y' only set if sprite is rotated
with polygon mode enabled:
vertices   => points in sprite coordinate system (x0,y0,x1,y1,x2,y2, ...)
verticesUV => points in sheet coordinate system (x0,y0,x1,y1,x2,y2, ...)
triangles  => sprite triangulation, 3 vertex indices per triangle
-->
<TextureAtlas imagePath="Teleport.png" width="902" height="1593">
 <simple_particle particle_type="teleport_particle" direction="no_direction" z="-200">
    <anim_data speed="100" loop="0"/>

    <sprite n="0002 shot.png" opacity ="255" x="1" y="1" w="293" h="172" pX="0.5" pY="0.398844" oX="7" oY="1" oW="300" oH="173"/>
    <sprite n="0003 shot.png" opacity ="255" x="296" y="1" w="295" h="191" pX="0.5" pY="0.458333" oX="5" oY="1" oW="300" oH="192"/>
    <sprite n="0004 shot.png" opacity ="255" x="593" y="1" w="289" h="198" pX="0.5" pY="0.477387" oX="8" oY="0" oW="300" oH="199"/>
    <sprite n="0005 shot.png" opacity ="255" x="1" y="201" w="298" h="208" pX="0.5" pY="0.5" oX="2" oY="0" oW="300" oH="208"/>
    <sprite n="0006 shot.png" opacity ="255" x="301" y="201" w="293" h="215" pX="0.5" pY="0.516279" oX="7" oY="0" oW="300" oH="215"/>
    <sprite n="0007 shot.png" opacity ="255" x="596" y="201" w="298" h="194" pX="0.5" pY="0.469072" oX="2" oY="0" oW="300" oH="194"/>
    <sprite n="0008 shot.png" opacity ="255" x="1" y="418" w="298" h="201" pX="0.5" pY="0.492611" oX="2" oY="2" oW="300" oH="203"/>
    <sprite n="0009 shot.png" opacity ="255" x="301" y="418" w="296" h="208" pX="0.5" pY="0.507177" oX="4" oY="1" oW="300" oH="209"/>
    <sprite n="0010 shot.png" opacity ="255" x="599" y="418" w="299" h="214" pX="0.5" pY="0.52093" oX="1" oY="1" oW="300" oH="215"/>
    <sprite n="0011 shot.png" opacity ="255" x="1" y="634" w="299" h="221" pX="0.5" pY="0.533937" oX="1" oY="0" oW="300" oH="221"/>
    <sprite n="0012 shot.png" opacity ="255" x="302" y="634" w="299" h="224" pX="0.5" pY="0.540179" oX="1" oY="0" oW="300" oH="224"/>
    <sprite n="0013 shot.png" opacity ="255" x="1" y="860" w="299" h="215" pX="0.5" pY="0.527523" oX="1" oY="3" oW="300" oH="218"/>
    <sprite n="0014 shot.png" opacity ="255" x="302" y="860" w="298" h="222" pX="0.5" pY="0.533632" oX="2" oY="1" oW="300" oH="223"/>
    <sprite n="0015 shot.png" opacity ="255" x="602" y="860" w="298" h="236" pX="0.5" pY="0.559322" oX="2" oY="0" oW="300" oH="236"/>
    <sprite n="0016 shot.png" opacity ="255" x="1" y="1098" w="299" h="254" pX="0.5" pY="0.590551" oX="1" oY="0" oW="300" oH="254"/>
    <sprite n="0017 shot.png" opacity ="255" x="302" y="1098" w="299" h="231" pX="0.5" pY="0.549784" oX="1" oY="0" oW="300" oH="231"/>
    <sprite n="0018 shot.png" opacity ="255" x="603" y="1098" w="298" h="242" pX="0.5" pY="0.570248" oX="2" oY="0" oW="300" oH="242"/>
    <sprite n="0019 shot.png" opacity ="255" x="1" y="1354" w="296" h="230" pX="0.5" pY="0.547826" oX="4" oY="0" oW="300" oH="230"/>
    <sprite n="0020 shot.png" opacity ="255" x="299" y="1354" w="299" h="238" pX="0.5" pY="0.563025" oX="1" oY="0" oW="300" oH="238"/>
    <sprite n="0021 shot.png" opacity ="255" x="600" y="1354" w="297" h="236" pX="0.5" pY="0.559322" oX="3" oY="0" oW="300" oH="236"/>
</simple_particle>
</TextureAtlas>
