<?xml version="1.0" encoding="UTF-8"?>
<!-- Created with TexturePacker http://www.codeandweb.com/texturepacker-->
<!-- $TexturePacker:SmartUpdate:c125b4f588ec2e6578ecde4cc2df0bd2:112fc79e45a5468ef7c4c979c9d80e66:11a7ab280ed8b6170b75beeb321debfa$ -->
<!--Format:
n  => name of the sprite
x  => sprite x pos in texture
y  => sprite y pos in texture
w  => sprite width (may be trimmed)
h  => sprite height (may be trimmed)
pX => x pos of the pivot point (relative to sprite width)
pY => y pos of the pivot point (relative to sprite height)
oX => sprite's x-corner offset (only available if trimmed)
oY => sprite's y-corner offset (only available if trimmed)
oW => sprite's original width (only available if trimmed)
oH => sprite's original height (only available if trimmed)
r => 'y' only set if sprite is rotated
with polygon mode enabled:
vertices   => points in sprite coordinate system (x0,y0,x1,y1,x2,y2, ...)
verticesUV => points in sheet coordinate system (x0,y0,x1,y1,x2,y2, ...)
triangles  => sprite triangulation, 3 vertex indices per triangle
-->
<TextureAtlas imagePath="Thunder.png" width="2107" height="1920">
  <simple_particle particle_type="thunder_particle" direction="no_direction" z="50">
<anim_data speed="100" loop="0"/>

    <sprite n="Lightning_0000_0001-shot.png.png" opacity ="255" x="1" y="1" w="299" h="478" pX="0.498328" pY="0.853556"/>
    <sprite n="Lightning_0001_0002-shot.png.png" opacity ="255" x="1" y="1" w="299" h="478" pX="0.498328" pY="0.853556"/>
    <sprite n="Lightning_0002_0003-shot.png.png" opacity ="255" x="302" y="1" w="299" h="478" pX="0.498328" pY="0.853556"/>
    <sprite n="Lightning_0003_0004-shot.png.png" opacity ="255" x="603" y="1" w="299" h="478" pX="0.498328" pY="0.853556"/>
    <sprite n="Lightning_0004_0005-shot.png.png" opacity ="255" x="904" y="1" w="299" h="478" pX="0.498328" pY="0.853556"/>
    <sprite n="Lightning_0005_0006-shot.png.png" opacity ="255" x="1205" y="1" w="299" h="478" pX="0.498328" pY="0.853556"/>
    <sprite n="Lightning_0006_0007-shot.png.png" opacity ="255" x="1506" y="1" w="299" h="478" pX="0.498328" pY="0.853556"/>
    <sprite n="Lightning_0007_0008-shot.png.png" opacity ="255" x="1807" y="1" w="299" h="478" pX="0.498328" pY="0.853556"/>
    <sprite n="Lightning_0008_0009-shot.png.png" opacity ="255" x="1" y="481" w="299" h="478" pX="0.498328" pY="0.853556"/>
    <sprite n="Lightning_0009_0010-shot.png.png" opacity ="255" x="302" y="481" w="299" h="478" pX="0.498328" pY="0.853556"/>
    <sprite n="Lightning_0010_0011-shot.png.png" opacity ="255" x="603" y="481" w="299" h="478" pX="0.498328" pY="0.853556"/>
    <sprite n="Lightning_0011_0012-shot.png.png" opacity ="255" x="904" y="481" w="299" h="478" pX="0.498328" pY="0.853556"/>
    <sprite n="Lightning_0012_0013-shot.png.png" opacity ="255" x="1205" y="481" w="299" h="478" pX="0.498328" pY="0.853556"/>
    <sprite n="Lightning_0013_0014-shot.png.png" opacity ="255" x="1506" y="481" w="299" h="478" pX="0.498328" pY="0.853556"/>
    <sprite n="Lightning_0014_0015-shot.png.png" opacity ="255" x="1807" y="481" w="299" h="478" pX="0.498328" pY="0.853556"/>
    <sprite n="Lightning_0015_0016-shot.png.png" opacity ="255" x="1" y="961" w="299" h="478" pX="0.498328" pY="0.853556"/>
    <sprite n="Lightning_0016_0017-shot.png.png" opacity ="255" x="302" y="961" w="299" h="478" pX="0.498328" pY="0.853556"/>
    <sprite n="Lightning_0017_0018-shot.png.png" opacity ="255" x="603" y="961" w="299" h="478" pX="0.498328" pY="0.853556"/>
    <sprite n="Lightning_0018_0019-shot.png.png" opacity ="255" x="904" y="961" w="299" h="478" pX="0.498328" pY="0.853556"/>
    <sprite n="Lightning_0019_0020-shot.png.png" opacity ="255" x="1205" y="961" w="299" h="478" pX="0.498328" pY="0.853556"/>
    <sprite n="Lightning_0020_0021-shot.png.png" opacity ="255" x="1506" y="961" w="299" h="478" pX="0.498328" pY="0.853556"/>
    <sprite n="Lightning_0021_0022-shot.png.png" opacity ="255" x="1807" y="961" w="299" h="478" pX="0.498328" pY="0.853556"/>
    <sprite n="Lightning_0022_0023-shot.png.png" opacity ="255" x="1" y="1441" w="299" h="478" pX="0.498328" pY="0.853556"/>
    <sprite n="Lightning_0023_0024-shot.png.png" opacity ="255" x="302" y="1441" w="299" h="478" pX="0.498328" pY="0.853556"/>
    <sprite n="Lightning_0024_0025-shot.png.png" opacity ="255" x="603" y="1441" w="299" h="478" pX="0.498328" pY="0.853556"/>
    <sprite n="Lightning_0025_0026-shot.png.png" opacity ="255" x="904" y="1441" w="299" h="478" pX="0.498328" pY="0.853556"/>
    <sprite n="Lightning_0026_0027-shot.png.png" opacity ="255" x="1205" y="1441" w="299" h="478" pX="0.498328" pY="0.853556"/>
    <sprite n="Lightning_0027_0028-shot.png.png" opacity ="255" x="1506" y="1441" w="299" h="478" pX="0.498328" pY="0.853556"/>
    <sprite n="Lightning_0028_0029-shot.png.png" opacity ="255" x="1807" y="1441" w="299" h="478" pX="0.498328" pY="0.853556"/>
</simple_particle>
</TextureAtlas>
