<?xml version="1.0" encoding="utf-8"?>
<!-- Created with TexturePacker http://www.codeandweb.com/texturepacker-->
<!-- $TexturePacker:SmartUpdate:56d26bd13275fefd698de59e77fe3d17:c700717f2b142eb8db04e6631f0e5b6c:bbe05a595383ee2c1ffa75f1fd858b16$ -->
<!--Format:
n  => name of the sprite
x  => sprite x pos in texture
y  => sprite y pos in texture
w  => sprite width (may be trimmed)
h  => sprite height (may be trimmed)
pX => x pos of the pivot point (relative to sprite width)
pY => y pos of the pivot point (relative to sprite height)
oX => sprite's x-corner offset (only available if trimmed)
oY => sprite's y-corner offset (only available if trimmed)
oW => sprite's original width (only available if trimmed)
oH => sprite's original height (only available if trimmed)
r => 'y' only set if sprite is rotated
with polygon mode enabled:
vertices   => points in sprite coordinate system (x0,y0,x1,y1,x2,y2, ...)
verticesUV => points in sheet coordinate system (x0,y0,x1,y1,x2,y2, ...)
triangles  => sprite triangulation, 3 vertex indices per triangle
-->
<TextureAtlas imagePath="UIArrows.png" width="245" height="24">
  <simple_particle particle_type="ui_arrows_particle" direction="no_direction">
    <anim_data speed="80" loop="0"/>
    <sprite n="0002 shot.png" opacity ="255" z ="100"  x="0" y="0" w="40" h="24" pX="0.5" pY="0.5"/>
    <sprite n="0003 shot.png" opacity ="255" z ="100" x="41" y="0" w="40" h="24" pX="0.5" pY="0.5"/>
    <sprite n="0004 shot.png" opacity ="255" z ="100" x="82" y="0" w="40" h="24" pX="0.5" pY="0.5"/>
    <sprite n="0005 shot.png" opacity ="255" z ="100" x="124" y="0" w="40" h="24" pX="0.5" pY="0.5"/>
    <sprite n="0006 shot.png" opacity ="255" z ="100" x="166" y="0" w="40" h="24" pX="0.5" pY="0.5"/>
    <sprite n="0007 shot.png" opacity ="255" z ="100" x="208" y="0" w="40" h="24" pX="0.5" pY="0.5"/>
    <sprite n="0008 shot.png" opacity ="255" z ="100" x="250" y="0" w="40" h="24" pX="0.5" pY="0.5"/>
  </simple_particle>
</TextureAtlas>