<?xml version="1.0" encoding="UTF-8"?>
<!-- Created with TexturePacker http://www.codeandweb.com/texturepacker-->
<!-- $TexturePacker:SmartUpdate:c2165a13c9c019c5d8810a9c2ad08788:877ec7d1a474f10e3c77c51711970b82:6bae7b9589d7defd55f522fc0868b37b$ -->
<!--Format:
n  => name of the sprite
x  => sprite x pos in texture
y  => sprite y pos in texture
w  => sprite width (may be trimmed)
h  => sprite height (may be trimmed)
pX => x pos of the pivot point (relative to sprite width)
pY => y pos of the pivot point (relative to sprite height)
oX => sprite's x-corner offset (only available if trimmed)
oY => sprite's y-corner offset (only available if trimmed)
oW => sprite's original width (only available if trimmed)
oH => sprite's original height (only available if trimmed)
r => 'y' only set if sprite is rotated
with polygon mode enabled:
vertices   => points in sprite coordinate system (x0,y0,x1,y1,x2,y2, ...)
verticesUV => points in sheet coordinate system (x0,y0,x1,y1,x2,y2, ...)
triangles  => sprite triangulation, 3 vertex indices per triangle
-->
<TextureAtlas imagePath="villager_axe.png" width="854" height="854">
  <unit id="villager_axe">

    <!--Chopping Action-->
    <action enum ="chopping" speed="200">
      <direction enum="south">
        <sprite n="aldeano_chopping/000_mVillager_chopping.bmp" x="1" y="1" w="29" h="47" pX="0.37931" pY="0.851064"/>
        <sprite n="aldeano_chopping/001_mVillager_chopping.bmp" x="32" y="1" w="20" h="52" pX="0.4" pY="0.865385"/>
        <sprite n="aldeano_chopping/002_mVillager_chopping.bmp" x="54" y="1" w="19" h="53" pX="0.421053" pY="0.867925"/>
        <sprite n="aldeano_chopping/003_mVillager_chopping.bmp" x="75" y="1" w="18" h="53" pX="0.444444" pY="0.867925"/>
        <sprite n="aldeano_chopping/004_mVillager_chopping.bmp" x="95" y="1" w="25" h="53" pX="0.52" pY="0.867925"/>
        <sprite n="aldeano_chopping/005_mVillager_chopping.bmp" x="122" y="1" w="24" h="48" pX="0.625" pY="0.854167"/>
        <sprite n="aldeano_chopping/006_mVillager_chopping.bmp" x="148" y="1" w="20" h="51" pX="0.6" pY="0.882353"/>
        <sprite n="aldeano_chopping/007_mVillager_chopping.bmp" x="170" y="1" w="20" h="53" pX="0.6" pY="0.849057"/>
        <sprite n="aldeano_chopping/008_mVillager_chopping.bmp" x="192" y="1" w="19" h="39" pX="0.578947" pY="0.435897"/>
        <sprite n="aldeano_chopping/009_mVillager_chopping.bmp" x="213" y="1" w="19" h="38" pX="0.526316" pY="0.447368"/>
        <sprite n="aldeano_chopping/010_mVillager_chopping.bmp" x="234" y="1" w="19" h="39" pX="0.526316" pY="0.461538"/>
        <sprite n="aldeano_chopping/011_mVillager_chopping.bmp" x="255" y="1" w="20" h="40" pX="0.55" pY="0.475"/>
        <sprite n="aldeano_chopping/012_mVillager_chopping.bmp" x="277" y="1" w="19" h="44" pX="0.526316" pY="0.522727"/>
        <sprite n="aldeano_chopping/013_mVillager_chopping.bmp" x="298" y="1" w="34" h="43" pX="0.323529" pY="0.651163"/>
        <sprite n="aldeano_chopping/014_mVillager_chopping.bmp" x="334" y="1" w="35" h="41" pX="0.314286" pY="0.804878"/>
      </direction>

      <direction enum="south-west">
        <sprite n="aldeano_chopping/015_mVillager_chopping.bmp" x="371" y="1" w="24" h="44" pX="0.583333" pY="0.818182"/>
        <sprite n="aldeano_chopping/016_mVillager_chopping.bmp" x="397" y="1" w="24" h="48" pX="0.5" pY="0.875"/>
        <sprite n="aldeano_chopping/017_mVillager_chopping.bmp" x="423" y="1" w="23" h="47" pX="0.478261" pY="0.893617"/>
        <sprite n="aldeano_chopping/018_mVillager_chopping.bmp" x="448" y="1" w="24" h="48" pX="0.5" pY="0.895833"/>
        <sprite n="aldeano_chopping/019_mVillager_chopping.bmp" x="474" y="1" w="23" h="52" pX="0.521739" pY="0.903846"/>
        <sprite n="aldeano_chopping/020_mVillager_chopping.bmp" x="499" y="1" w="21" h="43" pX="0.571429" pY="0.930233"/>
        <sprite n="aldeano_chopping/021_mVillager_chopping.bmp" x="522" y="1" w="20" h="49" pX="0.6" pY="0.918367"/>
        <sprite n="aldeano_chopping/022_mVillager_chopping.bmp" x="544" y="1" w="26" h="51" pX="0.653846" pY="0.882353"/>
        <sprite n="aldeano_chopping/023_mVillager_chopping.bmp" x="572" y="1" w="41" h="35" pX="0.804878" pY="0.542857"/>
        <sprite n="aldeano_chopping/024_mVillager_chopping.bmp" x="615" y="1" w="37" h="32" pX="0.783784" pY="0.53125"/>
        <sprite n="aldeano_chopping/025_mVillager_chopping.bmp" x="654" y="1" w="37" h="33" pX="0.756757" pY="0.545455"/>
        <sprite n="aldeano_chopping/026_mVillager_chopping.bmp" x="693" y="1" w="37" h="37" pX="0.783784" pY="0.567568"/>
        <sprite n="aldeano_chopping/027_mVillager_chopping.bmp" x="732" y="1" w="32" h="42" pX="0.75" pY="0.595238"/>
        <sprite n="aldeano_chopping/028_mVillager_chopping.bmp" x="766" y="1" w="28" h="49" pX="0.678571" pY="0.612245"/>
        <sprite n="aldeano_chopping/029_mVillager_chopping.bmp" x="796" y="1" w="25" h="46" pX="0.64" pY="0.717391"/>
      </direction>

      <direction enum="west">
        <sprite n="aldeano_chopping/030_mVillager_chopping.bmp" x="823" y="1" w="25" h="46" pX="0.64" pY="0.804348"/>
        <sprite n="aldeano_chopping/031_mVillager_chopping.bmp" x="1" y="56" w="24" h="45" pX="0.625" pY="0.866667"/>
        <sprite n="aldeano_chopping/032_mVillager_chopping.bmp" x="27" y="56" w="21" h="45" pX="0.571429" pY="0.888889"/>
        <sprite n="aldeano_chopping/033_mVillager_chopping.bmp" x="50" y="56" w="21" h="45" pX="0.52381" pY="0.888889"/>
        <sprite n="aldeano_chopping/034_mVillager_chopping.bmp" x="73" y="56" w="23" h="52" pX="0.521739" pY="0.884615"/>
        <sprite n="aldeano_chopping/035_mVillager_chopping.bmp" x="98" y="56" w="26" h="44" pX="0.461538" pY="0.886364"/>
        <sprite n="aldeano_chopping/036_mVillager_chopping.bmp" x="126" y="56" w="23" h="47" pX="0.521739" pY="0.914894"/>
        <sprite n="aldeano_chopping/037_mVillager_chopping.bmp" x="151" y="56" w="35" h="46" pX="0.6" pY="0.891304"/>
        <sprite n="aldeano_chopping/038_mVillager_chopping.bmp" x="188" y="56" w="53" h="28" pX="0.830189" pY="0.821429"/>
        <sprite n="aldeano_chopping/039_mVillager_chopping.bmp" x="243" y="56" w="48" h="26" pX="0.8125" pY="0.807692"/>
        <sprite n="aldeano_chopping/040_mVillager_chopping.bmp" x="293" y="56" w="49" h="27" pX="0.816327" pY="0.814815"/>
        <sprite n="aldeano_chopping/041_mVillager_chopping.bmp" x="344" y="56" w="49" h="31" pX="0.816327" pY="0.83871"/>
        <sprite n="aldeano_chopping/042_mVillager_chopping.bmp" x="395" y="56" w="48" h="35" pX="0.833333" pY="0.857143"/>
        <sprite n="aldeano_chopping/043_mVillager_chopping.bmp" x="445" y="56" w="41" h="45" pX="0.780488" pY="0.733333"/>
        <sprite n="aldeano_chopping/044_mVillager_chopping.bmp" x="488" y="56" w="29" h="47" pX="0.689655" pY="0.765957"/>
      </direction>

      <direction enum="north-west">
        <sprite n="aldeano_chopping/045_mVillager_chopping.bmp" x="519" y="56" w="27" h="43" pX="0.814815" pY="0.883721"/>
        <sprite n="aldeano_chopping/046_mVillager_chopping.bmp" x="548" y="56" w="21" h="45" pX="0.714286" pY="0.866667"/>
        <sprite n="aldeano_chopping/047_mVillager_chopping.bmp" x="571" y="56" w="18" h="45" pX="0.666667" pY="0.888889"/>
        <sprite n="aldeano_chopping/048_mVillager_chopping.bmp" x="591" y="56" w="19" h="46" pX="0.631579" pY="0.869565"/>
        <sprite n="aldeano_chopping/049_mVillager_chopping.bmp" x="612" y="56" w="22" h="49" pX="0.590909" pY="0.877551"/>
        <sprite n="aldeano_chopping/050_mVillager_chopping.bmp" x="636" y="56" w="30" h="45" pX="0.4" pY="0.888889"/>
        <sprite n="aldeano_chopping/051_mVillager_chopping.bmp" x="668" y="56" w="19" h="46" pX="0.578947" pY="0.891304"/>
        <sprite n="aldeano_chopping/052_mVillager_chopping.bmp" x="689" y="56" w="28" h="47" pX="0.607143" pY="0.893617"/>
        <sprite n="aldeano_chopping/053_mVillager_chopping.bmp" x="719" y="56" w="36" h="37" pX="0.861111" pY="0.864865"/>
        <sprite n="aldeano_chopping/054_mVillager_chopping.bmp" x="757" y="56" w="33" h="31" pX="0.848485" pY="0.83871"/>
        <sprite n="aldeano_chopping/055_mVillager_chopping.bmp" x="792" y="56" w="32" h="32" pX="0.84375" pY="0.84375"/>
        <sprite n="aldeano_chopping/056_mVillager_chopping.bmp" x="1" y="110" w="33" h="37" pX="0.848485" pY="0.864865"/>
        <sprite n="aldeano_chopping/057_mVillager_chopping.bmp" x="36" y="110" w="37" h="41" pX="0.864865" pY="0.878049"/>
        <sprite n="aldeano_chopping/058_mVillager_chopping.bmp" x="75" y="110" w="43" h="42" pX="0.883721" pY="0.880952"/>
        <sprite n="aldeano_chopping/059_mVillager_chopping.bmp" x="120" y="110" w="36" h="43" pX="0.833333" pY="0.883721"/>
      </direction>

      <direction enum="north">
        <sprite n="aldeano_chopping/060_mVillager_chopping.bmp" x="158" y="110" w="31" h="47" pX="0.774194" pY="0.893617"/>
        <sprite n="aldeano_chopping/061_mVillager_chopping.bmp" x="191" y="110" w="21" h="47" pX="0.714286" pY="0.87234"/>
        <sprite n="aldeano_chopping/062_mVillager_chopping.bmp" x="214" y="110" w="19" h="47" pX="0.684211" pY="0.87234"/>
        <sprite n="aldeano_chopping/063_mVillager_chopping.bmp" x="235" y="110" w="19" h="47" pX="0.684211" pY="0.87234"/>
        <sprite n="aldeano_chopping/064_mVillager_chopping.bmp" x="256" y="110" w="24" h="47" pX="0.625" pY="0.87234"/>
        <sprite n="aldeano_chopping/065_mVillager_chopping.bmp" x="282" y="110" w="26" h="49" pX="0.576923" pY="0.857143"/>
        <sprite n="aldeano_chopping/066_mVillager_chopping.bmp" x="310" y="110" w="21" h="45" pX="0.619048" pY="0.888889"/>
        <sprite n="aldeano_chopping/067_mVillager_chopping.bmp" x="333" y="110" w="20" h="50" pX="0.6" pY="0.86"/>
        <sprite n="aldeano_chopping/068_mVillager_chopping.bmp" x="355" y="110" w="19" h="41" pX="0.578947" pY="0.878049"/>
        <sprite n="aldeano_chopping/069_mVillager_chopping.bmp" x="376" y="110" w="19" h="34" pX="0.578947" pY="0.852941"/>
        <sprite n="aldeano_chopping/070_mVillager_chopping.bmp" x="397" y="110" w="18" h="36" pX="0.611111" pY="0.833333"/>
        <sprite n="aldeano_chopping/071_mVillager_chopping.bmp" x="417" y="110" w="18" h="40" pX="0.611111" pY="0.875"/>
        <sprite n="aldeano_chopping/072_mVillager_chopping.bmp" x="437" y="110" w="19" h="43" pX="0.631579" pY="0.883721"/>
        <sprite n="aldeano_chopping/073_mVillager_chopping.bmp" x="458" y="110" w="30" h="45" pX="0.766667" pY="0.888889"/>
        <sprite n="aldeano_chopping/074_mVillager_chopping.bmp" x="490" y="110" w="32" h="47" pX="0.78125" pY="0.87234"/>
      </direction>
    </action>


    <!--Die Action-->
    <action enum ="die" speed="200">
      <direction enum="south">
        <sprite n="aldeano_die_ax/000_mVillager_die_ax.bmp" x="524" y="110" w="21" h="49" pX="0.571429" pY="0.734694"/>
        <sprite n="aldeano_die_ax/001_mVillager_die_ax.bmp" x="547" y="110" w="20" h="53" pX="0.55" pY="0.679245"/>
        <sprite n="aldeano_die_ax/002_mVillager_die_ax.bmp" x="569" y="110" w="25" h="55" pX="0.6" pY="0.654545"/>
        <sprite n="aldeano_die_ax/003_mVillager_die_ax.bmp" x="596" y="110" w="28" h="55" pX="0.607143" pY="0.654545"/>
        <sprite n="aldeano_die_ax/004_mVillager_die_ax.bmp" x="626" y="110" w="28" h="56" pX="0.607143" pY="0.660714"/>
        <sprite n="aldeano_die_ax/005_mVillager_die_ax.bmp" x="656" y="110" w="28" h="54" pX="0.607143" pY="0.648148"/>
        <sprite n="aldeano_die_ax/006_mVillager_die_ax.bmp" x="686" y="110" w="29" h="48" pX="0.586207" pY="0.604167"/>
        <sprite n="aldeano_die_ax/007_mVillager_die_ax.bmp" x="717" y="110" w="30" h="41" pX="0.566667" pY="0.536585"/>
        <sprite n="aldeano_die_ax/008_mVillager_die_ax.bmp" x="749" y="110" w="32" h="35" pX="0.53125" pY="0.428571"/>
        <sprite n="aldeano_die_ax/009_mVillager_die_ax.bmp" x="783" y="110" w="36" h="32" pX="0.472222" pY="0.15625"/>
        <sprite n="aldeano_die_ax/010_mVillager_die_ax.bmp" x="1" y="168" w="42" h="24" pX="0.47619" pY="-0.166667"/>
        <sprite n="aldeano_die_ax/011_mVillager_die_ax.bmp" x="45" y="168" w="46" h="27" pX="0.5" pY="-0.0740741"/>
        <sprite n="aldeano_die_ax/012_mVillager_die_ax.bmp" x="93" y="168" w="46" h="25" pX="0.5" pY="-0.16"/>
        <sprite n="aldeano_die_ax/013_mVillager_die_ax.bmp" x="141" y="168" w="46" h="26" pX="0.5" pY="-0.153846"/>
        <sprite n="aldeano_die_ax/014_mVillager_die_ax.bmp" x="189" y="168" w="46" h="27" pX="0.5" pY="-0.148148"/>
      </direction>

      <direction enum="south-west">
        <sprite n="aldeano_die_ax/015_mVillager_die_ax.bmp" x="237" y="168" w="26" h="48" pX="0.653846" pY="0.75"/>
        <sprite n="aldeano_die_ax/016_mVillager_die_ax.bmp" x="265" y="168" w="36" h="48" pX="0.75" pY="0.75"/>
        <sprite n="aldeano_die_ax/017_mVillager_die_ax.bmp" x="303" y="168" w="44" h="46" pX="0.795455" pY="0.782609"/>
        <sprite n="aldeano_die_ax/018_mVillager_die_ax.bmp" x="349" y="168" w="44" h="46" pX="0.818182" pY="0.782609"/>
        <sprite n="aldeano_die_ax/019_mVillager_die_ax.bmp" x="395" y="168" w="44" h="47" pX="0.818182" pY="0.787234"/>
        <sprite n="aldeano_die_ax/020_mVillager_die_ax.bmp" x="441" y="168" w="43" h="45" pX="0.837209" pY="0.777778"/>
        <sprite n="aldeano_die_ax/021_mVillager_die_ax.bmp" x="486" y="168" w="41" h="39" pX="0.878049" pY="0.74359"/>
        <sprite n="aldeano_die_ax/022_mVillager_die_ax.bmp" x="529" y="168" w="38" h="34" pX="0.947368" pY="0.676471"/>
        <sprite n="aldeano_die_ax/023_mVillager_die_ax.bmp" x="569" y="168" w="36" h="36" pX="1" pY="0.5"/>
        <sprite n="aldeano_die_ax/024_mVillager_die_ax.bmp" x="607" y="168" w="45" h="34" pX="1.02222" pY="0.294118"/>
        <sprite n="aldeano_die_ax/025_mVillager_die_ax.bmp" x="654" y="168" w="51" h="27" pX="1" pY="0.037037"/>
        <sprite n="aldeano_die_ax/026_mVillager_die_ax.bmp" x="707" y="168" w="50" h="28" pX="0.98" pY="0.0714286"/>
        <sprite n="aldeano_die_ax/027_mVillager_die_ax.bmp" x="759" y="168" w="50" h="28" pX="1" pY="0.0357143"/>
        <sprite n="aldeano_die_ax/028_mVillager_die_ax.bmp" x="1" y="218" w="50" h="28" pX="1.02" pY="0.0357143"/>
        <sprite n="aldeano_die_ax/029_mVillager_die_ax.bmp" x="53" y="218" w="51" h="29" pX="1.01961" pY="0.0344828"/>
      </direction>

      <direction enum="west">
        <sprite n="aldeano_die_ax/030_mVillager_die_ax.bmp" x="106" y="218" w="37" h="42" pX="0.756757" pY="0.880952"/>
        <sprite n="aldeano_die_ax/031_mVillager_die_ax.bmp" x="145" y="218" w="44" h="42" pX="0.795455" pY="0.880952"/>
        <sprite n="aldeano_die_ax/032_mVillager_die_ax.bmp" x="191" y="218" w="45" h="42" pX="0.8" pY="0.880952"/>
        <sprite n="aldeano_die_ax/033_mVillager_die_ax.bmp" x="238" y="218" w="46" h="43" pX="0.804348" pY="0.860465"/>
        <sprite n="aldeano_die_ax/034_mVillager_die_ax.bmp" x="286" y="218" w="47" h="43" pX="0.787234" pY="0.860465"/>
        <sprite n="aldeano_die_ax/035_mVillager_die_ax.bmp" x="335" y="218" w="45" h="40" pX="0.822222" pY="0.85"/>
        <sprite n="aldeano_die_ax/036_mVillager_die_ax.bmp" x="382" y="218" w="41" h="38" pX="0.902439" pY="0.815789"/>
        <sprite n="aldeano_die_ax/037_mVillager_die_ax.bmp" x="425" y="218" w="34" h="35" pX="1.08824" pY="0.8"/>
        <sprite n="aldeano_die_ax/038_mVillager_die_ax.bmp" x="461" y="218" w="37" h="36" pX="1.13514" pY="0.777778"/>
        <sprite n="aldeano_die_ax/039_mVillager_die_ax.bmp" x="500" y="218" w="45" h="33" pX="1.2" pY="0.69697"/>
        <sprite n="aldeano_die_ax/040_mVillager_die_ax.bmp" x="547" y="218" w="46" h="28" pX="1.19565" pY="0.571429"/>
        <sprite n="aldeano_die_ax/041_mVillager_die_ax.bmp" x="595" y="218" w="47" h="26" pX="1.17021" pY="0.538462"/>
        <sprite n="aldeano_die_ax/042_mVillager_die_ax.bmp" x="644" y="218" w="46" h="25" pX="1.21739" pY="0.56"/>
        <sprite n="aldeano_die_ax/043_mVillager_die_ax.bmp" x="692" y="218" w="48" h="26" pX="1.20833" pY="0.538462"/>
        <sprite n="aldeano_die_ax/044_mVillager_die_ax.bmp" x="742" y="218" w="49" h="26" pX="1.20408" pY="0.538462"/>
      </direction>

      <direction enum="north-west">
        <sprite n="aldeano_die_ax/045_mVillager_die_ax.bmp" x="793" y="218" w="29" h="43" pX="0.793103" pY="0.883721"/>
        <sprite n="aldeano_die_ax/046_mVillager_die_ax.bmp" x="824" y="218" w="29" h="43" pX="0.793103" pY="0.883721"/>
        <sprite n="aldeano_die_ax/047_mVillager_die_ax.bmp" x="1" y="263" w="24" h="43" pX="0.75" pY="0.883721"/>
        <sprite n="aldeano_die_ax/048_mVillager_die_ax.bmp" x="27" y="263" w="22" h="43" pX="0.772727" pY="0.883721"/>
        <sprite n="aldeano_die_ax/049_mVillager_die_ax.bmp" x="51" y="263" w="23" h="42" pX="0.73913" pY="0.880952"/>
        <sprite n="aldeano_die_ax/050_mVillager_die_ax.bmp" x="76" y="263" w="22" h="40" pX="0.772727" pY="0.875"/>
        <sprite n="aldeano_die_ax/051_mVillager_die_ax.bmp" x="100" y="263" w="20" h="37" pX="0.95" pY="0.918919"/>
        <sprite n="aldeano_die_ax/052_mVillager_die_ax.bmp" x="122" y="263" w="21" h="36" pX="1.09524" pY="0.666667"/>
        <sprite n="aldeano_die_ax/053_mVillager_die_ax.bmp" x="145" y="263" w="37" h="40" pX="1.02703" pY="0.975"/>
        <sprite n="aldeano_die_ax/054_mVillager_die_ax.bmp" x="184" y="263" w="46" h="38" pX="1.02174" pY="0.973684"/>
        <sprite n="aldeano_die_ax/055_mVillager_die_ax.bmp" x="232" y="263" w="48" h="32" pX="1.02083" pY="0.96875"/>
        <sprite n="aldeano_die_ax/056_mVillager_die_ax.bmp" x="282" y="263" w="49" h="26" pX="1" pY="0.961538"/>
        <sprite n="aldeano_die_ax/057_mVillager_die_ax.bmp" x="333" y="263" w="48" h="27" pX="1.02083" pY="0.962963"/>
        <sprite n="aldeano_die_ax/058_mVillager_die_ax.bmp" x="383" y="263" w="50" h="27" pX="1.02" pY="1"/>
        <sprite n="aldeano_die_ax/059_mVillager_die_ax.bmp" x="435" y="263" w="51" h="28" pX="1.01961" pY="0.964286"/>
      </direction>

      <direction enum="north">
        <sprite n="aldeano_die_ax/060_mVillager_die_ax.bmp" x="488" y="263" w="20" h="45" pX="0.6" pY="0.866667"/>
        <sprite n="aldeano_die_ax/061_mVillager_die_ax.bmp" x="510" y="263" w="20" h="45" pX="0.6" pY="0.866667"/>
        <sprite n="aldeano_die_ax/062_mVillager_die_ax.bmp" x="532" y="263" w="26" h="44" pX="0.5" pY="0.863636"/>
        <sprite n="aldeano_die_ax/063_mVillager_die_ax.bmp" x="560" y="263" w="30" h="43" pX="0.5" pY="0.883721"/>
        <sprite n="aldeano_die_ax/064_mVillager_die_ax.bmp" x="592" y="263" w="30" h="43" pX="0.5" pY="0.860465"/>
        <sprite n="aldeano_die_ax/065_mVillager_die_ax.bmp" x="624" y="263" w="30" h="40" pX="0.5" pY="0.875"/>
        <sprite n="aldeano_die_ax/066_mVillager_die_ax.bmp" x="656" y="263" w="31" h="37" pX="0.516129" pY="0.972973"/>
        <sprite n="aldeano_die_ax/067_mVillager_die_ax.bmp" x="689" y="263" w="31" h="37" pX="0.516129" pY="1"/>
        <sprite n="aldeano_die_ax/068_mVillager_die_ax.bmp" x="722" y="263" w="33" h="41" pX="0.545455" pY="1.04878"/>
        <sprite n="aldeano_die_ax/069_mVillager_die_ax.bmp" x="757" y="263" w="35" h="39" pX="0.571429" pY="1.07692"/>
        <sprite n="aldeano_die_ax/070_mVillager_die_ax.bmp" x="794" y="263" w="41" h="35" pX="0.536585" pY="1.08571"/>
        <sprite n="aldeano_die_ax/071_mVillager_die_ax.bmp" x="1" y="310" w="43" h="27" pX="0.511628" pY="1.11111"/>
        <sprite n="aldeano_die_ax/072_mVillager_die_ax.bmp" x="46" y="310" w="44" h="28" pX="0.5" pY="1.14286"/>
        <sprite n="aldeano_die_ax/073_mVillager_die_ax.bmp" x="92" y="310" w="43" h="29" pX="0.511628" pY="1.13793"/>
        <sprite n="aldeano_die_ax/074_mVillager_die_ax.bmp" x="137" y="310" w="43" h="28" pX="0.511628" pY="1.14286"/>
      </direction>
    </action>

    <!--Disappear Action-->
    <action enum ="disappear" speed="200">
      <direction enum="south">
        <sprite n="aldeano_dissapear_ax/000_mVillager_dissapear_ax.bmp" x="182" y="310" w="46" h="27" pX="0.5" pY="-0.148148"/>
        <sprite n="aldeano_dissapear_ax/001_mVillager_dissapear_ax.bmp" x="230" y="310" w="45" h="26" pX="0.511111" pY="-0.153846"/>
        <sprite n="aldeano_dissapear_ax/002_mVillager_dissapear_ax.bmp" x="277" y="310" w="42" h="25" pX="0.547619" pY="-0.16"/>
        <sprite n="aldeano_dissapear_ax/003_mVillager_dissapear_ax.bmp" x="321" y="310" w="42" h="25" pX="0.547619" pY="-0.2"/>
        <sprite n="aldeano_dissapear_ax/004_mVillager_dissapear_ax.bmp" x="365" y="310" w="34" h="25" pX="0.5" pY="-0.2"/>
      </direction>

      <direction enum="south-west">
        <sprite n="aldeano_dissapear_ax/005_mVillager_dissapear_ax.bmp" x="401" y="310" w="51" h="29" pX="1.01961" pY="0.0344828"/>
        <sprite n="aldeano_dissapear_ax/006_mVillager_dissapear_ax.bmp" x="454" y="310" w="47" h="26" pX="1.10638" pY="0.0384615"/>
        <sprite n="aldeano_dissapear_ax/007_mVillager_dissapear_ax.bmp" x="503" y="310" w="47" h="26" pX="1.10638" pY="0.0384615"/>
        <sprite n="aldeano_dissapear_ax/008_mVillager_dissapear_ax.bmp" x="552" y="310" w="43" h="26" pX="1.2093" pY="0.0384615"/>
        <sprite n="aldeano_dissapear_ax/009_mVillager_dissapear_ax.bmp" x="597" y="310" w="44" h="24" pX="1.11364" pY="0.0416667"/>
      </direction>

      <direction enum="west">
        <sprite n="aldeano_dissapear_ax/010_mVillager_dissapear_ax.bmp" x="643" y="310" w="49" h="26" pX="1.20408" pY="0.538462"/>
        <sprite n="aldeano_dissapear_ax/011_mVillager_dissapear_ax.bmp" x="694" y="310" w="47" h="26" pX="1.25532" pY="0.538462"/>
        <sprite n="aldeano_dissapear_ax/012_mVillager_dissapear_ax.bmp" x="743" y="310" w="47" h="24" pX="1.25532" pY="0.583333"/>
        <sprite n="aldeano_dissapear_ax/013_mVillager_dissapear_ax.bmp" x="792" y="310" w="46" h="23" pX="1.26087" pY="0.608696"/>
        <sprite n="aldeano_dissapear_ax/014_mVillager_dissapear_ax.bmp" x="1" y="341" w="40" h="22" pX="1.425" pY="0.590909"/>
      </direction>

      <direction enum="north-west">
        <sprite n="aldeano_dissapear_ax/015_mVillager_dissapear_ax.bmp" x="43" y="341" w="51" h="28" pX="1.01961" pY="0.964286"/>
        <sprite n="aldeano_dissapear_ax/016_mVillager_dissapear_ax.bmp" x="96" y="341" w="51" h="27" pX="1.01961" pY="1"/>
        <sprite n="aldeano_dissapear_ax/017_mVillager_dissapear_ax.bmp" x="149" y="341" w="51" h="27" pX="1.01961" pY="1"/>
        <sprite n="aldeano_dissapear_ax/018_mVillager_dissapear_ax.bmp" x="202" y="341" w="50" h="26" pX="1.04" pY="1.03846"/>
        <sprite n="aldeano_dissapear_ax/019_mVillager_dissapear_ax.bmp" x="254" y="341" w="45" h="24" pX="1.08889" pY="1.08333"/>
      </direction>

      <direction enum="north">
        <sprite n="aldeano_dissapear_ax/020_mVillager_dissapear_ax.bmp" x="301" y="341" w="43" h="28" pX="0.511628" pY="1.14286"/>
        <sprite n="aldeano_dissapear_ax/021_mVillager_dissapear_ax.bmp" x="346" y="341" w="42" h="28" pX="0.5" pY="1.14286"/>
        <sprite n="aldeano_dissapear_ax/022_mVillager_dissapear_ax.bmp" x="390" y="341" w="36" h="28" pX="0.416667" pY="1.14286"/>
        <sprite n="aldeano_dissapear_ax/023_mVillager_dissapear_ax.bmp" x="428" y="341" w="36" h="28" pX="0.416667" pY="1.14286"/>
        <sprite n="aldeano_dissapear_ax/024_mVillager_dissapear_ax.bmp" x="466" y="341" w="41" h="25" pX="0.512195" pY="1.28"/>
      </direction>
    </action>

    <!--Farming Action-->
    <action enum ="farming" speed="200">
      <direction enum="south">
        <sprite n="aldeano_farming_ax/000_mVillager_farming_ax.bmp" x="509" y="341" w="25" h="46" pX="0.44" pY="0.847826"/>
        <sprite n="aldeano_farming_ax/001_mVillager_farming_ax.bmp" x="536" y="341" w="27" h="54" pX="0.555556" pY="0.87037"/>
        <sprite n="aldeano_farming_ax/002_mVillager_farming_ax.bmp" x="565" y="341" w="35" h="47" pX="0.5" pY="0.5"/>
        <sprite n="aldeano_farming_ax/003_mVillager_farming_ax.bmp" x="602" y="341" w="33" h="46" pX="0.727273" pY="0.847826"/>
        <sprite n="aldeano_farming_ax/004_mVillager_farming_ax.bmp" x="637" y="341" w="26" h="52" pX="0.576923" pY="0.865385"/>
        <sprite n="aldeano_farming_ax/005_mVillager_farming_ax.bmp" x="665" y="341" w="40" h="42" pX="0.2" pY="0.785714"/>
        <sprite n="aldeano_farming_ax/006_mVillager_farming_ax.bmp" x="707" y="341" w="19" h="47" pX="0.578947" pY="0.468085"/>
        <sprite n="aldeano_farming_ax/007_mVillager_farming_ax.bmp" x="728" y="341" w="18" h="46" pX="0.666667" pY="0.478261"/>
        <sprite n="aldeano_farming_ax/008_mVillager_farming_ax.bmp" x="748" y="341" w="19" h="45" pX="0.684211" pY="0.444444"/>
        <sprite n="aldeano_farming_ax/009_mVillager_farming_ax.bmp" x="769" y="341" w="20" h="41" pX="0.6" pY="0.390244"/>
        <sprite n="aldeano_farming_ax/010_mVillager_farming_ax.bmp" x="791" y="341" w="18" h="40" pX="0.5" pY="0.4"/>
        <sprite n="aldeano_farming_ax/011_mVillager_farming_ax.bmp" x="811" y="341" w="19" h="42" pX="0.473684" pY="0.404762"/>
        <sprite n="aldeano_farming_ax/012_mVillager_farming_ax.bmp" x="1" y="397" w="31" h="41" pX="0.258065" pY="0.487805"/>
        <sprite n="aldeano_farming_ax/013_mVillager_farming_ax.bmp" x="34" y="397" w="28" h="40" pX="0.285714" pY="0.7"/>
        <sprite n="aldeano_farming_ax/014_mVillager_farming_ax.bmp" x="64" y="397" w="25" h="46" pX="0.36" pY="0.782609"/>
      </direction>

      <direction enum="south-west">
        <sprite n="aldeano_farming_ax/015_mVillager_farming_ax.bmp" x="91" y="397" w="24" h="42" pX="0.583333" pY="0.833333"/>
        <sprite n="aldeano_farming_ax/016_mVillager_farming_ax.bmp" x="117" y="397" w="23" h="51" pX="0.478261" pY="0.901961"/>
        <sprite n="aldeano_farming_ax/017_mVillager_farming_ax.bmp" x="142" y="397" w="25" h="50" pX="0.48" pY="0.9"/>
        <sprite n="aldeano_farming_ax/018_mVillager_farming_ax.bmp" x="169" y="397" w="26" h="48" pX="0.461538" pY="0.895833"/>
        <sprite n="aldeano_farming_ax/019_mVillager_farming_ax.bmp" x="197" y="397" w="24" h="50" pX="0.458333" pY="0.88"/>
        <sprite n="aldeano_farming_ax/020_mVillager_farming_ax.bmp" x="223" y="397" w="38" h="40" pX="0.447368" pY="0.65"/>
        <sprite n="aldeano_farming_ax/021_mVillager_farming_ax.bmp" x="263" y="397" w="45" h="44" pX="0.822222" pY="0.545455"/>
        <sprite n="aldeano_farming_ax/022_mVillager_farming_ax.bmp" x="310" y="397" w="43" h="44" pX="0.813953" pY="0.590909"/>
        <sprite n="aldeano_farming_ax/023_mVillager_farming_ax.bmp" x="355" y="397" w="45" h="43" pX="0.822222" pY="0.55814"/>
        <sprite n="aldeano_farming_ax/024_mVillager_farming_ax.bmp" x="402" y="397" w="43" h="39" pX="0.813953" pY="0.512821"/>
        <sprite n="aldeano_farming_ax/025_mVillager_farming_ax.bmp" x="447" y="397" w="42" h="36" pX="0.833333" pY="0.472222"/>
        <sprite n="aldeano_farming_ax/026_mVillager_farming_ax.bmp" x="491" y="397" w="46" h="37" pX="0.826087" pY="0.459459"/>
        <sprite n="aldeano_farming_ax/027_mVillager_farming_ax.bmp" x="539" y="397" w="26" h="41" pX="0.653846" pY="0.439024"/>
        <sprite n="aldeano_farming_ax/028_mVillager_farming_ax.bmp" x="567" y="397" w="26" h="40" pX="0.653846" pY="0.65"/>
        <sprite n="aldeano_farming_ax/029_mVillager_farming_ax.bmp" x="595" y="397" w="25" h="41" pX="0.64" pY="0.780488"/>
      </direction>

      <direction enum="west">
        <sprite n="aldeano_farming_ax/030_mVillager_farming_ax.bmp" x="622" y="397" w="25" h="42" pX="0.64" pY="0.833333"/>
        <sprite n="aldeano_farming_ax/031_mVillager_farming_ax.bmp" x="649" y="397" w="33" h="47" pX="0.363636" pY="0.851064"/>
        <sprite n="aldeano_farming_ax/032_mVillager_farming_ax.bmp" x="684" y="397" w="27" h="48" pX="0.407407" pY="0.895833"/>
        <sprite n="aldeano_farming_ax/033_mVillager_farming_ax.bmp" x="713" y="397" w="26" h="45" pX="0.423077" pY="0.888889"/>
        <sprite n="aldeano_farming_ax/034_mVillager_farming_ax.bmp" x="741" y="397" w="34" h="44" pX="0.382353" pY="0.863636"/>
        <sprite n="aldeano_farming_ax/035_mVillager_farming_ax.bmp" x="777" y="397" w="28" h="47" pX="0.714286" pY="0.617021"/>
        <sprite n="aldeano_farming_ax/036_mVillager_farming_ax.bmp" x="1" y="450" w="58" h="34" pX="0.862069" pY="0.852941"/>
        <sprite n="aldeano_farming_ax/037_mVillager_farming_ax.bmp" x="61" y="450" w="56" h="36" pX="0.857143" pY="0.861111"/>
        <sprite n="aldeano_farming_ax/038_mVillager_farming_ax.bmp" x="119" y="450" w="57" h="36" pX="0.859649" pY="0.861111"/>
        <sprite n="aldeano_farming_ax/039_mVillager_farming_ax.bmp" x="178" y="450" w="56" h="32" pX="0.857143" pY="0.84375"/>
        <sprite n="aldeano_farming_ax/040_mVillager_farming_ax.bmp" x="236" y="450" w="56" h="27" pX="0.857143" pY="0.814815"/>
        <sprite n="aldeano_farming_ax/041_mVillager_farming_ax.bmp" x="294" y="450" w="59" h="26" pX="0.864407" pY="0.769231"/>
        <sprite n="aldeano_farming_ax/042_mVillager_farming_ax.bmp" x="355" y="450" w="51" h="34" pX="0.823529" pY="0.647059"/>
        <sprite n="aldeano_farming_ax/043_mVillager_farming_ax.bmp" x="408" y="450" w="34" h="38" pX="0.735294" pY="0.710526"/>
        <sprite n="aldeano_farming_ax/044_mVillager_farming_ax.bmp" x="444" y="450" w="29" h="41" pX="0.655172" pY="0.804878"/>
      </direction>

      <direction enum="north-west">
        <sprite n="aldeano_farming_ax/045_mVillager_farming_ax.bmp" x="475" y="450" w="24" h="43" pX="0.791667" pY="0.860465"/>
        <sprite n="aldeano_farming_ax/046_mVillager_farming_ax.bmp" x="501" y="450" w="33" h="41" pX="0.393939" pY="0.829268"/>
        <sprite n="aldeano_farming_ax/047_mVillager_farming_ax.bmp" x="536" y="450" w="34" h="43" pX="0.235294" pY="0.837209"/>
        <sprite n="aldeano_farming_ax/048_mVillager_farming_ax.bmp" x="572" y="450" w="31" h="42" pX="0.322581" pY="0.809524"/>
        <sprite n="aldeano_farming_ax/049_mVillager_farming_ax.bmp" x="605" y="450" w="36" h="41" pX="0.388889" pY="0.829268"/>
        <sprite n="aldeano_farming_ax/050_mVillager_farming_ax.bmp" x="643" y="450" w="39" h="45" pX="0.846154" pY="0.755556"/>
        <sprite n="aldeano_farming_ax/051_mVillager_farming_ax.bmp" x="684" y="450" w="43" h="41" pX="0.883721" pY="0.853659"/>
        <sprite n="aldeano_farming_ax/052_mVillager_farming_ax.bmp" x="729" y="450" w="40" h="42" pX="0.875" pY="0.857143"/>
        <sprite n="aldeano_farming_ax/053_mVillager_farming_ax.bmp" x="771" y="450" w="41" h="42" pX="0.878049" pY="0.857143"/>
        <sprite n="aldeano_farming_ax/054_mVillager_farming_ax.bmp" x="1" y="497" w="43" h="38" pX="0.860465" pY="0.868421"/>
        <sprite n="aldeano_farming_ax/055_mVillager_farming_ax.bmp" x="46" y="497" w="42" h="34" pX="0.857143" pY="0.852941"/>
        <sprite n="aldeano_farming_ax/056_mVillager_farming_ax.bmp" x="90" y="497" w="45" h="38" pX="0.866667" pY="0.842105"/>
        <sprite n="aldeano_farming_ax/057_mVillager_farming_ax.bmp" x="137" y="497" w="51" h="36" pX="0.901961" pY="0.833333"/>
        <sprite n="aldeano_farming_ax/058_mVillager_farming_ax.bmp" x="190" y="497" w="35" h="40" pX="0.857143" pY="0.85"/>
        <sprite n="aldeano_farming_ax/059_mVillager_farming_ax.bmp" x="227" y="497" w="28" h="42" pX="0.785714" pY="0.857143"/>
      </direction>

      <direction enum="north">
        <sprite n="aldeano_farming_ax/060_mVillager_farming_ax.bmp" x="257" y="497" w="27" h="47" pX="0.740741" pY="0.87234"/>
        <sprite n="aldeano_farming_ax/061_mVillager_farming_ax.bmp" x="286" y="497" w="26" h="46" pX="0.615385" pY="0.73913"/>
        <sprite n="aldeano_farming_ax/062_mVillager_farming_ax.bmp" x="314" y="497" w="34" h="42" pX="0.352941" pY="0.785714"/>
        <sprite n="aldeano_farming_ax/063_mVillager_farming_ax.bmp" x="350" y="497" w="34" h="42" pX="0.411765" pY="0.809524"/>
        <sprite n="aldeano_farming_ax/064_mVillager_farming_ax.bmp" x="386" y="497" w="27" h="48" pX="0.592593" pY="0.75"/>
        <sprite n="aldeano_farming_ax/065_mVillager_farming_ax.bmp" x="415" y="497" w="46" h="43" pX="0.847826" pY="0.860465"/>
        <sprite n="aldeano_farming_ax/066_mVillager_farming_ax.bmp" x="463" y="497" w="19" h="43" pX="0.578947" pY="0.860465"/>
        <sprite n="aldeano_farming_ax/067_mVillager_farming_ax.bmp" x="484" y="497" w="18" h="43" pX="0.5" pY="0.860465"/>
        <sprite n="aldeano_farming_ax/068_mVillager_farming_ax.bmp" x="504" y="497" w="19" h="43" pX="0.473684" pY="0.860465"/>
        <sprite n="aldeano_farming_ax/069_mVillager_farming_ax.bmp" x="525" y="497" w="19" h="42" pX="0.526316" pY="0.857143"/>
        <sprite n="aldeano_farming_ax/070_mVillager_farming_ax.bmp" x="546" y="497" w="20" h="41" pX="0.6" pY="0.853659"/>
        <sprite n="aldeano_farming_ax/071_mVillager_farming_ax.bmp" x="568" y="497" w="20" h="44" pX="0.65" pY="0.863636"/>
        <sprite n="aldeano_farming_ax/072_mVillager_farming_ax.bmp" x="590" y="497" w="31" h="47" pX="0.806452" pY="0.87234"/>
        <sprite n="aldeano_farming_ax/073_mVillager_farming_ax.bmp" x="623" y="497" w="31" h="48" pX="0.806452" pY="0.875"/>
        <sprite n="aldeano_farming_ax/074_mVillager_farming_ax.bmp" x="656" y="497" w="28" h="47" pX="0.785714" pY="0.851064"/>
      </direction>
    </action>

    <!--Idle Action-->
    <action enum ="idle" speed="200">
      <direction enum="south">
        <sprite n="aldeano_idle_ax/000_mVillager_idle_ax.bmp" x="686" y="497" w="28" h="47" pX="0.392857" pY="0.851064"/>
        <sprite n="aldeano_idle_ax/001_mVillager_idle_ax.bmp" x="716" y="497" w="26" h="49" pX="0.423077" pY="0.857143"/>
        <sprite n="aldeano_idle_ax/002_mVillager_idle_ax.bmp" x="744" y="497" w="26" h="50" pX="0.423077" pY="0.86"/>
        <sprite n="aldeano_idle_ax/003_mVillager_idle_ax.bmp" x="772" y="497" w="25" h="50" pX="0.44" pY="0.86"/>
        <sprite n="aldeano_idle_ax/004_mVillager_idle_ax.bmp" x="799" y="497" w="25" h="50" pX="0.44" pY="0.88"/>
        <sprite n="aldeano_idle_ax/005_mVillager_idle_ax.bmp" x="826" y="497" w="25" h="49" pX="0.44" pY="0.877551"/>
        <sprite n="aldeano_idle_ax/006_mVillager_idle_ax.bmp" x="1" y="549" w="25" h="50" pX="0.44" pY="0.86"/>
        <sprite n="aldeano_idle_ax/007_mVillager_idle_ax.bmp" x="28" y="549" w="26" h="49" pX="0.423077" pY="0.857143"/>
        <sprite n="aldeano_idle_ax/008_mVillager_idle_ax.bmp" x="56" y="549" w="26" h="49" pX="0.423077" pY="0.857143"/>
        <sprite n="aldeano_idle_ax/009_mVillager_idle_ax.bmp" x="84" y="549" w="26" h="48" pX="0.423077" pY="0.854167"/>
        <sprite n="aldeano_idle_ax/010_mVillager_idle_ax.bmp" x="112" y="549" w="27" h="48" pX="0.407407" pY="0.854167"/>
        <sprite n="aldeano_idle_ax/011_mVillager_idle_ax.bmp" x="141" y="549" w="27" h="48" pX="0.407407" pY="0.854167"/>
        <sprite n="aldeano_idle_ax/012_mVillager_idle_ax.bmp" x="170" y="549" w="27" h="47" pX="0.407407" pY="0.851064"/>
        <sprite n="aldeano_idle_ax/013_mVillager_idle_ax.bmp" x="199" y="549" w="27" h="47" pX="0.407407" pY="0.851064"/>
        <sprite n="aldeano_idle_ax/014_mVillager_idle_ax.bmp" x="228" y="549" w="27" h="47" pX="0.407407" pY="0.851064"/>
      </direction>

      <direction enum="south-west">
        <sprite n="aldeano_idle_ax/015_mVillager_idle_ax.bmp" x="257" y="549" w="25" h="44" pX="0.6" pY="0.840909"/>
        <sprite n="aldeano_idle_ax/016_mVillager_idle_ax.bmp" x="284" y="549" w="27" h="45" pX="0.518519" pY="0.844444"/>
        <sprite n="aldeano_idle_ax/017_mVillager_idle_ax.bmp" x="313" y="549" w="27" h="46" pX="0.481481" pY="0.847826"/>
        <sprite n="aldeano_idle_ax/018_mVillager_idle_ax.bmp" x="342" y="549" w="26" h="46" pX="0.5" pY="8.69565"/>
        <sprite n="aldeano_idle_ax/019_mVillager_idle_ax.bmp" x="370" y="549" w="25" h="46" pX="0.52" pY="0.869565"/>
        <sprite n="aldeano_idle_ax/020_mVillager_idle_ax.bmp" x="397" y="549" w="25" h="46" pX="0.52" pY="0.869565"/>
        <sprite n="aldeano_idle_ax/021_mVillager_idle_ax.bmp" x="424" y="549" w="25" h="45" pX="0.56" pY="0.866667"/>
        <sprite n="aldeano_idle_ax/022_mVillager_idle_ax.bmp" x="451" y="549" w="24" h="44" pX="0.583333" pY="0.863636"/>
        <sprite n="aldeano_idle_ax/023_mVillager_idle_ax.bmp" x="477" y="549" w="24" h="44" pX="0.583333" pY="0.863636"/>
        <sprite n="aldeano_idle_ax/024_mVillager_idle_ax.bmp" x="503" y="549" w="24" h="45" pX="0.583333" pY="0.844444"/>
        <sprite n="aldeano_idle_ax/025_mVillager_idle_ax.bmp" x="529" y="549" w="24" h="44" pX="0.583333" pY="0.840909"/>
        <sprite n="aldeano_idle_ax/026_mVillager_idle_ax.bmp" x="555" y="549" w="24" h="44" pX="0.583333" pY="0.840909"/>
        <sprite n="aldeano_idle_ax/027_mVillager_idle_ax.bmp" x="581" y="549" w="24" h="44" pX="0.583333" pY="0.840909"/>
        <sprite n="aldeano_idle_ax/028_mVillager_idle_ax.bmp" x="607" y="549" w="24" h="43" pX="0.583333" pY="0.837209"/>
        <sprite n="aldeano_idle_ax/029_mVillager_idle_ax.bmp" x="633" y="549" w="24" h="44" pX="0.583333" pY="0.840909"/>
      </direction>

      <direction enum="west">
        <sprite n="aldeano_idle_ax/030_mVillager_idle_ax.bmp" x="659" y="549" w="26" h="44" pX="0.653846" pY="0.818182"/>
        <sprite n="aldeano_idle_ax/031_mVillager_idle_ax.bmp" x="687" y="549" w="25" h="44" pX="0.64" pY="0.818182"/>
        <sprite n="aldeano_idle_ax/032_mVillager_idle_ax.bmp" x="714" y="549" w="24" h="44" pX="0.625" pY="0.840909"/>
        <sprite n="aldeano_idle_ax/033_mVillager_idle_ax.bmp" x="740" y="549" w="24" h="44" pX="0.625" pY="0.840909"/>
        <sprite n="aldeano_idle_ax/034_mVillager_idle_ax.bmp" x="766" y="549" w="24" h="44" pX="0.625" pY="0.840909"/>
        <sprite n="aldeano_idle_ax/035_mVillager_idle_ax.bmp" x="792" y="549" w="24" h="44" pX="0.625" pY="0.840909"/>
        <sprite n="aldeano_idle_ax/036_mVillager_idle_ax.bmp" x="818" y="549" w="25" h="44" pX="0.64" pY="0.840909"/>
        <sprite n="aldeano_idle_ax/037_mVillager_idle_ax.bmp" x="1" y="601" w="25" h="44" pX="0.64" pY="0.840909"/>
        <sprite n="aldeano_idle_ax/038_mVillager_idle_ax.bmp" x="28" y="601" w="25" h="44" pX="0.64" pY="0.840909"/>
        <sprite n="aldeano_idle_ax/039_mVillager_idle_ax.bmp" x="55" y="601" w="25" h="45" pX="0.64" pY="0.822222"/>
        <sprite n="aldeano_idle_ax/040_mVillager_idle_ax.bmp" x="82" y="601" w="25" h="45" pX="0.64" pY="0.822222"/>
        <sprite n="aldeano_idle_ax/041_mVillager_idle_ax.bmp" x="109" y="601" w="25" h="45" pX="0.64" pY="0.822222"/>
        <sprite n="aldeano_idle_ax/042_mVillager_idle_ax.bmp" x="136" y="601" w="26" h="45" pX="0.653846" pY="0.822222"/>
        <sprite n="aldeano_idle_ax/043_mVillager_idle_ax.bmp" x="164" y="601" w="26" h="44" pX="0.653846" pY="0.818182"/>
        <sprite n="aldeano_idle_ax/044_mVillager_idle_ax.bmp" x="192" y="601" w="26" h="44" pX="0.653846" pY="0.818182"/>
      </direction>

      <direction enum="north-west">
        <sprite n="aldeano_idle_ax/045_mVillager_idle_ax.bmp" x="220" y="601" w="27" h="43" pX="0.777778" pY="0.883721"/>
        <sprite n="aldeano_idle_ax/046_mVillager_idle_ax.bmp" x="249" y="601" w="23" h="44" pX="0.73913" pY="0.863636"/>
        <sprite n="aldeano_idle_ax/047_mVillager_idle_ax.bmp" x="274" y="601" w="22" h="44" pX="0.727273" pY="0.840909"/>
        <sprite n="aldeano_idle_ax/048_mVillager_idle_ax.bmp" x="298" y="601" w="22" h="43" pX="0.727273" pY="0.860465"/>
        <sprite n="aldeano_idle_ax/049_mVillager_idle_ax.bmp" x="322" y="601" w="22" h="43" pX="0.727273" pY="0.860465"/>
        <sprite n="aldeano_idle_ax/050_mVillager_idle_ax.bmp" x="346" y="601" w="22" h="43" pX="0.727273" pY="0.860465"/>
        <sprite n="aldeano_idle_ax/051_mVillager_idle_ax.bmp" x="370" y="601" w="23" h="43" pX="0.73913" pY="0.883721"/>
        <sprite n="aldeano_idle_ax/052_mVillager_idle_ax.bmp" x="395" y="601" w="24" h="43" pX="0.75" pY="0.883721"/>
        <sprite n="aldeano_idle_ax/053_mVillager_idle_ax.bmp" x="421" y="601" w="25" h="43" pX="0.76" pY="0.883721"/>
        <sprite n="aldeano_idle_ax/054_mVillager_idle_ax.bmp" x="448" y="601" w="26" h="43" pX="0.769231" pY="0.883721"/>
        <sprite n="aldeano_idle_ax/055_mVillager_idle_ax.bmp" x="476" y="601" w="26" h="43" pX="0.769231" pY="0.883721"/>
        <sprite n="aldeano_idle_ax/056_mVillager_idle_ax.bmp" x="504" y="601" w="27" h="43" pX="0.777778" pY="0.883721"/>
        <sprite n="aldeano_idle_ax/057_mVillager_idle_ax.bmp" x="533" y="601" w="27" h="43" pX="0.777778" pY="0.883721"/>
        <sprite n="aldeano_idle_ax/058_mVillager_idle_ax.bmp" x="562" y="601" w="27" h="43" pX="0.777778" pY="0.883721"/>
        <sprite n="aldeano_idle_ax/059_mVillager_idle_ax.bmp" x="591" y="601" w="27" h="43" pX="0.777778" pY="0.883721"/>
      </direction>

      <direction enum="north">
        <sprite n="aldeano_idle_ax/060_mVillager_idle_ax.bmp" x="620" y="601" w="28" h="48" pX="0.75" pY="0.875"/>
        <sprite n="aldeano_idle_ax/061_mVillager_idle_ax.bmp" x="650" y="601" w="27" h="45" pX="0.777778" pY="0.866667"/>
        <sprite n="aldeano_idle_ax/062_mVillager_idle_ax.bmp" x="679" y="601" w="27" h="45" pX="0.777778" pY="0.866667"/>
        <sprite n="aldeano_idle_ax/063_mVillager_idle_ax.bmp" x="708" y="601" w="28" h="46" pX="0.75" pY="0.869565"/>
        <sprite n="aldeano_idle_ax/064_mVillager_idle_ax.bmp" x="738" y="601" w="28" h="46" pX="0.75" pY="0.869565"/>
        <sprite n="aldeano_idle_ax/065_mVillager_idle_ax.bmp" x="768" y="601" w="28" h="47" pX="0.75" pY="0.87234"/>
        <sprite n="aldeano_idle_ax/066_mVillager_idle_ax.bmp" x="798" y="601" w="27" h="48" pX="0.740741" pY="0.875"/>
        <sprite n="aldeano_idle_ax/067_mVillager_idle_ax.bmp" x="1" y="651" w="28" h="48" pX="0.75" pY="0.875"/>
        <sprite n="aldeano_idle_ax/068_mVillager_idle_ax.bmp" x="31" y="651" w="28" h="48" pX="0.75" pY="0.875"/>
        <sprite n="aldeano_idle_ax/069_mVillager_idle_ax.bmp" x="61" y="651" w="28" h="48" pX="0.75" pY="0.875"/>
        <sprite n="aldeano_idle_ax/070_mVillager_idle_ax.bmp" x="91" y="651" w="28" h="48" pX="0.75" pY="0.875"/>
        <sprite n="aldeano_idle_ax/071_mVillager_idle_ax.bmp" x="121" y="651" w="28" h="48" pX="0.75" pY="0.875"/>
        <sprite n="aldeano_idle_ax/072_mVillager_idle_ax.bmp" x="151" y="651" w="28" h="48" pX="0.75" pY="0.875"/>
        <sprite n="aldeano_idle_ax/073_mVillager_idle_ax.bmp" x="181" y="651" w="28" h="48" pX="0.75" pY="0.875"/>
        <sprite n="aldeano_idle_ax/074_mVillager_idle_ax.bmp" x="211" y="651" w="28" h="48" pX="0.75" pY="0.875"/>
      </direction>
    </action>

    <!--Walk Action-->
    <action enum ="walk" speed="200">
      <direction enum="south">
        <sprite n="aldeano_walk_ax/000_mVillager_walk_ax.bmp" x="241" y="651" w="31" h="44" pX="0.419355" pY="0.818182"/>
        <sprite n="aldeano_walk_ax/001_mVillager_walk_ax.bmp" x="274" y="651" w="31" h="44" pX="0.419355" pY="0.818182"/>
        <sprite n="aldeano_walk_ax/002_mVillager_walk_ax.bmp" x="307" y="651" w="31" h="43" pX="0.451613" pY="0.837209"/>
        <sprite n="aldeano_walk_ax/003_mVillager_walk_ax.bmp" x="340" y="651" w="32" h="44" pX="0.4375" pY="0.840909"/>
        <sprite n="aldeano_walk_ax/004_mVillager_walk_ax.bmp" x="374" y="651" w="32" h="45" pX="0.40625" pY="0.822222"/>
        <sprite n="aldeano_walk_ax/005_mVillager_walk_ax.bmp" x="408" y="651" w="32" h="45" pX="0.40625" pY="0.822222"/>
        <sprite n="aldeano_walk_ax/006_mVillager_walk_ax.bmp" x="442" y="651" w="32" h="44" pX="0.375" pY="0.818182"/>
        <sprite n="aldeano_walk_ax/007_mVillager_walk_ax.bmp" x="476" y="651" w="32" h="44" pX="0.375" pY="0.818182"/>
        <sprite n="aldeano_walk_ax/008_mVillager_walk_ax.bmp" x="510" y="651" w="33" h="44" pX="0.363636" pY="0.818182"/>
        <sprite n="aldeano_walk_ax/009_mVillager_walk_ax.bmp" x="545" y="651" w="33" h="44" pX="0.363636" pY="0.818182"/>
        <sprite n="aldeano_walk_ax/010_mVillager_walk_ax.bmp" x="580" y="651" w="32" h="44" pX="0.375" pY="0.818182"/>
        <sprite n="aldeano_walk_ax/011_mVillager_walk_ax.bmp" x="614" y="651" w="32" h="45" pX="0.40625" pY="0.822222"/>
        <sprite n="aldeano_walk_ax/012_mVillager_walk_ax.bmp" x="648" y="651" w="32" h="44" pX="0.40625" pY="0.818182"/>
        <sprite n="aldeano_walk_ax/013_mVillager_walk_ax.bmp" x="682" y="651" w="32" h="44" pX="0.40625" pY="0.818182"/>
        <sprite n="aldeano_walk_ax/014_mVillager_walk_ax.bmp" x="716" y="651" w="32" h="43" pX="0.40625" pY="0.837209"/>
      </direction>

      <direction enum="south-west">
        <sprite n="aldeano_walk_ax/015_mVillager_walk_ax.bmp" x="750" y="651" w="28" h="47" pX="0.642857" pY="0.765957"/>
        <sprite n="aldeano_walk_ax/016_mVillager_walk_ax.bmp" x="780" y="651" w="29" h="48" pX="0.62069" pY="0.770833"/>
        <sprite n="aldeano_walk_ax/017_mVillager_walk_ax.bmp" x="811" y="651" w="29" h="49" pX="0.62069" pY="0.77551"/>
        <sprite n="aldeano_walk_ax/018_mVillager_walk_ax.bmp" x="1" y="702" w="28" h="49" pX="0.642857" pY="0.77551"/>
        <sprite n="aldeano_walk_ax/019_mVillager_walk_ax.bmp" x="31" y="702" w="27" h="49" pX="0.666667" pY="0.77551"/>
        <sprite n="aldeano_walk_ax/020_mVillager_walk_ax.bmp" x="60" y="702" w="27" h="47" pX="0.62963" pY="0.787234"/>
        <sprite n="aldeano_walk_ax/021_mVillager_walk_ax.bmp" x="89" y="702" w="28" h="47" pX="0.607143" pY="0.787234"/>
        <sprite n="aldeano_walk_ax/022_mVillager_walk_ax.bmp" x="119" y="702" w="29" h="46" pX="0.551724" pY="0.782609"/>
        <sprite n="aldeano_walk_ax/023_mVillager_walk_ax.bmp" x="150" y="702" w="29" h="46" pX="0.551724" pY="0.782609"/>
        <sprite n="aldeano_walk_ax/024_mVillager_walk_ax.bmp" x="181" y="702" w="28" h="46" pX="0.571429" pY="0.782609"/>
        <sprite n="aldeano_walk_ax/025_mVillager_walk_ax.bmp" x="211" y="702" w="28" h="47" pX="0.607143" pY="0.787234"/>
        <sprite n="aldeano_walk_ax/026_mVillager_walk_ax.bmp" x="241" y="702" w="27" h="47" pX="0.62963" pY="0.787234"/>
        <sprite n="aldeano_walk_ax/027_mVillager_walk_ax.bmp" x="270" y="702" w="26" h="48" pX="0.653846" pY="0.770833"/>
        <sprite n="aldeano_walk_ax/028_mVillager_walk_ax.bmp" x="298" y="702" w="25" h="48" pX="0.68" pY="0.770833"/>
        <sprite n="aldeano_walk_ax/029_mVillager_walk_ax.bmp" x="325" y="702" w="27" h="48" pX="0.666667" pY="0.770833"/>
      </direction>

      <direction enum="west">
        <sprite n="aldeano_walk_ax/030_mVillager_walk_ax.bmp" x="354" y="702" w="27" h="48" pX="0.62963" pY="0.791667"/>
        <sprite n="aldeano_walk_ax/031_mVillager_walk_ax.bmp" x="383" y="702" w="29" h="47" pX="0.62069" pY="0.808511"/>
        <sprite n="aldeano_walk_ax/032_mVillager_walk_ax.bmp" x="414" y="702" w="30" h="48" pX="0.6" pY="0.8125"/>
        <sprite n="aldeano_walk_ax/033_mVillager_walk_ax.bmp" x="446" y="702" w="28" h="48" pX="0.607143" pY="0.8125"/>
        <sprite n="aldeano_walk_ax/034_mVillager_walk_ax.bmp" x="476" y="702" w="26" h="49" pX="0.653846" pY="0.795918"/>
        <sprite n="aldeano_walk_ax/035_mVillager_walk_ax.bmp" x="504" y="702" w="24" h="48" pX="0.75" pY="0.791667"/>
        <sprite n="aldeano_walk_ax/036_mVillager_walk_ax.bmp" x="530" y="702" w="25" h="49" pX="0.72" pY="0.77551"/>
        <sprite n="aldeano_walk_ax/037_mVillager_walk_ax.bmp" x="557" y="702" w="27" h="48" pX="0.666667" pY="0.770833"/>
        <sprite n="aldeano_walk_ax/038_mVillager_walk_ax.bmp" x="586" y="702" w="29" h="48" pX="0.62069" pY="0.770833"/>
        <sprite n="aldeano_walk_ax/039_mVillager_walk_ax.bmp" x="617" y="702" w="29" h="48" pX="0.62069" pY="0.770833"/>
        <sprite n="aldeano_walk_ax/040_mVillager_walk_ax.bmp" x="648" y="702" w="28" h="49" pX="0.642857" pY="0.77551"/>
        <sprite n="aldeano_walk_ax/041_mVillager_walk_ax.bmp" x="678" y="702" w="25" h="49" pX="0.68" pY="0.795918"/>
        <sprite n="aldeano_walk_ax/042_mVillager_walk_ax.bmp" x="705" y="702" w="23" h="49" pX="0.73913" pY="0.795918"/>
        <sprite n="aldeano_walk_ax/043_mVillager_walk_ax.bmp" x="730" y="702" w="24" h="49" pX="0.708333" pY="0.77551"/>
        <sprite n="aldeano_walk_ax/044_mVillager_walk_ax.bmp" x="756" y="702" w="26" h="48" pX="0.961538" pY="0.8125"/>
      </direction>

      <direction enum="north-west">
        <sprite n="aldeano_walk_ax/045_mVillager_walk_ax.bmp" x="784" y="702" w="31" h="45" pX="0.806452" pY="0.888889"/>
        <sprite n="aldeano_walk_ax/046_mVillager_walk_ax.bmp" x="817" y="702" w="32" h="46" pX="0.78125" pY="0.869565"/>
        <sprite n="aldeano_walk_ax/047_mVillager_walk_ax.bmp" x="1" y="753" w="32" h="47" pX="0.78125" pY="0.851064"/>
        <sprite n="aldeano_walk_ax/048_mVillager_walk_ax.bmp" x="35" y="753" w="32" h="46" pX="0.78125" pY="0.869565"/>
        <sprite n="aldeano_walk_ax/049_mVillager_walk_ax.bmp" x="69" y="753" w="31" h="45" pX="0.774194" pY="0.888889"/>
        <sprite n="aldeano_walk_ax/050_mVillager_walk_ax.bmp" x="102" y="753" w="30" h="45" pX="0.8" pY="0.888889"/>
        <sprite n="aldeano_walk_ax/051_mVillager_walk_ax.bmp" x="134" y="753" w="30" h="45" pX="0.766667" pY="0.866667"/>
        <sprite n="aldeano_walk_ax/052_mVillager_walk_ax.bmp" x="166" y="753" w="31" h="45" pX="0.709677" pY="0.844444"/>
        <sprite n="aldeano_walk_ax/053_mVillager_walk_ax.bmp" x="199" y="753" w="32" h="45" pX="0.6875" pY="0.844444"/>
        <sprite n="aldeano_walk_ax/054_mVillager_walk_ax.bmp" x="233" y="753" w="34" h="45" pX="0.676471" pY="0.866667"/>
        <sprite n="aldeano_walk_ax/055_mVillager_walk_ax.bmp" x="269" y="753" w="33" h="45" pX="0.69697" pY="0.866667"/>
        <sprite n="aldeano_walk_ax/056_mVillager_walk_ax.bmp" x="304" y="753" w="33" h="45" pX="0.727273" pY="0.888889"/>
        <sprite n="aldeano_walk_ax/057_mVillager_walk_ax.bmp" x="339" y="753" w="31" h="45" pX="0.806452" pY="0.888889"/>
        <sprite n="aldeano_walk_ax/058_mVillager_walk_ax.bmp" x="372" y="753" w="31" h="45" pX="0.806452" pY="0.888889"/>
        <sprite n="aldeano_walk_ax/059_mVillager_walk_ax.bmp" x="405" y="753" w="31" h="45" pX="0.806452" pY="0.888889"/>
      </direction>

      <direction enum="north">
        <sprite n="aldeano_walk_ax/060_mVillager_walk_ax.bmp" x="438" y="753" w="31" h="46" pX="0.677419" pY="0.869565"/>
        <sprite n="aldeano_walk_ax/061_mVillager_walk_ax.bmp" x="471" y="753" w="31" h="47" pX="0.677419" pY="0.851064"/>
        <sprite n="aldeano_walk_ax/062_mVillager_walk_ax.bmp" x="504" y="753" w="31" h="47" pX="0.677419" pY="0.851064"/>
        <sprite n="aldeano_walk_ax/063_mVillager_walk_ax.bmp" x="537" y="753" w="31" h="46" pX="0.677419" pY="0.869565"/>
        <sprite n="aldeano_walk_ax/064_mVillager_walk_ax.bmp" x="570" y="753" w="32" h="45" pX="0.6875" pY="0.888889"/>
        <sprite n="aldeano_walk_ax/065_mVillager_walk_ax.bmp" x="604" y="753" w="32" h="44" pX="0.71875" pY="0.909091"/>
        <sprite n="aldeano_walk_ax/066_mVillager_walk_ax.bmp" x="638" y="753" w="34" h="44" pX="0.735294" pY="0.909091"/>
        <sprite n="aldeano_walk_ax/067_mVillager_walk_ax.bmp" x="674" y="753" w="33" h="45" pX="0.757576" pY="0.866667"/>
        <sprite n="aldeano_walk_ax/068_mVillager_walk_ax.bmp" x="709" y="753" w="32" h="45" pX="0.78125" pY="0.844444"/>
        <sprite n="aldeano_walk_ax/069_mVillager_walk_ax.bmp" x="743" y="753" w="32" h="46" pX="0.75" pY="0.847826"/>
        <sprite n="aldeano_walk_ax/070_mVillager_walk_ax.bmp" x="777" y="753" w="34" h="46" pX="0.735294" pY="0.869565"/>
        <sprite n="aldeano_walk_ax/071_mVillager_walk_ax.bmp" x="813" y="753" w="33" h="45" pX="0.727273" pY="0.888889"/>
        <sprite n="aldeano_walk_ax/072_mVillager_walk_ax.bmp" x="1" y="802" w="32" h="43" pX="0.6875" pY="0.930233"/>
        <sprite n="aldeano_walk_ax/073_mVillager_walk_ax.bmp" x="35" y="802" w="33" h="45" pX="0.69697" pY="0.888889"/>
        <sprite n="aldeano_walk_ax/074_mVillager_walk_ax.bmp" x="70" y="802" w="33" h="45" pX="0.69697" pY="0.888889"/>
      </direction>
    </action>
  </unit>
</TextureAtlas>
