<?xml version="1.0" encoding="UTF-8"?>
<!-- Created with TexturePacker http://www.codeandweb.com/texturepacker-->
<!-- $TexturePacker:SmartUpdate:e04c5a6fef750839a848fa78e5e6fc5c:330f88fab696df075a7851fcfa9662f9:7fb67cc21bedd7bc59579d4c469a8b38$ -->
<!--Format:
n  => name of the sprite
x  => sprite x pos in texture
y  => sprite y pos in texture
w  => sprite width (may be trimmed)
h  => sprite height (may be trimmed)
pX => x pos of the pivot point (relative to sprite width)
pY => y pos of the pivot point (relative to sprite height)
oX => sprite's x-corner offset (only available if trimmed)
oY => sprite's y-corner offset (only available if trimmed)
oW => sprite's original width (only available if trimmed)
oH => sprite's original height (only available if trimmed)
r => 'y' only set if sprite is rotated
with polygon mode enabled:
vertices   => points in sprite coordinate system (x0,y0,x1,y1,x2,y2, ...)
verticesUV => points in sheet coordinate system (x0,y0,x1,y1,x2,y2, ...)
triangles  => sprite triangulation, 3 vertex indices per triangle
-->
<TextureAtlas imagePath="villager_basket.png" width="942" height="942">
  <unit id="villager_basket">


    <!--Attack Action-->
    <action enum ="attack" speed="200">
      <direction enum="south">
        <sprite n="aldeano_attack_basket/000_mVillager_attack_basket.bmp" x="1" y="1" w="27" h="41" pX="0.407407" pY="0.853659"/>
        <sprite n="aldeano_attack_basket/001_mVillager_attack_basket.bmp" x="30" y="1" w="24" h="39" pX="0.333333" pY="0.846154"/>
        <sprite n="aldeano_attack_basket/002_mVillager_attack_basket.bmp" x="56" y="1" w="25" h="38" pX="0.32" pY="0.815789"/>
        <sprite n="aldeano_attack_basket/003_mVillager_attack_basket.bmp" x="83" y="1" w="27" h="36" pX="0.296296" pY="0.777778"/>
        <sprite n="aldeano_attack_basket/004_mVillager_attack_basket.bmp" x="112" y="1" w="23" h="34" pX="0.304348" pY="0.764706"/>
        <sprite n="aldeano_attack_basket/005_mVillager_attack_basket.bmp" x="137" y="1" w="22" h="35" pX="0.363636" pY="0.771429"/>
        <sprite n="aldeano_attack_basket/006_mVillager_attack_basket.bmp" x="161" y="1" w="28" h="35" pX="0.285714" pY="0.742857"/>
        <sprite n="aldeano_attack_basket/007_mVillager_attack_basket.bmp" x="191" y="1" w="27" h="49" pX="0.296296" pY="0.571429"/>
        <sprite n="aldeano_attack_basket/008_mVillager_attack_basket.bmp" x="220" y="1" w="54" h="37" pX="0.555556" pY="0.675676"/>
        <sprite n="aldeano_attack_basket/009_mVillager_attack_basket.bmp" x="276" y="1" w="28" h="58" pX="0.428571" pY="0.862069"/>
        <sprite n="aldeano_attack_basket/010_mVillager_attack_basket.bmp" x="306" y="1" w="24" h="55" pX="0.458333" pY="0.872727"/>
        <sprite n="aldeano_attack_basket/011_mVillager_attack_basket.bmp" x="332" y="1" w="18" h="50" pX="0.611111" pY="0.86"/>
        <sprite n="aldeano_attack_basket/012_mVillager_attack_basket.bmp" x="352" y="1" w="27" h="40" pX="0.703704" pY="0.825"/>
        <sprite n="aldeano_attack_basket/013_mVillager_attack_basket.bmp" x="381" y="1" w="35" h="39" pX="0.657143" pY="0.820513"/>
        <sprite n="aldeano_attack_basket/014_mVillager_attack_basket.bmp" x="418" y="1" w="30" h="40" pX="0.5" pY="0.825"/>
      </direction>

      <direction enum="south-west">
        <sprite n="aldeano_attack_basket/015_mVillager_attack_basket.bmp" x="450" y="1" w="27" h="40" pX="0.481481" pY="0.825"/>
        <sprite n="aldeano_attack_basket/016_mVillager_attack_basket.bmp" x="479" y="1" w="28" h="38" pX="0.464286" pY="0.842105"/>
        <sprite n="aldeano_attack_basket/017_mVillager_attack_basket.bmp" x="509" y="1" w="28" h="35" pX="0.464286" pY="0.828571"/>
        <sprite n="aldeano_attack_basket/018_mVillager_attack_basket.bmp" x="539" y="1" w="29" h="33" pX="0.448276" pY="0.787879"/>
        <sprite n="aldeano_attack_basket/019_mVillager_attack_basket.bmp" x="570" y="1" w="32" h="31" pX="0.46875" pY="0.774194"/>
        <sprite n="aldeano_attack_basket/020_mVillager_attack_basket.bmp" x="604" y="1" w="31" h="31" pX="0.483871" pY="0.741935"/>
        <sprite n="aldeano_attack_basket/021_mVillager_attack_basket.bmp" x="637" y="1" w="32" h="34" pX="0.46875" pY="0.705882"/>
        <sprite n="aldeano_attack_basket/022_mVillager_attack_basket.bmp" x="671" y="1" w="41" h="44" pX="0.560976" pY="0.545455"/>
        <sprite n="aldeano_attack_basket/023_mVillager_attack_basket.bmp" x="714" y="1" w="51" h="48" pX="0.686275" pY="0.75"/>
        <sprite n="aldeano_attack_basket/024_mVillager_attack_basket.bmp" x="767" y="1" w="28" h="59" pX="0.642857" pY="0.813559"/>
        <sprite n="aldeano_attack_basket/025_mVillager_attack_basket.bmp" x="797" y="1" w="33" h="51" pX="0.515152" pY="0.843137"/>
        <sprite n="aldeano_attack_basket/026_mVillager_attack_basket.bmp" x="832" y="1" w="27" h="48" pX="0.555556" pY="0.875"/>
        <sprite n="aldeano_attack_basket/027_mVillager_attack_basket.bmp" x="861" y="1" w="21" h="42" pX="0.571429" pY="0.857143"/>
        <sprite n="aldeano_attack_basket/028_mVillager_attack_basket.bmp" x="884" y="1" w="26" h="39" pX="0.653846" pY="0.820513"/>
        <sprite n="aldeano_attack_basket/029_mVillager_attack_basket.bmp" x="912" y="1" w="29" h="41" pX="0.62069" pY="0.804878"/>
      </direction>

      <direction enum="west">
        <sprite n="aldeano_attack_basket/030_mVillager_attack_basket.bmp" x="1" y="62" w="24" h="43" pX="0.625" pY="0.790698"/>
        <sprite n="aldeano_attack_basket/031_mVillager_attack_basket.bmp" x="27" y="62" w="25" h="41" pX="0.6" pY="0.780488"/>
        <sprite n="aldeano_attack_basket/032_mVillager_attack_basket.bmp" x="54" y="62" w="27" h="38" pX="0.555556" pY="0.789474"/>
        <sprite n="aldeano_attack_basket/033_mVillager_attack_basket.bmp" x="83" y="62" w="29" h="35" pX="0.517241" pY="0.771429"/>
        <sprite n="aldeano_attack_basket/034_mVillager_attack_basket.bmp" x="114" y="62" w="31" h="34" pX="0.516129" pY="0.735294"/>
        <sprite n="aldeano_attack_basket/035_mVillager_attack_basket.bmp" x="147" y="62" w="32" h="30" pX="0.5" pY="0.766667"/>
        <sprite n="aldeano_attack_basket/036_mVillager_attack_basket.bmp" x="181" y="62" w="36" h="34" pX="0.555556" pY="0.735294"/>
        <sprite n="aldeano_attack_basket/037_mVillager_attack_basket.bmp" x="219" y="62" w="55" h="39" pX="0.781818" pY="0.74359"/>
        <sprite n="aldeano_attack_basket/038_mVillager_attack_basket.bmp" x="276" y="62" w="35" h="59" pX="0.771429" pY="0.779661"/>
        <sprite n="aldeano_attack_basket/039_mVillager_attack_basket.bmp" x="313" y="62" w="34" h="52" pX="0.558824" pY="0.826923"/>
        <sprite n="aldeano_attack_basket/040_mVillager_attack_basket.bmp" x="349" y="62" w="38" h="44" pX="0.447368" pY="0.840909"/>
        <sprite n="aldeano_attack_basket/041_mVillager_attack_basket.bmp" x="389" y="62" w="40" h="40" pX="0.425" pY="0.875"/>
        <sprite n="aldeano_attack_basket/042_mVillager_attack_basket.bmp" x="431" y="62" w="33" h="39" pX="0.515152" pY="0.871795"/>
        <sprite n="aldeano_attack_basket/043_mVillager_attack_basket.bmp" x="466" y="62" w="24" h="40" pX="0.625" pY="0.825"/>
        <sprite n="aldeano_attack_basket/044_mVillager_attack_basket.bmp" x="492" y="62" w="23" h="41" pX="0.608696" pY="0.804878"/>
      </direction>

      <direction enum="north-west">
        <sprite n="aldeano_attack_basket/045_mVillager_attack_basket.bmp" x="517" y="62" w="21" h="43" pX="0.761905" pY="0.837209"/>
        <sprite n="aldeano_attack_basket/046_mVillager_attack_basket.bmp" x="540" y="62" w="22" h="43" pX="0.727273" pY="0.813953"/>
        <sprite n="aldeano_attack_basket/047_mVillager_attack_basket.bmp" x="564" y="62" w="23" h="41" pX="0.73913" pY="0.804878"/>
        <sprite n="aldeano_attack_basket/048_mVillager_attack_basket.bmp" x="589" y="62" w="27" h="39" pX="0.666667" pY="0.794872"/>
        <sprite n="aldeano_attack_basket/049_mVillager_attack_basket.bmp" x="618" y="62" w="29" h="36" pX="0.62069" pY="0.777778"/>
        <sprite n="aldeano_attack_basket/050_mVillager_attack_basket.bmp" x="649" y="62" w="33" h="35" pX="0.606061" pY="0.771429"/>
        <sprite n="aldeano_attack_basket/051_mVillager_attack_basket.bmp" x="684" y="62" w="33" h="39" pX="0.666667" pY="0.769231"/>
        <sprite n="aldeano_attack_basket/052_mVillager_attack_basket.bmp" x="719" y="62" w="44" h="45" pX="0.886364" pY="1.22222"/>
        <sprite n="aldeano_attack_basket/053_mVillager_attack_basket.bmp" x="765" y="62" w="28" h="58" pX="0.857143" pY="0.862069"/>
        <sprite n="aldeano_attack_basket/054_mVillager_attack_basket.bmp" x="795" y="62" w="33" h="43" pX="0.666667" pY="0.883721"/>
        <sprite n="aldeano_attack_basket/055_mVillager_attack_basket.bmp" x="830" y="62" w="31" h="46" pX="0.548387" pY="0.826087"/>
        <sprite n="aldeano_attack_basket/056_mVillager_attack_basket.bmp" x="863" y="62" w="35" h="44" pX="0.4" pY="0.863636"/>
        <sprite n="aldeano_attack_basket/057_mVillager_attack_basket.bmp" x="900" y="62" w="40" h="43" pX="0.4" pY="0.860465"/>
        <sprite n="aldeano_attack_basket/058_mVillager_attack_basket.bmp" x="1" y="123" w="31" h="42" pX="0.516129" pY="0.857143"/>
        <sprite n="aldeano_attack_basket/059_mVillager_attack_basket.bmp" x="34" y="123" w="22" h="42" pX="0.727273" pY="0.857143"/>
      </direction>

      <direction enum="north">
        <sprite n="aldeano_attack_basket/060_mVillager_attack_basket.bmp" x="58" y="123" w="25" h="44" pX="0.72" pY="0.863636"/>
        <sprite n="aldeano_attack_basket/061_mVillager_attack_basket.bmp" x="85" y="123" w="25" h="43" pX="0.72" pY="0.860465"/>
        <sprite n="aldeano_attack_basket/062_mVillager_attack_basket.bmp" x="112" y="123" w="24" h="43" pX="0.708333" pY="0.837209"/>
        <sprite n="aldeano_attack_basket/063_mVillager_attack_basket.bmp" x="138" y="123" w="26" h="42" pX="0.730769" pY="0.809524"/>
        <sprite n="aldeano_attack_basket/064_mVillager_attack_basket.bmp" x="166" y="123" w="26" h="40" pX="0.730769" pY="0.8"/>
        <sprite n="aldeano_attack_basket/065_mVillager_attack_basket.bmp" x="194" y="123" w="25" h="41" pX="0.72" pY="0.780488"/>
        <sprite n="aldeano_attack_basket/066_mVillager_attack_basket.bmp" x="221" y="123" w="27" h="43" pX="0.740741" pY="0.813953"/>
        <sprite n="aldeano_attack_basket/067_mVillager_attack_basket.bmp" x="250" y="123" w="29" h="45" pX="0.758621" pY="0.866667"/>
        <sprite n="aldeano_attack_basket/068_mVillager_attack_basket.bmp" x="281" y="123" w="49" h="50" pX="0.530612" pY="0.9"/>
        <sprite n="aldeano_attack_basket/069_mVillager_attack_basket.bmp" x="332" y="123" w="25" h="45" pX="0.72" pY="0.844444"/>
        <sprite n="aldeano_attack_basket/070_mVillager_attack_basket.bmp" x="359" y="123" w="22" h="49" pX="0.681818" pY="0.77551"/>
        <sprite n="aldeano_attack_basket/071_mVillager_attack_basket.bmp" x="383" y="123" w="15" h="49" pX="0.533333" pY="0.77551"/>
        <sprite n="aldeano_attack_basket/072_mVillager_attack_basket.bmp" x="400" y="123" w="30" h="47" pX="0.366667" pY="0.829787"/>
        <sprite n="aldeano_attack_basket/073_mVillager_attack_basket.bmp" x="432" y="123" w="36" h="44" pX="0.388889" pY="0.863636"/>
        <sprite n="aldeano_attack_basket/074_mVillager_attack_basket.bmp" x="470" y="123" w="29" h="44" pX="0.586207" pY="0.863636"/>
      </direction>
    </action>


    <!--Die Action-->
    <action enum ="die" speed="200">
      <direction enum="south">
        <sprite n="aldeano_die_basket/000_mVillager_die_basket.bmp" x="501" y="123" w="23" h="41" pX="0.391304" pY="0.853659"/>
        <sprite n="aldeano_die_basket/001_mVillager_die_basket.bmp" x="526" y="123" w="27" h="39" pX="0.111111" pY="0.820513"/>
        <sprite n="aldeano_die_basket/002_mVillager_die_basket.bmp" x="555" y="123" w="28" h="37" pX="0.285714" pY="0.72973"/>
        <sprite n="aldeano_die_basket/003_mVillager_die_basket.bmp" x="585" y="123" w="31" h="33" pX="0.322581" pY="0.666667"/>
        <sprite n="aldeano_die_basket/004_mVillager_die_basket.bmp" x="618" y="123" w="31" h="33" pX="0.322581" pY="0.636364"/>
        <sprite n="aldeano_die_basket/005_mVillager_die_basket.bmp" x="651" y="123" w="31" h="34" pX="0.322581" pY="0.617647"/>
        <sprite n="aldeano_die_basket/006_mVillager_die_basket.bmp" x="684" y="123" w="31" h="34" pX="0.322581" pY="0.617647"/>
        <sprite n="aldeano_die_basket/007_mVillager_die_basket.bmp" x="717" y="123" w="31" h="33" pX="0.322581" pY="0.606061"/>
        <sprite n="aldeano_die_basket/008_mVillager_die_basket.bmp" x="750" y="123" w="31" h="33" pX="0.322581" pY="0.515152"/>
        <sprite n="aldeano_die_basket/009_mVillager_die_basket.bmp" x="783" y="123" w="33" h="30" pX="0.363636" pY="0.4"/>
        <sprite n="aldeano_die_basket/010_mVillager_die_basket.bmp" x="818" y="123" w="36" h="33" pX="0.416667" pY="0.30303"/>
        <sprite n="aldeano_die_basket/011_mVillager_die_basket.bmp" x="856" y="123" w="39" h="39" pX="0.461538" pY="0.25641"/>
        <sprite n="aldeano_die_basket/012_mVillager_die_basket.bmp" x="897" y="123" w="39" h="39" pX="0.461538" pY="0.25641"/>
        <sprite n="aldeano_die_basket/013_mVillager_die_basket.bmp" x="1" y="175" w="39" h="40" pX="0.461538" pY="0.25"/>
        <sprite n="aldeano_die_basket/014_mVillager_die_basket.bmp" x="42" y="175" w="36" h="41" pX="0.416667" pY="0.243902"/>
      </direction>

      <direction enum="south-west">
        <sprite n="aldeano_die_basket/015_mVillager_die_basket.bmp" x="80" y="175" w="24" h="41" pX="0.5" pY="0.853659"/>
        <sprite n="aldeano_die_basket/016_mVillager_die_basket.bmp" x="106" y="175" w="28" h="40" pX="0.464286" pY="0.8"/>
        <sprite n="aldeano_die_basket/017_mVillager_die_basket.bmp" x="136" y="175" w="32" h="35" pX="0.46875" pY="0.771429"/>
        <sprite n="aldeano_die_basket/018_mVillager_die_basket.bmp" x="170" y="175" w="36" h="31" pX="0.5" pY="0.741935"/>
        <sprite n="aldeano_die_basket/019_mVillager_die_basket.bmp" x="208" y="175" w="36" h="32" pX="0.5" pY="0.6875"/>
        <sprite n="aldeano_die_basket/020_mVillager_die_basket.bmp" x="246" y="175" w="36" h="32" pX="0.5" pY="0.6875"/>
        <sprite n="aldeano_die_basket/021_mVillager_die_basket.bmp" x="284" y="175" w="37" h="32" pX="0.513514" pY="0.6875"/>
        <sprite n="aldeano_die_basket/022_mVillager_die_basket.bmp" x="323" y="175" w="38" h="32" pX="0.526316" pY="0.65625"/>
        <sprite n="aldeano_die_basket/023_mVillager_die_basket.bmp" x="363" y="175" w="41" h="32" pX="0.560976" pY="0.59375"/>
        <sprite n="aldeano_die_basket/024_mVillager_die_basket.bmp" x="406" y="175" w="47" h="29" pX="0.617021" pY="0.482759"/>
        <sprite n="aldeano_die_basket/025_mVillager_die_basket.bmp" x="455" y="175" w="54" h="26" pX="0.666667" pY="0.269231"/>
        <sprite n="aldeano_die_basket/026_mVillager_die_basket.bmp" x="511" y="175" w="58" h="29" pX="0.689655" pY="0.241379"/>
        <sprite n="aldeano_die_basket/027_mVillager_die_basket.bmp" x="571" y="175" w="58" h="29" pX="0.689655" pY="0.241379"/>
        <sprite n="aldeano_die_basket/028_mVillager_die_basket.bmp" x="631" y="175" w="59" h="30" pX="0.694915" pY="0.233333"/>
        <sprite n="aldeano_die_basket/029_mVillager_die_basket.bmp" x="692" y="175" w="60" h="30" pX="0.7" pY="0.233333"/>
      </direction>

      <direction enum="west">
        <sprite n="aldeano_die_basket/030_mVillager_die_basket.bmp" x="754" y="175" w="21" h="43" pX="0.571429" pY="0.813953"/>
        <sprite n="aldeano_die_basket/031_mVillager_die_basket.bmp" x="777" y="175" w="22" h="43" pX="0.636364" pY="0.767442"/>
        <sprite n="aldeano_die_basket/032_mVillager_die_basket.bmp" x="801" y="175" w="25" h="41" pX="0.72" pY="0.731707"/>
        <sprite n="aldeano_die_basket/033_mVillager_die_basket.bmp" x="828" y="175" w="29" h="39" pX="0.758621" pY="0.692308"/>
        <sprite n="aldeano_die_basket/034_mVillager_die_basket.bmp" x="859" y="175" w="30" h="38" pX="0.766667" pY="0.684211"/>
        <sprite n="aldeano_die_basket/035_mVillager_die_basket.bmp" x="891" y="175" w="31" h="37" pX="0.774194" pY="0.675676"/>
        <sprite n="aldeano_die_basket/036_mVillager_die_basket.bmp" x="1" y="220" w="32" h="37" pX="0.78125" pY="0.675676"/>
        <sprite n="aldeano_die_basket/037_mVillager_die_basket.bmp" x="35" y="220" w="34" h="36" pX="0.794118" pY="0.666667"/>
        <sprite n="aldeano_die_basket/038_mVillager_die_basket.bmp" x="71" y="220" w="39" h="36" pX="0.820513" pY="1.16667"/>
        <sprite n="aldeano_die_basket/039_mVillager_die_basket.bmp" x="112" y="220" w="44" h="35" pX="0.840909" pY="0.657143"/>
        <sprite n="aldeano_die_basket/040_mVillager_die_basket.bmp" x="158" y="220" w="53" h="30" pX="0.867925" pY="0.6"/>
        <sprite n="aldeano_die_basket/041_mVillager_die_basket.bmp" x="213" y="220" w="62" h="22" pX="0.887097" pY="0.454545"/>
        <sprite n="aldeano_die_basket/042_mVillager_die_basket.bmp" x="277" y="220" w="62" h="23" pX="0.887097" pY="0.478261"/>
        <sprite n="aldeano_die_basket/043_mVillager_die_basket.bmp" x="341" y="220" w="63" h="22" pX="0.888889" pY="0.454545"/>
        <sprite n="aldeano_die_basket/044_mVillager_die_basket.bmp" x="406" y="220" w="64" h="20" pX="0.890625" pY="0.4"/>
      </direction>

      <direction enum="north-west">
        <sprite n="aldeano_die_basket/045_mVillager_die_basket.bmp" x="472" y="220" w="17" h="44" pX="0.764706" pY="0.840909"/>
        <sprite n="aldeano_die_basket/046_mVillager_die_basket.bmp" x="491" y="220" w="19" h="44" pX="0.789474" pY="0.818182"/>
        <sprite n="aldeano_die_basket/047_mVillager_die_basket.bmp" x="512" y="220" w="23" h="43" pX="0.695652" pY="0.767442"/>
        <sprite n="aldeano_die_basket/048_mVillager_die_basket.bmp" x="537" y="220" w="27" h="42" pX="0.666667" pY="0.761905"/>
        <sprite n="aldeano_die_basket/049_mVillager_die_basket.bmp" x="566" y="220" w="27" h="41" pX="0.666667" pY="0.756098"/>
        <sprite n="aldeano_die_basket/050_mVillager_die_basket.bmp" x="595" y="220" w="28" h="40" pX="0.678571" pY="0.75"/>
        <sprite n="aldeano_die_basket/051_mVillager_die_basket.bmp" x="625" y="220" w="30" h="38" pX="0.7" pY="0.736842"/>
        <sprite n="aldeano_die_basket/052_mVillager_die_basket.bmp" x="657" y="220" w="31" h="38" pX="0.709677" pY="0.736842"/>
        <sprite n="aldeano_die_basket/053_mVillager_die_basket.bmp" x="690" y="220" w="35" h="40" pX="0.742857" pY="0.75"/>
        <sprite n="aldeano_die_basket/054_mVillager_die_basket.bmp" x="727" y="220" w="40" h="43" pX="0.775" pY="0.767442"/>
        <sprite n="aldeano_die_basket/055_mVillager_die_basket.bmp" x="769" y="220" w="46" h="41" pX="0.804348" pY="0.756098"/>
        <sprite n="aldeano_die_basket/056_mVillager_die_basket.bmp" x="817" y="220" w="50" h="31" pX="0.82" pY="0.677419"/>
        <sprite n="aldeano_die_basket/057_mVillager_die_basket.bmp" x="869" y="220" w="49" h="31" pX="0.816327" pY="0.677419"/>
        <sprite n="aldeano_die_basket/058_mVillager_die_basket.bmp" x="1" y="266" w="51" h="32" pX="0.823529" pY="0.6875"/>
        <sprite n="aldeano_die_basket/059_mVillager_die_basket.bmp" x="54" y="266" w="50" h="32" pX="0.84" pY="0.6875"/>
      </direction>

      <direction enum="north">
        <sprite n="aldeano_die_basket/060_mVillager_die_basket.bmp" x="106" y="266" w="22" h="44" pX="0.727273" pY="0.863636"/>
        <sprite n="aldeano_die_basket/061_mVillager_die_basket.bmp" x="130" y="266" w="25" h="42" pX="0.76" pY="0.880952"/>
        <sprite n="aldeano_die_basket/062_mVillager_die_basket.bmp" x="157" y="266" w="28" h="41" pX="0.75" pY="0.878049"/>
        <sprite n="aldeano_die_basket/063_mVillager_die_basket.bmp" x="187" y="266" w="30" h="40" pX="0.7" pY="0.875"/>
        <sprite n="aldeano_die_basket/064_mVillager_die_basket.bmp" x="219" y="266" w="31" h="38" pX="0.709677" pY="0.868421"/>
        <sprite n="aldeano_die_basket/065_mVillager_die_basket.bmp" x="252" y="266" w="31" h="37" pX="0.709677" pY="0.864865"/>
        <sprite n="aldeano_die_basket/066_mVillager_die_basket.bmp" x="285" y="266" w="31" h="36" pX="0.709677" pY="0.861111"/>
        <sprite n="aldeano_die_basket/067_mVillager_die_basket.bmp" x="318" y="266" w="31" h="36" pX="0.709677" pY="0.861111"/>
        <sprite n="aldeano_die_basket/068_mVillager_die_basket.bmp" x="351" y="266" w="31" h="38" pX="0.709677" pY="0.868421"/>
        <sprite n="aldeano_die_basket/069_mVillager_die_basket.bmp" x="384" y="266" w="32" h="43" pX="0.6875" pY="0.883721"/>
        <sprite n="aldeano_die_basket/070_mVillager_die_basket.bmp" x="418" y="266" w="36" h="43" pX="0.611111" pY="0.883721"/>
        <sprite n="aldeano_die_basket/071_mVillager_die_basket.bmp" x="456" y="266" w="39" h="33" pX="0.564103" pY="0.848485"/>
        <sprite n="aldeano_die_basket/072_mVillager_die_basket.bmp" x="497" y="266" w="39" h="33" pX="0.564103" pY="0.848485"/>
        <sprite n="aldeano_die_basket/073_mVillager_die_basket.bmp" x="538" y="266" w="39" h="35" pX="0.564103" pY="0.857143"/>
        <sprite n="aldeano_die_basket/074_mVillager_die_basket.bmp" x="579" y="266" w="36" h="35" pX="0.611111" pY="0.857143"/>
      </direction>
    </action>


    <!--Disappear Action-->
    <action enum ="disappear" speed="200">
      <direction enum="south">
        <sprite n="aldeano_dissapear_basket/000_mVillager_dissapea_basket.bmp" x="617" y="266" w="36" h="41" pX="0.416667" pY="0.243902"/>
        <sprite n="aldeano_dissapear_basket/001_mVillager_dissapea_basket.bmp" x="655" y="266" w="33" h="40" pX="0.363636" pY="0.25"/>
        <sprite n="aldeano_dissapear_basket/002_mVillager_dissapea_basket.bmp" x="690" y="266" w="33" h="39" pX="0.363636" pY="0.25641"/>
        <sprite n="aldeano_dissapear_basket/003_mVillager_dissapea_basket.bmp" x="725" y="266" w="33" h="39" pX="0.363636" pY="0.25641"/>
        <sprite n="aldeano_dissapear_basket/004_mVillager_dissapea_basket.bmp" x="760" y="266" w="34" h="40" pX="0.382353" pY="0.25"/>
      </direction>

      <direction enum="south-west">
        <sprite n="aldeano_dissapear_basket/005_mVillager_dissapea_basket.bmp" x="796" y="266" w="60" h="32" pX="0.7" pY="0.21875"/>
        <sprite n="aldeano_dissapear_basket/006_mVillager_dissapea_basket.bmp" x="858" y="266" w="60" h="29" pX="0.7" pY="0.241379"/>
        <sprite n="aldeano_dissapear_basket/007_mVillager_dissapea_basket.bmp" x="1" y="312" w="59" h="29" pX="0.694915" pY="0.241379"/>
        <sprite n="aldeano_dissapear_basket/008_mVillager_dissapea_basket.bmp" x="62" y="312" w="59" h="29" pX="0.694915" pY="0.241379"/>
        <sprite n="aldeano_dissapear_basket/009_mVillager_dissapea_basket.bmp" x="123" y="312" w="58" h="29" pX="0.689655" pY="0.241379"/>
      </direction>

      <direction enum="west">
        <sprite n="aldeano_dissapear_basket/010_mVillager_dissapea_basket.bmp" x="183" y="312" w="64" h="20" pX="0.890625" pY="0.4"/>
        <sprite n="aldeano_dissapear_basket/011_mVillager_dissapea_basket.bmp" x="249" y="312" w="64" h="20" pX="0.890625" pY="0.4"/>
        <sprite n="aldeano_dissapear_basket/012_mVillager_dissapea_basket.bmp" x="315" y="312" w="64" h="20" pX="0.890625" pY="0.4"/>
        <sprite n="aldeano_dissapear_basket/013_mVillager_dissapea_basket.bmp" x="381" y="312" w="64" h="20" pX="0.890625" pY="0.4"/>
        <sprite n="aldeano_dissapear_basket/014_mVillager_dissapea_basket.bmp" x="447" y="312" w="63" h="20" pX="0.888889" pY="0.4"/>
      </direction>

      <direction enum="north-west">
        <sprite n="aldeano_dissapear_basket/015_mVillager_dissapea_basket.bmp" x="512" y="312" w="51" h="32" pX="0.843137" pY="0.6875"/>
        <sprite n="aldeano_dissapear_basket/016_mVillager_dissapea_basket.bmp" x="565" y="312" w="50" h="31" pX="0.84" pY="0.677419"/>
        <sprite n="aldeano_dissapear_basket/017_mVillager_dissapea_basket.bmp" x="617" y="312" w="50" h="32" pX="0.84" pY="0.65625"/>
        <sprite n="aldeano_dissapear_basket/018_mVillager_dissapea_basket.bmp" x="669" y="312" w="50" h="32" pX="0.84" pY="0.6875"/>
        <sprite n="aldeano_dissapear_basket/019_mVillager_dissapea_basket.bmp" x="721" y="312" w="50" h="32" pX="0.84" pY="0.6875"/>
      </direction>

      <direction enum="north">
        <sprite n="aldeano_dissapear_basket/020_mVillager_dissapea_basket.bmp" x="773" y="312" w="36" h="35" pX="0.611111" pY="0.857143"/>
        <sprite n="aldeano_dissapear_basket/021_mVillager_dissapea_basket.bmp" x="811" y="312" w="36" h="34" pX="0.611111" pY="0.852941"/>
        <sprite n="aldeano_dissapear_basket/022_mVillager_dissapea_basket.bmp" x="849" y="312" w="36" h="35" pX="0.611111" pY="0.857143"/>
        <sprite n="aldeano_dissapear_basket/023_mVillager_dissapea_basket.bmp" x="887" y="312" w="36" h="35" pX="0.611111" pY="0.857143"/>
        <sprite n="aldeano_dissapear_basket/024_mVillager_dissapea_basket.bmp" x="1" y="349" w="34" h="36" pX="0.647059" pY="0.861111"/>
      </direction>
    </action>


    <!--Farming Action-->
    <action enum ="farming" speed="200">
      <direction enum="south">
        <sprite n="aldeano_farming_bascket/000_mVillager_farming_basket.bmp" x="37" y="349" w="27" h="30" pX="0.333333" pY="0.366667"/>
        <sprite n="aldeano_farming_bascket/001_mVillager_farming_basket.bmp" x="66" y="349" w="27" h="29" pX="0.333333" pY="0.344828"/>
        <sprite n="aldeano_farming_bascket/002_mVillager_farming_basket.bmp" x="95" y="349" w="27" h="31" pX="0.333333" pY="0.322581"/>
        <sprite n="aldeano_farming_bascket/003_mVillager_farming_basket.bmp" x="124" y="349" w="28" h="29" pX="0.357143" pY="0.310345"/>
        <sprite n="aldeano_farming_bascket/004_mVillager_farming_basket.bmp" x="154" y="349" w="27" h="30" pX="0.333333" pY="0.3"/>
        <sprite n="aldeano_farming_bascket/005_mVillager_farming_basket.bmp" x="183" y="349" w="27" h="30" pX="0.333333" pY="0.3"/>
        <sprite n="aldeano_farming_bascket/006_mVillager_farming_basket.bmp" x="212" y="349" w="31" h="29" pX="0.290323" pY="0.310345"/>
        <sprite n="aldeano_farming_bascket/007_mVillager_farming_basket.bmp" x="245" y="349" w="27" h="29" pX="0.333333" pY="0.310345"/>
        <sprite n="aldeano_farming_bascket/008_mVillager_farming_basket.bmp" x="274" y="349" w="27" h="30" pX="0.333333" pY="0.3"/>
        <sprite n="aldeano_farming_bascket/009_mVillager_farming_basket.bmp" x="303" y="349" w="28" h="28" pX="0.357143" pY="0.321429"/>
        <sprite n="aldeano_farming_bascket/010_mVillager_farming_basket.bmp" x="333" y="349" w="26" h="29" pX="0.307692" pY="0.310345"/>
        <sprite n="aldeano_farming_bascket/011_mVillager_farming_basket.bmp" x="361" y="349" w="26" h="29" pX="0.307692" pY="0.344828"/>
        <sprite n="aldeano_farming_bascket/012_mVillager_farming_basket.bmp" x="389" y="349" w="26" h="29" pX="0.307692" pY="0.344828"/>
        <sprite n="aldeano_farming_bascket/013_mVillager_farming_basket.bmp" x="417" y="349" w="26" h="30" pX="0.307692" pY="0.366667"/>
        <sprite n="aldeano_farming_bascket/014_mVillager_farming_basket.bmp" x="445" y="349" w="27" h="29" pX="0.333333" pY="0.37931"/>
      </direction>

      <direction enum="south-west">
        <sprite n="aldeano_farming_bascket/015_mVillager_farming_basket.bmp" x="474" y="349" w="43" h="27" pX="0.697674" pY="0.444444"/>
        <sprite n="aldeano_farming_bascket/016_mVillager_farming_basket.bmp" x="519" y="349" w="44" h="28" pX="0.704545" pY="0.428571"/>
        <sprite n="aldeano_farming_bascket/017_mVillager_farming_basket.bmp" x="565" y="349" w="45" h="28" pX="0.711111" pY="0.392857"/>
        <sprite n="aldeano_farming_bascket/018_mVillager_farming_basket.bmp" x="612" y="349" w="45" h="26" pX="0.711111" pY="0.423077"/>
        <sprite n="aldeano_farming_bascket/019_mVillager_farming_basket.bmp" x="659" y="349" w="45" h="26" pX="0.711111" pY="0.384615"/>
        <sprite n="aldeano_farming_bascket/020_mVillager_farming_basket.bmp" x="706" y="349" w="46" h="28" pX="0.717391" pY="0.321429"/>
        <sprite n="aldeano_farming_bascket/021_mVillager_farming_basket.bmp" x="754" y="349" w="45" h="26" pX="0.711111" pY="0.346154"/>
        <sprite n="aldeano_farming_bascket/022_mVillager_farming_basket.bmp" x="801" y="349" w="45" h="26" pX="0.711111" pY="0.346154"/>
        <sprite n="aldeano_farming_bascket/023_mVillager_farming_basket.bmp" x="848" y="349" w="46" h="26" pX="0.717391" pY="0.346154"/>
        <sprite n="aldeano_farming_bascket/024_mVillager_farming_basket.bmp" x="896" y="349" w="45" h="26" pX="0.711111" pY="0.384615"/>
        <sprite n="aldeano_farming_bascket/025_mVillager_farming_basket.bmp" x="1" y="387" w="45" h="26" pX="0.711111" pY="0.384615"/>
        <sprite n="aldeano_farming_bascket/026_mVillager_farming_basket.bmp" x="48" y="387" w="44" h="26" pX="0.704545" pY="0.423077"/>
        <sprite n="aldeano_farming_bascket/027_mVillager_farming_basket.bmp" x="94" y="387" w="43" h="26" pX="0.255814" pY="1.15385"/>
        <sprite n="aldeano_farming_bascket/028_mVillager_farming_basket.bmp" x="139" y="387" w="43" h="26" pX="0.697674" pY="0.461538"/>
        <sprite n="aldeano_farming_bascket/029_mVillager_farming_basket.bmp" x="184" y="387" w="43" h="27" pX="0.697674" pY="0.444444"/>
      </direction>

      <direction enum="west">
        <sprite n="aldeano_farming_bascket/030_mVillager_farming_basket.bmp" x="229" y="387" w="46" h="26" pX="0.782609" pY="0.615385"/>
        <sprite n="aldeano_farming_bascket/031_mVillager_farming_basket.bmp" x="277" y="387" w="47" h="26" pX="0.765957" pY="0.615385"/>
        <sprite n="aldeano_farming_bascket/032_mVillager_farming_basket.bmp" x="326" y="387" w="45" h="26" pX="0.888889" pY="0.615385"/>
        <sprite n="aldeano_farming_bascket/033_mVillager_farming_basket.bmp" x="373" y="387" w="45" h="26" pX="0.866667" pY="0.615385"/>
        <sprite n="aldeano_farming_bascket/034_mVillager_farming_basket.bmp" x="420" y="387" w="45" h="26" pX="0.888889" pY="0.615385"/>
        <sprite n="aldeano_farming_bascket/035_mVillager_farming_basket.bmp" x="467" y="387" w="45" h="26" pX="0.888889" pY="0.615385"/>
        <sprite n="aldeano_farming_bascket/036_mVillager_farming_basket.bmp" x="514" y="387" w="45" h="27" pX="0.888889" pY="0.555556"/>
        <sprite n="aldeano_farming_bascket/037_mVillager_farming_basket.bmp" x="561" y="387" w="43" h="25" pX="0.860465" pY="0.6"/>
        <sprite n="aldeano_farming_bascket/038_mVillager_farming_basket.bmp" x="606" y="387" w="45" h="25" pX="0.866667" pY="0.6"/>
        <sprite n="aldeano_farming_bascket/039_mVillager_farming_basket.bmp" x="653" y="387" w="45" h="25" pX="0.866667" pY="0.6"/>
        <sprite n="aldeano_farming_bascket/040_mVillager_farming_basket.bmp" x="700" y="387" w="40" h="25" pX="0.875" pY="0.6"/>
        <sprite n="aldeano_farming_bascket/041_mVillager_farming_basket.bmp" x="742" y="387" w="43" h="25" pX="0.860465" pY="0.6"/>
        <sprite n="aldeano_farming_bascket/042_mVillager_farming_basket.bmp" x="787" y="387" w="45" h="25" pX="0.822222" pY="0.6"/>
        <sprite n="aldeano_farming_bascket/043_mVillager_farming_basket.bmp" x="834" y="387" w="45" h="25" pX="0.8" pY="0.6"/>
        <sprite n="aldeano_farming_bascket/044_mVillager_farming_basket.bmp" x="881" y="387" w="44" h="25" pX="0.772727" pY="0.6"/>
      </direction>

      <direction enum="north-west">
        <sprite n="aldeano_farming_bascket/045_mVillager_farming_basket.bmp" x="1" y="416" w="36" h="31" pX="0.805556" pY="0.774194"/>
        <sprite n="aldeano_farming_bascket/046_mVillager_farming_basket.bmp" x="39" y="416" w="36" h="31" pX="0.833333" pY="0.774194"/>
        <sprite n="aldeano_farming_bascket/047_mVillager_farming_basket.bmp" x="77" y="416" w="40" h="32" pX="0.825" pY="0.78125"/>
        <sprite n="aldeano_farming_bascket/048_mVillager_farming_basket.bmp" x="119" y="416" w="38" h="33" pX="0.789474" pY="0.787879"/>
        <sprite n="aldeano_farming_bascket/049_mVillager_farming_basket.bmp" x="159" y="416" w="39" h="33" pX="0.820513" pY="0.787879"/>
        <sprite n="aldeano_farming_bascket/050_mVillager_farming_basket.bmp" x="200" y="416" w="43" h="32" pX="0.837209" pY="0.78125"/>
        <sprite n="aldeano_farming_bascket/051_mVillager_farming_basket.bmp" x="245" y="416" w="40" h="29" pX="0.825" pY="0.758621"/>
        <sprite n="aldeano_farming_bascket/052_mVillager_farming_basket.bmp" x="287" y="416" w="40" h="28" pX="0.825" pY="0.75"/>
        <sprite n="aldeano_farming_bascket/053_mVillager_farming_basket.bmp" x="329" y="416" w="41" h="28" pX="0.804878" pY="0.75"/>
        <sprite n="aldeano_farming_bascket/054_mVillager_farming_basket.bmp" x="372" y="416" w="40" h="27" pX="0.8" pY="0.740741"/>
        <sprite n="aldeano_farming_bascket/055_mVillager_farming_basket.bmp" x="414" y="416" w="38" h="27" pX="0.815789" pY="0.740741"/>
        <sprite n="aldeano_farming_bascket/056_mVillager_farming_basket.bmp" x="454" y="416" w="37" h="26" pX="0.810811" pY="0.730769"/>
        <sprite n="aldeano_farming_bascket/057_mVillager_farming_basket.bmp" x="493" y="416" w="36" h="26" pX="0.805556" pY="0.730769"/>
        <sprite n="aldeano_farming_bascket/058_mVillager_farming_basket.bmp" x="531" y="416" w="34" h="28" pX="0.794118" pY="0.75"/>
        <sprite n="aldeano_farming_bascket/059_mVillager_farming_basket.bmp" x="567" y="416" w="37" h="30" pX="0.810811" pY="0.766667"/>
      </direction>

      <direction enum="north">
        <sprite n="aldeano_farming_bascket/060_mVillager_farming_basket.bmp" x="606" y="416" w="27" h="34" pX="0.703704" pY="0.823529"/>
        <sprite n="aldeano_farming_bascket/061_mVillager_farming_basket.bmp" x="635" y="416" w="27" h="33" pX="0.703704" pY="0.818182"/>
        <sprite n="aldeano_farming_bascket/062_mVillager_farming_basket.bmp" x="664" y="416" w="27" h="33" pX="0.703704" pY="0.878788"/>
        <sprite n="aldeano_farming_bascket/063_mVillager_farming_basket.bmp" x="693" y="416" w="27" h="34" pX="0.703704" pY="0.882353"/>
        <sprite n="aldeano_farming_bascket/064_mVillager_farming_basket.bmp" x="722" y="416" w="28" h="34" pX="0.678571" pY="0.911765"/>
        <sprite n="aldeano_farming_bascket/065_mVillager_farming_basket.bmp" x="752" y="416" w="27" h="33" pX="0.703704" pY="0.909091"/>
        <sprite n="aldeano_farming_bascket/066_mVillager_farming_basket.bmp" x="781" y="416" w="30" h="32" pX="0.733333" pY="0.90625"/>
        <sprite n="aldeano_farming_bascket/067_mVillager_farming_basket.bmp" x="813" y="416" w="27" h="31" pX="0.703704" pY="0.870968"/>
        <sprite n="aldeano_farming_bascket/068_mVillager_farming_basket.bmp" x="842" y="416" w="28" h="31" pX="0.678571" pY="0.870968"/>
        <sprite n="aldeano_farming_bascket/069_mVillager_farming_basket.bmp" x="872" y="416" w="28" h="30" pX="0.678571" pY="0.866667"/>
        <sprite n="aldeano_farming_bascket/070_mVillager_farming_basket.bmp" x="902" y="416" w="27" h="30" pX="0.703704" pY="0.866667"/>
        <sprite n="aldeano_farming_bascket/071_mVillager_farming_basket.bmp" x="1" y="452" w="27" h="29" pX="0.703704" pY="0.862069"/>
        <sprite n="aldeano_farming_bascket/072_mVillager_farming_basket.bmp" x="30" y="452" w="26" h="31" pX="0.730769" pY="0.83871"/>
        <sprite n="aldeano_farming_bascket/073_mVillager_farming_basket.bmp" x="58" y="452" w="27" h="33" pX="0.703704" pY="0.818182"/>
        <sprite n="aldeano_farming_bascket/074_mVillager_farming_basket.bmp" x="87" y="452" w="27" h="34" pX="0.703704" pY="0.823529"/>
      </direction>
    </action>


    <!--Idle Action-->
    <action enum ="idle" speed="200">
      <direction enum="south">
        <sprite n="aldeano_idle_basket/000_mVillager_idle_basket.bmp" x="116" y="452" w="27" h="41" pX="0.407407" pY="0.829268"/>
        <sprite n="aldeano_idle_basket/001_mVillager_idle_basket.bmp" x="145" y="452" w="28" h="45" pX="0.392857" pY="0.755556"/>
        <sprite n="aldeano_idle_basket/002_mVillager_idle_basket.bmp" x="175" y="452" w="28" h="43" pX="0.392857" pY="0.790698"/>
        <sprite n="aldeano_idle_basket/003_mVillager_idle_basket.bmp" x="205" y="452" w="28" h="45" pX="0.392857" pY="0.755556"/>
        <sprite n="aldeano_idle_basket/004_mVillager_idle_basket.bmp" x="235" y="452" w="28" h="43" pX="0.392857" pY="0.790698"/>
        <sprite n="aldeano_idle_basket/005_mVillager_idle_basket.bmp" x="265" y="452" w="28" h="45" pX="0.392857" pY="0.755556"/>
        <sprite n="aldeano_idle_basket/006_mVillager_idle_basket.bmp" x="295" y="452" w="28" h="44" pX="0.392857" pY="0.75"/>
        <sprite n="aldeano_idle_basket/007_mVillager_idle_basket.bmp" x="325" y="452" w="28" h="43" pX="0.392857" pY="0.767442"/>
        <sprite n="aldeano_idle_basket/008_mVillager_idle_basket.bmp" x="355" y="452" w="28" h="43" pX="0.392857" pY="0.767442"/>
        <sprite n="aldeano_idle_basket/009_mVillager_idle_basket.bmp" x="385" y="452" w="28" h="43" pX="0.392857" pY="0.767442"/>
        <sprite n="aldeano_idle_basket/010_mVillager_idle_basket.bmp" x="415" y="452" w="28" h="43" pX="0.392857" pY="0.790698"/>
        <sprite n="aldeano_idle_basket/011_mVillager_idle_basket.bmp" x="445" y="452" w="28" h="43" pX="0.392857" pY="0.790698"/>
        <sprite n="aldeano_idle_basket/012_mVillager_idle_basket.bmp" x="475" y="452" w="27" h="41" pX="0.407407" pY="0.829268"/>
        <sprite n="aldeano_idle_basket/013_mVillager_idle_basket.bmp" x="504" y="452" w="27" h="41" pX="0.407407" pY="0.829268"/>
        <sprite n="aldeano_idle_basket/014_mVillager_idle_basket.bmp" x="533" y="452" w="27" h="45" pX="0.407407" pY="0.755556"/>
      </direction>

      <direction enum="south-west">
        <sprite n="aldeano_idle_basket/015_mVillager_idle_basket.bmp" x="562" y="452" w="28" h="41" pX="0.535714" pY="0.804878"/>
        <sprite n="aldeano_idle_basket/016_mVillager_idle_basket.bmp" x="592" y="452" w="30" h="41" pX="0.566667" pY="0.804878"/>
        <sprite n="aldeano_idle_basket/017_mVillager_idle_basket.bmp" x="624" y="452" w="30" h="41" pX="0.533333" pY="0.804878"/>
        <sprite n="aldeano_idle_basket/018_mVillager_idle_basket.bmp" x="656" y="452" w="30" h="42" pX="0.566667" pY="0.785714"/>
        <sprite n="aldeano_idle_basket/019_mVillager_idle_basket.bmp" x="688" y="452" w="28" h="42" pX="0.535714" pY="0.785714"/>
        <sprite n="aldeano_idle_basket/020_mVillager_idle_basket.bmp" x="718" y="452" w="30" h="42" pX="0.566667" pY="0.785714"/>
        <sprite n="aldeano_idle_basket/021_mVillager_idle_basket.bmp" x="750" y="452" w="29" h="42" pX="0.551724" pY="0.785714"/>
        <sprite n="aldeano_idle_basket/022_mVillager_idle_basket.bmp" x="781" y="452" w="30" h="43" pX="0.6" pY="0.767442"/>
        <sprite n="aldeano_idle_basket/023_mVillager_idle_basket.bmp" x="813" y="452" w="30" h="42" pX="0.6" pY="0.785714"/>
        <sprite n="aldeano_idle_basket/024_mVillager_idle_basket.bmp" x="845" y="452" w="30" h="42" pX="0.6" pY="0.785714"/>
        <sprite n="aldeano_idle_basket/025_mVillager_idle_basket.bmp" x="877" y="452" w="29" h="42" pX="0.551724" pY="0.785714"/>
        <sprite n="aldeano_idle_basket/026_mVillager_idle_basket.bmp" x="908" y="452" w="28" h="42" pX="0.535714" pY="0.785714"/>
        <sprite n="aldeano_idle_basket/027_mVillager_idle_basket.bmp" x="1" y="499" w="28" h="42" pX="0.535714" pY="0.785714"/>
        <sprite n="aldeano_idle_basket/028_mVillager_idle_basket.bmp" x="31" y="499" w="30" h="41" pX="0.566667" pY="0.804878"/>
        <sprite n="aldeano_idle_basket/029_mVillager_idle_basket.bmp" x="63" y="499" w="28" h="41" pX="0.535714" pY="0.804878"/>
      </direction>

      <direction enum="west">
        <sprite n="aldeano_idle_basket/030_mVillager_idle_basket.bmp" x="93" y="499" w="28" h="44" pX="0.678571" pY="0.772727"/>
        <sprite n="aldeano_idle_basket/031_mVillager_idle_basket.bmp" x="123" y="499" w="28" h="44" pX="0.678571" pY="0.772727"/>
        <sprite n="aldeano_idle_basket/032_mVillager_idle_basket.bmp" x="153" y="499" w="28" h="44" pX="0.678571" pY="0.772727"/>
        <sprite n="aldeano_idle_basket/033_mVillager_idle_basket.bmp" x="183" y="499" w="29" h="44" pX="0.689655" pY="0.772727"/>
        <sprite n="aldeano_idle_basket/034_mVillager_idle_basket.bmp" x="214" y="499" w="28" h="44" pX="0.678571" pY="0.772727"/>
        <sprite n="aldeano_idle_basket/035_mVillager_idle_basket.bmp" x="244" y="499" w="28" h="44" pX="0.678571" pY="0.772727"/>
        <sprite n="aldeano_idle_basket/036_mVillager_idle_basket.bmp" x="274" y="499" w="29" h="44" pX="0.689655" pY="0.772727"/>
        <sprite n="aldeano_idle_basket/037_mVillager_idle_basket.bmp" x="305" y="499" w="29" h="44" pX="0.689655" pY="0.772727"/>
        <sprite n="aldeano_idle_basket/038_mVillager_idle_basket.bmp" x="336" y="499" w="29" h="44" pX="0.689655" pY="0.772727"/>
        <sprite n="aldeano_idle_basket/039_mVillager_idle_basket.bmp" x="367" y="499" w="29" h="44" pX="0.689655" pY="0.772727"/>
        <sprite n="aldeano_idle_basket/040_mVillager_idle_basket.bmp" x="398" y="499" w="28" h="44" pX="0.678571" pY="0.772727"/>
        <sprite n="aldeano_idle_basket/041_mVillager_idle_basket.bmp" x="428" y="499" w="28" h="44" pX="0.678571" pY="0.772727"/>
        <sprite n="aldeano_idle_basket/042_mVillager_idle_basket.bmp" x="458" y="499" w="28" h="44" pX="0.678571" pY="0.772727"/>
        <sprite n="aldeano_idle_basket/043_mVillager_idle_basket.bmp" x="488" y="499" w="28" h="44" pX="0.678571" pY="0.772727"/>
        <sprite n="aldeano_idle_basket/044_mVillager_idle_basket.bmp" x="518" y="499" w="28" h="44" pX="0.678571" pY="0.772727"/>
      </direction>

      <direction enum="north-west">
        <sprite n="aldeano_idle_basket/045_mVillager_idle_basket.bmp" x="548" y="499" w="22" h="44" pX="0.727273" pY="0.818182"/>
        <sprite n="aldeano_idle_basket/046_mVillager_idle_basket.bmp" x="572" y="499" w="22" h="44" pX="0.727273" pY="0.818182"/>
        <sprite n="aldeano_idle_basket/047_mVillager_idle_basket.bmp" x="596" y="499" w="23" h="44" pX="0.73913" pY="0.818182"/>
        <sprite n="aldeano_idle_basket/048_mVillager_idle_basket.bmp" x="621" y="499" w="23" h="44" pX="0.73913" pY="0.818182"/>
        <sprite n="aldeano_idle_basket/049_mVillager_idle_basket.bmp" x="646" y="499" w="23" h="44" pX="0.73913" pY="0.818182"/>
        <sprite n="aldeano_idle_basket/050_mVillager_idle_basket.bmp" x="671" y="499" w="24" h="43" pX="0.75" pY="0.837209"/>
        <sprite n="aldeano_idle_basket/051_mVillager_idle_basket.bmp" x="697" y="499" w="23" h="43" pX="0.782609" pY="0.837209"/>
        <sprite n="aldeano_idle_basket/052_mVillager_idle_basket.bmp" x="722" y="499" w="23" h="43" pX="0.782609" pY="0.837209"/>
        <sprite n="aldeano_idle_basket/053_mVillager_idle_basket.bmp" x="747" y="499" w="23" h="43" pX="0.782609" pY="0.837209"/>
        <sprite n="aldeano_idle_basket/054_mVillager_idle_basket.bmp" x="772" y="499" w="23" h="43" pX="0.782609" pY="0.837209"/>
        <sprite n="aldeano_idle_basket/055_mVillager_idle_basket.bmp" x="797" y="499" w="22" h="43" pX="0.772727" pY="0.837209"/>
        <sprite n="aldeano_idle_basket/056_mVillager_idle_basket.bmp" x="821" y="499" w="22" h="43" pX="0.772727" pY="0.837209"/>
        <sprite n="aldeano_idle_basket/057_mVillager_idle_basket.bmp" x="845" y="499" w="22" h="43" pX="0.772727" pY="0.837209"/>
        <sprite n="aldeano_idle_basket/058_mVillager_idle_basket.bmp" x="869" y="499" w="22" h="44" pX="0.772727" pY="0.818182"/>
        <sprite n="aldeano_idle_basket/059_mVillager_idle_basket.bmp" x="893" y="499" w="21" h="44" pX="0.761905" pY="0.818182"/>
      </direction>

      <direction enum="north">
        <sprite n="aldeano_idle_basket/060_mVillager_idle_basket.bmp" x="916" y="499" w="25" h="43" pX="0.68" pY="0.860465"/>
        <sprite n="aldeano_idle_basket/061_mVillager_idle_basket.bmp" x="1" y="545" w="26" h="43" pX="0.692308" pY="0.860465"/>
        <sprite n="aldeano_idle_basket/062_mVillager_idle_basket.bmp" x="29" y="545" w="27" h="43" pX="0.703704" pY="0.860465"/>
        <sprite n="aldeano_idle_basket/063_mVillager_idle_basket.bmp" x="58" y="545" w="27" h="43" pX="0.703704" pY="0.860465"/>
        <sprite n="aldeano_idle_basket/064_mVillager_idle_basket.bmp" x="87" y="545" w="27" h="44" pX="0.703704" pY="0.863636"/>
        <sprite n="aldeano_idle_basket/065_mVillager_idle_basket.bmp" x="116" y="545" w="27" h="44" pX="0.703704" pY="0.863636"/>
        <sprite n="aldeano_idle_basket/066_mVillager_idle_basket.bmp" x="145" y="545" w="27" h="44" pX="0.703704" pY="0.863636"/>
        <sprite n="aldeano_idle_basket/067_mVillager_idle_basket.bmp" x="174" y="545" w="27" h="44" pX="0.703704" pY="0.863636"/>
        <sprite n="aldeano_idle_basket/068_mVillager_idle_basket.bmp" x="203" y="545" w="27" h="44" pX="0.703704" pY="0.863636"/>
        <sprite n="aldeano_idle_basket/069_mVillager_idle_basket.bmp" x="232" y="545" w="26" h="44" pX="0.692308" pY="0.863636"/>
        <sprite n="aldeano_idle_basket/070_mVillager_idle_basket.bmp" x="260" y="545" w="26" h="44" pX="0.692308" pY="0.863636"/>
        <sprite n="aldeano_idle_basket/071_mVillager_idle_basket.bmp" x="288" y="545" w="26" h="44" pX="0.692308" pY="0.863636"/>
        <sprite n="aldeano_idle_basket/072_mVillager_idle_basket.bmp" x="316" y="545" w="26" h="44" pX="0.692308" pY="0.863636"/>
        <sprite n="aldeano_idle_basket/073_mVillager_idle_basket.bmp" x="344" y="545" w="26" h="43" pX="0.692308" pY="0.860465"/>
        <sprite n="aldeano_idle_basket/074_mVillager_idle_basket.bmp" x="372" y="545" w="26" h="43" pX="0.692308" pY="0.860465"/>
      </direction>
    </action>


    <!--Plant Action-->
    <action enum ="plant" speed="200">
      <direction enum="north">
        <sprite n="aldeano_plant/000_mVillager_plant.bmp" x="400" y="545" w="27" h="41" pX="0.444444" pY="0.853659"/>
        <sprite n="aldeano_plant/001_mVillager_plant.bmp" x="429" y="545" w="27" h="41" pX="0.444444" pY="0.853659"/>
        <sprite n="aldeano_plant/002_mVillager_plant.bmp" x="458" y="545" w="27" h="42" pX="0.444444" pY="0.833333"/>
        <sprite n="aldeano_plant/003_mVillager_plant.bmp" x="487" y="545" w="27" h="42" pX="0.444444" pY="0.833333"/>
        <sprite n="aldeano_plant/004_mVillager_plant.bmp" x="516" y="545" w="27" h="42" pX="0.444444" pY="0.833333"/>
        <sprite n="aldeano_plant/005_mVillager_plant.bmp" x="545" y="545" w="27" h="41" pX="0.444444" pY="0.853659"/>
        <sprite n="aldeano_plant/006_mVillager_plant.bmp" x="574" y="545" w="26" h="41" pX="0.461538" pY="0.853659"/>
        <sprite n="aldeano_plant/007_mVillager_plant.bmp" x="602" y="545" w="27" h="42" pX="0.481481" pY="0.833333"/>
        <sprite n="aldeano_plant/008_mVillager_plant.bmp" x="631" y="545" w="39" h="49" pX="0.358974" pY="0.734694"/>
        <sprite n="aldeano_plant/009_mVillager_plant.bmp" x="672" y="545" w="62" h="50" pX="0.33871" pY="0.72"/>
        <sprite n="aldeano_plant/010_mVillager_plant.bmp" x="736" y="545" w="55" h="49" pX="0.763636" pY="0.734694"/>
        <sprite n="aldeano_plant/011_mVillager_plant.bmp" x="793" y="545" w="83" h="44" pX="0.843373" pY="0.818182"/>
        <sprite n="aldeano_plant/012_mVillager_plant.bmp" x="1" y="597" w="90" h="50" pX="0.844444" pY="0.72"/>
        <sprite n="aldeano_plant/013_mVillager_plant.bmp" x="93" y="597" w="84" h="64" pX="0.833333" pY="0.5625"/>
        <sprite n="aldeano_plant/014_mVillager_plant.bmp" x="179" y="597" w="73" h="76" pX="0.794521" pY="0.460526"/>
        <sprite n="aldeano_plant/015_mVillager_plant.bmp" x="254" y="597" w="23" h="44" pX="0.565217" pY="0.818182"/>
      </direction>

      <direction enum="north-west">
        <sprite n="aldeano_plant/016_mVillager_plant.bmp" x="279" y="597" w="23" h="44" pX="0.565217" pY="0.818182"/>
        <sprite n="aldeano_plant/017_mVillager_plant.bmp" x="304" y="597" w="22" h="44" pX="0.590909" pY="0.818182"/>
        <sprite n="aldeano_plant/018_mVillager_plant.bmp" x="328" y="597" w="22" h="44" pX="0.590909" pY="0.818182"/>
        <sprite n="aldeano_plant/019_mVillager_plant.bmp" x="352" y="597" w="22" h="44" pX="0.590909" pY="0.818182"/>
        <sprite n="aldeano_plant/020_mVillager_plant.bmp" x="376" y="597" w="22" h="44" pX="0.590909" pY="0.818182"/>
        <sprite n="aldeano_plant/021_mVillager_plant.bmp" x="400" y="597" w="22" h="44" pX="0.590909" pY="0.818182"/>
        <sprite n="aldeano_plant/022_mVillager_plant.bmp" x="424" y="597" w="22" h="44" pX="0.590909" pY="0.818182"/>
        <sprite n="aldeano_plant/023_mVillager_plant.bmp" x="448" y="597" w="26" h="52" pX="0.5" pY="0.692308"/>
        <sprite n="aldeano_plant/024_mVillager_plant.bmp" x="476" y="597" w="49" h="69" pX="0.612245" pY="0.536232"/>
        <sprite n="aldeano_plant/025_mVillager_plant.bmp" x="527" y="597" w="51" h="45" pX="0.823529" pY="0.822222"/>
        <sprite n="aldeano_plant/026_mVillager_plant.bmp" x="580" y="597" w="65" h="45" pX="0.861538" pY="0.822222"/>
        <sprite n="aldeano_plant/027_mVillager_plant.bmp" x="647" y="597" w="70" h="45" pX="0.871429" pY="0.822222"/>
        <sprite n="aldeano_plant/028_mVillager_plant.bmp" x="719" y="597" w="88" h="46" pX="0.897727" pY="0.782609"/>
        <sprite n="aldeano_plant/029_mVillager_plant.bmp" x="809" y="597" w="88" h="62" pX="0.897727" pY="0.580645"/>
        <sprite n="aldeano_plant/030_mVillager_plant.bmp" x="899" y="597" w="24" h="45" pX="0.625" pY="0.822222"/>
        <sprite n="aldeano_plant/031_mVillager_plant.bmp" x="1" y="675" w="25" h="45" pX="0.6" pY="0.822222"/>
      </direction>

      <direction enum="west">
        <sprite n="aldeano_plant/032_mVillager_plant.bmp" x="28" y="675" w="25" h="45" pX="0.6" pY="0.822222"/>
        <sprite n="aldeano_plant/033_mVillager_plant.bmp" x="55" y="675" w="27" h="45" pX="0.62963" pY="0.822222"/>
        <sprite n="aldeano_plant/034_mVillager_plant.bmp" x="84" y="675" w="27" h="45" pX="0.62963" pY="0.822222"/>
        <sprite n="aldeano_plant/035_mVillager_plant.bmp" x="113" y="675" w="26" h="45" pX="0.615385" pY="0.822222"/>
        <sprite n="aldeano_plant/036_mVillager_plant.bmp" x="141" y="675" w="26" h="45" pX="0.615385" pY="0.844444"/>
        <sprite n="aldeano_plant/037_mVillager_plant.bmp" x="169" y="675" w="26" h="45" pX="0.615385" pY="0.844444"/>
        <sprite n="aldeano_plant/038_mVillager_plant.bmp" x="197" y="675" w="37" h="51" pX="0.72973" pY="0.745098"/>
        <sprite n="aldeano_plant/039_mVillager_plant.bmp" x="236" y="675" w="55" h="63" pX="0.818182" pY="0.603175"/>
        <sprite n="aldeano_plant/040_mVillager_plant.bmp" x="293" y="675" w="36" h="45" pX="0.722222" pY="0.844444"/>
        <sprite n="aldeano_plant/041_mVillager_plant.bmp" x="331" y="675" w="27" h="49" pX="0.62963" pY="0.857143"/>
        <sprite n="aldeano_plant/042_mVillager_plant.bmp" x="360" y="675" w="36" h="53" pX="0.722222" pY="0.867925"/>
        <sprite n="aldeano_plant/043_mVillager_plant.bmp" x="398" y="675" w="62" h="48" pX="0.83871" pY="0.854167"/>
        <sprite n="aldeano_plant/044_mVillager_plant.bmp" x="462" y="675" w="87" h="45" pX="0.885057" pY="0.822222"/>
        <sprite n="aldeano_plant/045_mVillager_plant.bmp" x="551" y="675" w="25" h="44" pX="0.76" pY="0.886364"/>
        <sprite n="aldeano_plant/046_mVillager_plant.bmp" x="578" y="675" w="25" h="44" pX="0.76" pY="0.886364"/>
        <sprite n="aldeano_plant/047_mVillager_plant.bmp" x="605" y="675" w="25" h="44" pX="0.76" pY="0.886364"/>
      </direction>

      <direction enum="south-west">
        <sprite n="aldeano_plant/048_mVillager_plant.bmp" x="632" y="675" w="25" h="45" pX="0.76" pY="0.866667"/>
        <sprite n="aldeano_plant/049_mVillager_plant.bmp" x="659" y="675" w="25" h="45" pX="0.76" pY="0.866667"/>
        <sprite n="aldeano_plant/050_mVillager_plant.bmp" x="686" y="675" w="26" h="45" pX="0.769231" pY="0.866667"/>
        <sprite n="aldeano_plant/051_mVillager_plant.bmp" x="714" y="675" w="26" h="45" pX="0.769231" pY="0.866667"/>
        <sprite n="aldeano_plant/052_mVillager_plant.bmp" x="742" y="675" w="25" h="45" pX="0.76" pY="0.866667"/>
        <sprite n="aldeano_plant/053_mVillager_plant.bmp" x="769" y="675" w="40" h="45" pX="0.85" pY="0.866667"/>
        <sprite n="aldeano_plant/054_mVillager_plant.bmp" x="811" y="675" w="52" h="49" pX="0.846154" pY="0.795918"/>
        <sprite n="aldeano_plant/055_mVillager_plant.bmp" x="865" y="675" w="43" h="45" pX="0.465116" pY="0.866667"/>
        <sprite n="aldeano_plant/056_mVillager_plant.bmp" x="1" y="740" w="68" h="45" pX="0.294118" pY="0.866667"/>
        <sprite n="aldeano_plant/057_mVillager_plant.bmp" x="71" y="740" w="70" h="48" pX="0.285714" pY="0.875"/>
        <sprite n="aldeano_plant/058_mVillager_plant.bmp" x="143" y="740" w="56" h="48" pX="0.357143" pY="0.875"/>
        <sprite n="aldeano_plant/059_mVillager_plant.bmp" x="201" y="740" w="55" h="51" pX="0.890909" pY="0.882353"/>
        <sprite n="aldeano_plant/060_mVillager_plant.bmp" x="258" y="740" w="26" h="45" pX="0.730769" pY="0.866667"/>
        <sprite n="aldeano_plant/061_mVillager_plant.bmp" x="286" y="740" w="26" h="45" pX="0.730769" pY="0.866667"/>
        <sprite n="aldeano_plant/062_mVillager_plant.bmp" x="314" y="740" w="27" h="45" pX="0.703704" pY="0.866667"/>
        <sprite n="aldeano_plant/063_mVillager_plant.bmp" x="343" y="740" w="27" h="45" pX="0.703704" pY="0.866667"/>
      </direction>

      <direction enum="south">
        <sprite n="aldeano_plant/064_mVillager_plant.bmp" x="372" y="740" w="26" h="45" pX="0.692308" pY="0.866667"/>
        <sprite n="aldeano_plant/065_mVillager_plant.bmp" x="400" y="740" w="27" h="45" pX="0.666667" pY="0.866667"/>
        <sprite n="aldeano_plant/066_mVillager_plant.bmp" x="429" y="740" w="26" h="45" pX="0.653846" pY="0.866667"/>
        <sprite n="aldeano_plant/067_mVillager_plant.bmp" x="457" y="740" w="26" h="45" pX="0.653846" pY="0.866667"/>
        <sprite n="aldeano_plant/068_mVillager_plant.bmp" x="485" y="740" w="35" h="45" pX="0.714286" pY="0.866667"/>
        <sprite n="aldeano_plant/069_mVillager_plant.bmp" x="522" y="740" w="62" h="45" pX="0.66129" pY="0.866667"/>
        <sprite n="aldeano_plant/070_mVillager_plant.bmp" x="586" y="740" w="58" h="45" pX="0.293103" pY="0.866667"/>
        <sprite n="aldeano_plant/071_mVillager_plant.bmp" x="646" y="740" w="81" h="45" pX="0.209877" pY="0.866667"/>
        <sprite n="aldeano_plant/072_mVillager_plant.bmp" x="729" y="740" w="85" h="45" pX="0.2" pY="0.866667"/>
        <sprite n="aldeano_plant/073_mVillager_plant.bmp" x="816" y="740" w="84" h="46" pX="0.214286" pY="0.869565"/>
        <sprite n="aldeano_plant/074_mVillager_plant.bmp" x="1" y="793" w="72" h="51" pX="0.263889" pY="0.882353"/>
        <sprite n="aldeano_plant/075_mVillager_plant.bmp" x="75" y="793" w="39" h="44" pX="0.435897" pY="0.863636"/>
        <sprite n="aldeano_plant/076_mVillager_plant.bmp" x="116" y="793" w="37" h="44" pX="0.459459" pY="0.863636"/>
        <sprite n="aldeano_plant/077_mVillager_plant.bmp" x="155" y="793" w="31" h="44" pX="0.580645" pY="0.863636"/>
        <sprite n="aldeano_plant/078_mVillager_plant.bmp" x="188" y="793" w="27" h="44" pX="0.666667" pY="0.863636"/>
        <sprite n="aldeano_plant/079_mVillager_plant.bmp" x="217" y="793" w="27" h="44" pX="0.703704" pY="0.863636"/>
      </direction>
    </action>


    <!--Walk Action-->
    <action enum ="walk" speed="200">
      <direction enum="south">
        <sprite n="aldeano_walk_basket/000_mVillager_walk_basket.bmp" x="246" y="793" w="28" h="44" pX="0.428571" pY="0.818182"/>
        <sprite n="aldeano_walk_basket/001_mVillager_walk_basket.bmp" x="276" y="793" w="27" h="43" pX="0.407407" pY="0.837209"/>
        <sprite n="aldeano_walk_basket/002_mVillager_walk_basket.bmp" x="305" y="793" w="28" h="42" pX="0.428571" pY="0.857143"/>
        <sprite n="aldeano_walk_basket/003_mVillager_walk_basket.bmp" x="335" y="793" w="27" h="42" pX="0.407407" pY="0.857143"/>
        <sprite n="aldeano_walk_basket/004_mVillager_walk_basket.bmp" x="364" y="793" w="28" h="45" pX="0.428571" pY="0.822222"/>
        <sprite n="aldeano_walk_basket/005_mVillager_walk_basket.bmp" x="394" y="793" w="28" h="45" pX="0.428571" pY="0.822222"/>
        <sprite n="aldeano_walk_basket/006_mVillager_walk_basket.bmp" x="424" y="793" w="28" h="43" pX="0.428571" pY="0.860465"/>
        <sprite n="aldeano_walk_basket/007_mVillager_walk_basket.bmp" x="454" y="793" w="27" h="47" pX="0.407407" pY="0.787234"/>
        <sprite n="aldeano_walk_basket/008_mVillager_walk_basket.bmp" x="483" y="793" w="27" h="42" pX="0.407407" pY="0.857143"/>
        <sprite n="aldeano_walk_basket/009_mVillager_walk_basket.bmp" x="512" y="793" w="28" h="46" pX="0.428571" pY="0.782609"/>
        <sprite n="aldeano_walk_basket/010_mVillager_walk_basket.bmp" x="542" y="793" w="28" h="46" pX="0.428571" pY="0.804348"/>
        <sprite n="aldeano_walk_basket/011_mVillager_walk_basket.bmp" x="572" y="793" w="28" h="44" pX="0.428571" pY="0.840909"/>
        <sprite n="aldeano_walk_basket/012_mVillager_walk_basket.bmp" x="602" y="793" w="28" h="44" pX="0.428571" pY="0.840909"/>
        <sprite n="aldeano_walk_basket/013_mVillager_walk_basket.bmp" x="632" y="793" w="28" h="44" pX="0.428571" pY="0.840909"/>
        <sprite n="aldeano_walk_basket/014_mVillager_walk_basket.bmp" x="662" y="793" w="27" h="43" pX="0.444444" pY="0.837209"/>
      </direction>

      <direction enum="south-west">
        <sprite n="aldeano_walk_basket/015_mVillager_walk_basket.bmp" x="691" y="793" w="23" h="46" pX="0.521739" pY="0.782609"/>
        <sprite n="aldeano_walk_basket/016_mVillager_walk_basket.bmp" x="716" y="793" w="24" h="46" pX="0.5" pY="0.782609"/>
        <sprite n="aldeano_walk_basket/017_mVillager_walk_basket.bmp" x="742" y="793" w="24" h="45" pX="0.541667" pY="0.8"/>
        <sprite n="aldeano_walk_basket/018_mVillager_walk_basket.bmp" x="768" y="793" w="27" h="45" pX="0.555556" pY="0.822222"/>
        <sprite n="aldeano_walk_basket/019_mVillager_walk_basket.bmp" x="797" y="793" w="31" h="44" pX="0.548387" pY="0.840909"/>
        <sprite n="aldeano_walk_basket/020_mVillager_walk_basket.bmp" x="830" y="793" w="31" h="44" pX="0.516129" pY="0.840909"/>
        <sprite n="aldeano_walk_basket/021_mVillager_walk_basket.bmp" x="863" y="793" w="33" h="43" pX="0.515152" pY="0.860465"/>
        <sprite n="aldeano_walk_basket/022_mVillager_walk_basket.bmp" x="898" y="793" w="33" h="42" pX="0.515152" pY="0.857143"/>
        <sprite n="aldeano_walk_basket/023_mVillager_walk_basket.bmp" x="1" y="846" w="33" h="42" pX="0.515152" pY="0.857143"/>
        <sprite n="aldeano_walk_basket/024_mVillager_walk_basket.bmp" x="36" y="846" w="31" h="42" pX="0.516129" pY="0.857143"/>
        <sprite n="aldeano_walk_basket/025_mVillager_walk_basket.bmp" x="69" y="846" w="31" h="44" pX="0.548387" pY="0.840909"/>
        <sprite n="aldeano_walk_basket/026_mVillager_walk_basket.bmp" x="102" y="846" w="29" h="45" pX="0.586207" pY="0.822222"/>
        <sprite n="aldeano_walk_basket/027_mVillager_walk_basket.bmp" x="133" y="846" w="26" h="45" pX="0.576923" pY="0.822222"/>
        <sprite n="aldeano_walk_basket/028_mVillager_walk_basket.bmp" x="161" y="846" w="25" h="46" pX="0.6" pY="0.804348"/>
        <sprite n="aldeano_walk_basket/029_mVillager_walk_basket.bmp" x="188" y="846" w="24" h="47" pX="0.541667" pY="0.787234"/>
      </direction>

      <direction enum="west">
        <sprite n="aldeano_walk_basket/030_mVillager_walk_basket.bmp" x="214" y="846" w="28" h="46" pX="0.535714" pY="0.804348"/>
        <sprite n="aldeano_walk_basket/031_mVillager_walk_basket.bmp" x="244" y="846" w="28" h="45" pX="0.464286" pY="0.8"/>
        <sprite n="aldeano_walk_basket/032_mVillager_walk_basket.bmp" x="274" y="846" w="25" h="45" pX="0.48" pY="0.8"/>
        <sprite n="aldeano_walk_basket/033_mVillager_walk_basket.bmp" x="301" y="846" w="25" h="46" pX="0.6" pY="0.804348"/>
        <sprite n="aldeano_walk_basket/034_mVillager_walk_basket.bmp" x="328" y="846" w="23" h="47" pX="0.695652" pY="0.808511"/>
        <sprite n="aldeano_walk_basket/035_mVillager_walk_basket.bmp" x="353" y="846" w="26" h="46" pX="0.653846" pY="0.804348"/>
        <sprite n="aldeano_walk_basket/036_mVillager_walk_basket.bmp" x="381" y="846" w="29" h="46" pX="0.62069" pY="0.804348"/>
        <sprite n="aldeano_walk_basket/037_mVillager_walk_basket.bmp" x="412" y="846" w="31" h="45" pX="0.612903" pY="0.822222"/>
        <sprite n="aldeano_walk_basket/038_mVillager_walk_basket.bmp" x="445" y="846" w="33" h="45" pX="0.575758" pY="0.8"/>
        <sprite n="aldeano_walk_basket/039_mVillager_walk_basket.bmp" x="480" y="846" w="31" h="45" pX="0.548387" pY="0.8"/>
        <sprite n="aldeano_walk_basket/040_mVillager_walk_basket.bmp" x="513" y="846" w="27" h="46" pX="0.592593" pY="0.804348"/>
        <sprite n="aldeano_walk_basket/041_mVillager_walk_basket.bmp" x="542" y="846" w="25" h="46" pX="0.64" pY="0.826087"/>
        <sprite n="aldeano_walk_basket/042_mVillager_walk_basket.bmp" x="569" y="846" w="22" h="46" pX="0.681818" pY="0.826087"/>
        <sprite n="aldeano_walk_basket/043_mVillager_walk_basket.bmp" x="593" y="846" w="22" h="46" pX="0.590909" pY="0.826087"/>
        <sprite n="aldeano_walk_basket/044_mVillager_walk_basket.bmp" x="617" y="846" w="26" h="45" pX="0.576923" pY="0.822222"/>
      </direction>

      <direction enum="north-west">
        <sprite n="aldeano_walk_basket/045_mVillager_walk_basket.bmp" x="645" y="846" w="29" h="44" pX="0.689655" pY="0.863636"/>
        <sprite n="aldeano_walk_basket/046_mVillager_walk_basket.bmp" x="676" y="846" w="30" h="44" pX="0.666667" pY="0.840909"/>
        <sprite n="aldeano_walk_basket/047_mVillager_walk_basket.bmp" x="708" y="846" w="26" h="44" pX="0.692308" pY="0.863636"/>
        <sprite n="aldeano_walk_basket/048_mVillager_walk_basket.bmp" x="736" y="846" w="23" h="45" pX="0.73913" pY="0.844444"/>
        <sprite n="aldeano_walk_basket/049_mVillager_walk_basket.bmp" x="761" y="846" w="21" h="47" pX="0.761905" pY="0.829787"/>
        <sprite n="aldeano_walk_basket/050_mVillager_walk_basket.bmp" x="784" y="846" w="19" h="46" pX="0.684211" pY="0.826087"/>
        <sprite n="aldeano_walk_basket/051_mVillager_walk_basket.bmp" x="805" y="846" w="19" h="47" pX="0.631579" pY="0.808511"/>
        <sprite n="aldeano_walk_basket/052_mVillager_walk_basket.bmp" x="826" y="846" w="22" h="46" pX="0.590909" pY="0.804348"/>
        <sprite n="aldeano_walk_basket/053_mVillager_walk_basket.bmp" x="850" y="846" w="24" h="46" pX="0.541667" pY="0.804348"/>
        <sprite n="aldeano_walk_basket/054_mVillager_walk_basket.bmp" x="876" y="846" w="24" h="45" pX="0.541667" pY="0.822222"/>
        <sprite n="aldeano_walk_basket/055_mVillager_walk_basket.bmp" x="902" y="846" w="25" h="45" pX="0.6" pY="0.844444"/>
        <sprite n="aldeano_walk_basket/056_mVillager_walk_basket.bmp" x="1" y="895" w="25" h="46" pX="0.64" pY="0.847826"/>
        <sprite n="aldeano_walk_basket/057_mVillager_walk_basket.bmp" x="28" y="895" w="23" h="45" pX="0.73913" pY="0.866667"/>
        <sprite n="aldeano_walk_basket/058_mVillager_walk_basket.bmp" x="53" y="895" w="26" h="44" pX="0.730769" pY="0.863636"/>
        <sprite n="aldeano_walk_basket/059_mVillager_walk_basket.bmp" x="81" y="895" w="27" h="44" pX="0.740741" pY="0.863636"/>
      </direction>

      <direction enum="north">
        <sprite n="aldeano_walk_basket/060_mVillager_walk_basket.bmp" x="110" y="895" w="27" h="45" pX="0.666667" pY="0.844444"/>
        <sprite n="aldeano_walk_basket/061_mVillager_walk_basket.bmp" x="139" y="895" w="27" h="46" pX="0.666667" pY="0.826087"/>
        <sprite n="aldeano_walk_basket/062_mVillager_walk_basket.bmp" x="168" y="895" w="27" h="45" pX="0.666667" pY="0.844444"/>
        <sprite n="aldeano_walk_basket/063_mVillager_walk_basket.bmp" x="197" y="895" w="26" h="46" pX="0.692308" pY="0.869565"/>
        <sprite n="aldeano_walk_basket/064_mVillager_walk_basket.bmp" x="225" y="895" w="26" h="45" pX="0.692308" pY="0.888889"/>
        <sprite n="aldeano_walk_basket/065_mVillager_walk_basket.bmp" x="253" y="895" w="26" h="45" pX="0.692308" pY="0.888889"/>
        <sprite n="aldeano_walk_basket/066_mVillager_walk_basket.bmp" x="281" y="895" w="26" h="44" pX="0.692308" pY="0.863636"/>
        <sprite n="aldeano_walk_basket/067_mVillager_walk_basket.bmp" x="309" y="895" w="26" h="45" pX="0.692308" pY="0.844444"/>
        <sprite n="aldeano_walk_basket/068_mVillager_walk_basket.bmp" x="337" y="895" w="27" h="45" pX="0.666667" pY="0.822222"/>
        <sprite n="aldeano_walk_basket/069_mVillager_walk_basket.bmp" x="366" y="895" w="27" h="46" pX="0.666667" pY="0.826087"/>
        <sprite n="aldeano_walk_basket/070_mVillager_walk_basket.bmp" x="395" y="895" w="27" h="45" pX="0.666667" pY="0.844444"/>
        <sprite n="aldeano_walk_basket/071_mVillager_walk_basket.bmp" x="424" y="895" w="27" h="45" pX="0.666667" pY="0.866667"/>
        <sprite n="aldeano_walk_basket/072_mVillager_walk_basket.bmp" x="453" y="895" w="27" h="45" pX="0.666667" pY="0.888889"/>
        <sprite n="aldeano_walk_basket/073_mVillager_walk_basket.bmp" x="482" y="895" w="27" h="45" pX="0.666667" pY="0.866667"/>
        <sprite n="aldeano_walk_basket/074_mVillager_walk_basket.bmp" x="511" y="895" w="26" h="44" pX="0.653846" pY="0.863636"/>
      </direction>
    </action>
  </unit>
</TextureAtlas>
