<?xml version="1.0" encoding="UTF-8"?>
<!-- Created with TexturePacker http://www.codeandweb.com/texturepacker-->
<!-- $TexturePacker:SmartUpdate:78a6bb5a73bf06282375f810f52a1fe0:5527f4a0cf97b801679880f3939aded0:6ce2fb34d7203b4fb7fbf5aec7df10eb$ -->
<!--Format:
n  => name of the sprite
x  => sprite x pos in texture
y  => sprite y pos in texture
w  => sprite width (may be trimmed)
h  => sprite height (may be trimmed)
pX => x pos of the pivot point (relative to sprite width)
pY => y pos of the pivot point (relative to sprite height)
oX => sprite's x-corner offset (only available if trimmed)
oY => sprite's y-corner offset (only available if trimmed)
oW => sprite's original width (only available if trimmed)
oH => sprite's original height (only available if trimmed)
r => 'y' only set if sprite is rotated
with polygon mode enabled:
vertices   => points in sprite coordinate system (x0,y0,x1,y1,x2,y2, ...)
verticesUV => points in sheet coordinate system (x0,y0,x1,y1,x2,y2, ...)
triangles  => sprite triangulation, 3 vertex indices per triangle
-->
<TextureAtlas imagePath="villager_hammer.png" width="663" height="663">
  <unit id="villager_hammer">

    <!-- Construction Action-->
    <action enum= "construction" speed="200">
      <direction enum="south">
        <sprite n="aldeano_construction/000_mVillager_construction.bmp" x="1" y="1" w="23" h="29" pX="0.608696" pY="0.62069"/>
        <sprite n="aldeano_construction/001_mVillager_construction.bmp" x="26" y="1" w="28" h="32" pX="0.392857" pY="0.625"/>
        <sprite n="aldeano_construction/002_mVillager_construction.bmp" x="56" y="1" w="20" h="43" pX="0.55" pY="0.72093"/>
        <sprite n="aldeano_construction/003_mVillager_construction.bmp" x="78" y="1" w="19" h="42" pX="0.631579" pY="0.738095"/>
        <sprite n="aldeano_construction/004_mVillager_construction.bmp" x="99" y="1" w="24" h="40" pX="0.666667" pY="0.725"/>
        <sprite n="aldeano_construction/005_mVillager_construction.bmp" x="125" y="1" w="24" h="37" pX="0.625" pY="0.702703"/>
        <sprite n="aldeano_construction/006_mVillager_construction.bmp" x="151" y="1" w="22" h="31" pX="0.636364" pY="0.354839"/>
        <sprite n="aldeano_construction/007_mVillager_construction.bmp" x="175" y="1" w="22" h="32" pX="0.636364" pY="0.375"/>
        <sprite n="aldeano_construction/008_mVillager_construction.bmp" x="199" y="1" w="22" h="31" pX="0.636364" pY="0.387097"/>
        <sprite n="aldeano_construction/009_mVillager_construction.bmp" x="223" y="1" w="21" h="31" pX="0.619048" pY="0.387097"/>
        <sprite n="aldeano_construction/010_mVillager_construction.bmp" x="246" y="1" w="22" h="31" pX="0.590909" pY="0.387097"/>
        <sprite n="aldeano_construction/011_mVillager_construction.bmp" x="270" y="1" w="24" h="31" pX="0.541667" pY="0.387097"/>
        <sprite n="aldeano_construction/012_mVillager_construction.bmp" x="296" y="1" w="28" h="31" pX="0.464286" pY="0.419355"/>
        <sprite n="aldeano_construction/013_mVillager_construction.bmp" x="326" y="1" w="30" h="31" pX="0.433333" pY="0.516129"/>
        <sprite n="aldeano_construction/014_mVillager_construction.bmp" x="358" y="1" w="28" h="28" pX="0.5" pY="0.607143"/>
      </direction>

      <direction enum="south-west">
        <sprite n="aldeano_construction/015_mVillager_construction.bmp" x="388" y="1" w="25" h="30" pX="0.84" pY="0.7"/>
        <sprite n="aldeano_construction/016_mVillager_construction.bmp" x="415" y="1" w="34" h="32" pX="0.676471" pY="0.65625"/>
        <sprite n="aldeano_construction/017_mVillager_construction.bmp" x="451" y="1" w="29" h="36" pX="0.793103" pY="0.805556"/>
        <sprite n="aldeano_construction/018_mVillager_construction.bmp" x="482" y="1" w="26" h="38" pX="0.884615" pY="0.815789"/>
        <sprite n="aldeano_construction/019_mVillager_construction.bmp" x="510" y="1" w="25" h="37" pX="0.88" pY="0.810811"/>
        <sprite n="aldeano_construction/020_mVillager_construction.bmp" x="537" y="1" w="22" h="36" pX="0.909091" pY="0.75"/>
        <sprite n="aldeano_construction/021_mVillager_construction.bmp" x="561" y="1" w="30" h="30" pX="0.9" pY="0.5"/>
        <sprite n="aldeano_construction/022_mVillager_construction.bmp" x="593" y="1" w="32" h="29" pX="0.90625" pY="0.517241"/>
        <sprite n="aldeano_construction/023_mVillager_construction.bmp" x="627" y="1" w="32" h="28" pX="0.90625" pY="0.535714"/>
        <sprite n="aldeano_construction/024_mVillager_construction.bmp" x="1" y="46" w="31" h="29" pX="0.903226" pY="0.517241"/>
        <sprite n="aldeano_construction/025_mVillager_construction.bmp" x="34" y="46" w="29" h="31" pX="0.896552" pY="0.483871"/>
        <sprite n="aldeano_construction/026_mVillager_construction.bmp" x="65" y="46" w="26" h="31" pX="0.884615" pY="0.483871"/>
        <sprite n="aldeano_construction/027_mVillager_construction.bmp" x="93" y="46" w="23" h="33" pX="0.869565" pY="0.484848"/>
        <sprite n="aldeano_construction/028_mVillager_construction.bmp" x="118" y="46" w="23" h="33" pX="0.869565" pY="0.515152"/>
        <sprite n="aldeano_construction/029_mVillager_construction.bmp" x="143" y="46" w="24" h="32" pX="0.833333" pY="0.625"/>
      </direction>

      <direction enum="west">
        <sprite n="aldeano_construction/030_mVillager_construction.bmp" x="169" y="46" w="25" h="32" pX="0.92" pY="0.8125"/>
        <sprite n="aldeano_construction/031_mVillager_construction.bmp" x="196" y="46" w="26" h="36" pX="0.884615" pY="0.722222"/>
        <sprite n="aldeano_construction/032_mVillager_construction.bmp" x="224" y="46" w="27" h="34" pX="0.888889" pY="0.852941"/>
        <sprite n="aldeano_construction/033_mVillager_construction.bmp" x="253" y="46" w="24" h="38" pX="0.958333" pY="0.868421"/>
        <sprite n="aldeano_construction/034_mVillager_construction.bmp" x="279" y="46" w="21" h="36" pX="0.952381" pY="0.861111"/>
        <sprite n="aldeano_construction/035_mVillager_construction.bmp" x="302" y="46" w="24" h="35" pX="0.958333" pY="0.857143"/>
        <sprite n="aldeano_construction/036_mVillager_construction.bmp" x="328" y="46" w="37" h="26" pX="1" pY="0.807692"/>
        <sprite n="aldeano_construction/037_mVillager_construction.bmp" x="367" y="46" w="37" h="27" pX="1" pY="0.777778"/>
        <sprite n="aldeano_construction/038_mVillager_construction.bmp" x="406" y="46" w="38" h="27" pX="0.973684" pY="0.777778"/>
        <sprite n="aldeano_construction/039_mVillager_construction.bmp" x="446" y="46" w="39" h="26" pX="0.974359" pY="0.807692"/>
        <sprite n="aldeano_construction/040_mVillager_construction.bmp" x="487" y="46" w="39" h="27" pX="0.974359" pY="0.777778"/>
        <sprite n="aldeano_construction/041_mVillager_construction.bmp" x="528" y="46" w="38" h="28" pX="0.973684" pY="0.75"/>
        <sprite n="aldeano_construction/042_mVillager_construction.bmp" x="568" y="46" w="36" h="30" pX="0.972222" pY="0.733333"/>
        <sprite n="aldeano_construction/043_mVillager_construction.bmp" x="606" y="46" w="32" h="33" pX="0.9375" pY="0.69697"/>
        <sprite n="aldeano_construction/044_mVillager_construction.bmp" x="1" y="86" w="26" h="33" pX="0.923077" pY="0.757576"/>
      </direction>

      <direction enum="north-west">
        <sprite n="aldeano_construction/045_mVillager_construction.bmp" x="29" y="86" w="23" h="34" pX="0.826087" pY="0.911765"/>
        <sprite n="aldeano_construction/046_mVillager_construction.bmp" x="54" y="86" w="26" h="38" pX="0.846154" pY="0.815789"/>
        <sprite n="aldeano_construction/047_mVillager_construction.bmp" x="82" y="86" w="20" h="34" pX="0.8" pY="0.911765"/>
        <sprite n="aldeano_construction/048_mVillager_construction.bmp" x="104" y="86" w="17" h="36" pX="0.823529" pY="0.944444"/>
        <sprite n="aldeano_construction/049_mVillager_construction.bmp" x="123" y="86" w="16" h="34" pX="0.8125" pY="0.941176"/>
        <sprite n="aldeano_construction/050_mVillager_construction.bmp" x="141" y="86" w="23" h="35" pX="0.869565" pY="0.942857"/>
        <sprite n="aldeano_construction/051_mVillager_construction.bmp" x="166" y="86" w="30" h="30" pX="0.9" pY="0.9"/>
        <sprite n="aldeano_construction/052_mVillager_construction.bmp" x="198" y="86" w="29" h="29" pX="0.896552" pY="0.896552"/>
        <sprite n="aldeano_construction/053_mVillager_construction.bmp" x="229" y="86" w="28" h="29" pX="0.892857" pY="0.896552"/>
        <sprite n="aldeano_construction/054_mVillager_construction.bmp" x="259" y="86" w="30" h="30" pX="0.9" pY="0.9"/>
        <sprite n="aldeano_construction/055_mVillager_construction.bmp" x="291" y="86" w="32" h="30" pX="0.90625" pY="0.9"/>
        <sprite n="aldeano_construction/056_mVillager_construction.bmp" x="325" y="86" w="34" h="31" pX="0.911765" pY="0.903226"/>
        <sprite n="aldeano_construction/057_mVillager_construction.bmp" x="361" y="86" w="36" h="32" pX="0.888889" pY="0.90625"/>
        <sprite n="aldeano_construction/058_mVillager_construction.bmp" x="399" y="86" w="34" h="33" pX="0.882353" pY="0.909091"/>
        <sprite n="aldeano_construction/059_mVillager_construction.bmp" x="435" y="86" w="27" h="34" pX="0.851852" pY="0.911765"/>
      </direction>

      <direction enum="north">
        <sprite n="aldeano_construction/060_mVillager_construction.bmp" x="464" y="86" w="22" h="35" pX="0.5" pY="0.942857"/>
        <sprite n="aldeano_construction/061_mVillager_construction.bmp" x="488" y="86" w="29" h="36" pX="0.689655" pY="0.916667"/>
        <sprite n="aldeano_construction/062_mVillager_construction.bmp" x="519" y="86" w="21" h="36" pX="0.619048" pY="0.944444"/>
        <sprite n="aldeano_construction/063_mVillager_construction.bmp" x="542" y="86" w="18" h="36" pX="0.444444" pY="0.944444"/>
        <sprite n="aldeano_construction/064_mVillager_construction.bmp" x="562" y="86" w="22" h="34" pX="0.409091" pY="0.941176"/>
        <sprite n="aldeano_construction/065_mVillager_construction.bmp" x="586" y="86" w="25" h="38" pX="0.48" pY="0.947368"/>
        <sprite n="aldeano_construction/066_mVillager_construction.bmp" x="613" y="86" w="20" h="31" pX="0.4" pY="0.935484"/>
        <sprite n="aldeano_construction/067_mVillager_construction.bmp" x="635" y="86" w="20" h="30" pX="0.4" pY="0.933333"/>
        <sprite n="aldeano_construction/068_mVillager_construction.bmp" x="1" y="126" w="19" h="30" pX="0.421053" pY="0.933333"/>
        <sprite n="aldeano_construction/069_mVillager_construction.bmp" x="22" y="126" w="19" h="31" pX="0.421053" pY="0.935484"/>
        <sprite n="aldeano_construction/070_mVillager_construction.bmp" x="43" y="126" w="20" h="32" pX="0.45" pY="0.9375"/>
        <sprite n="aldeano_construction/071_mVillager_construction.bmp" x="65" y="126" w="24" h="33" pX="0.541667" pY="0.939394"/>
        <sprite n="aldeano_construction/072_mVillager_construction.bmp" x="91" y="126" w="27" h="34" pX="0.592593" pY="0.941176"/>
        <sprite n="aldeano_construction/073_mVillager_construction.bmp" x="120" y="126" w="29" h="35" pX="0.62069" pY="0.942857"/>
        <sprite n="aldeano_construction/074_mVillager_construction.bmp" x="151" y="126" w="26" h="35" pX="0.576923" pY="0.942857"/>
      </direction>
    </action>

    <!--Die Action-->
    <action enum ="die" speed="200">
      <direction enum="south">
        <sprite n="aldeano_die_hammer/000_mVillager_die_hammer.bmp" x="179" y="126" w="22" h="42" pX="0.5" pY="0.809524"/>
        <sprite n="aldeano_die_hammer/001_mVillager_die_hammer.bmp" x="203" y="126" w="20" h="40" pX="0.55" pY="0.725"/>
        <sprite n="aldeano_die_hammer/002_mVillager_die_hammer.bmp" x="225" y="126" w="21" h="35" pX="0.52381" pY="0.657143"/>
        <sprite n="aldeano_die_hammer/003_mVillager_die_hammer.bmp" x="248" y="126" w="21" h="34" pX="0.52381" pY="0.588235"/>
        <sprite n="aldeano_die_hammer/004_mVillager_die_hammer.bmp" x="271" y="126" w="22" h="36" pX="0.5" pY="0.555556"/>
        <sprite n="aldeano_die_hammer/005_mVillager_die_hammer.bmp" x="295" y="126" w="24" h="37" pX="0.5" pY="0.513514"/>
        <sprite n="aldeano_die_hammer/006_mVillager_die_hammer.bmp" x="321" y="126" w="26" h="37" pX="0.461538" pY="0.432432"/>
        <sprite n="aldeano_die_hammer/007_mVillager_die_hammer.bmp" x="349" y="126" w="26" h="32" pX="0.423077" pY="0.21875"/>
        <sprite n="aldeano_die_hammer/008_mVillager_die_hammer.bmp" x="377" y="126" w="27" h="27" pX="0.407407" pY="-0.0740741"/>
        <sprite n="aldeano_die_hammer/009_mVillager_die_hammer.bmp" x="406" y="126" w="27" h="27" pX="0.407407" pY="-0.148148"/>
        <sprite n="aldeano_die_hammer/010_mVillager_die_hammer.bmp" x="435" y="126" w="27" h="26" pX="0.444444" pY="-0.230769"/>
        <sprite n="aldeano_die_hammer/011_mVillager_die_hammer.bmp" x="464" y="126" w="28" h="27" pX="0.428571" pY="-0.222222"/>
        <sprite n="aldeano_die_hammer/012_mVillager_die_hammer.bmp" x="494" y="126" w="30" h="26" pX="0.4" pY="-0.269231"/>
        <sprite n="aldeano_die_hammer/013_mVillager_die_hammer.bmp" x="526" y="126" w="32" h="25" pX="0.34375" pY="-0.32"/>
        <sprite n="aldeano_die_hammer/014_mVillager_die_hammer.bmp" x="560" y="126" w="33" h="25" pX="0.333333" pY="-0.32"/>
      </direction>

      <direction enum="south-west">
        <sprite n="aldeano_die_hammer/015_mVillager_die_hammer.bmp" x="595" y="126" w="21" h="42" pX="0.666667" pY="0.809524"/>
        <sprite n="aldeano_die_hammer/016_mVillager_die_hammer.bmp" x="618" y="126" w="24" h="40" pX="0.791667" pY="0.75"/>
        <sprite n="aldeano_die_hammer/017_mVillager_die_hammer.bmp" x="1" y="170" w="27" h="34" pX="0.814815" pY="0.705882"/>
        <sprite n="aldeano_die_hammer/018_mVillager_die_hammer.bmp" x="30" y="170" w="29" h="35" pX="0.862069" pY="0.628571"/>
        <sprite n="aldeano_die_hammer/019_mVillager_die_hammer.bmp" x="61" y="170" w="30" h="36" pX="0.9" pY="0.611111"/>
        <sprite n="aldeano_die_hammer/020_mVillager_die_hammer.bmp" x="93" y="170" w="30" h="37" pX="0.966667" pY="0.567568"/>
        <sprite n="aldeano_die_hammer/021_mVillager_die_hammer.bmp" x="125" y="170" w="31" h="35" pX="1.03226" pY="0.514286"/>
        <sprite n="aldeano_die_hammer/022_mVillager_die_hammer.bmp" x="158" y="170" w="37" h="33" pX="1.02703" pY="0.363636"/>
        <sprite n="aldeano_die_hammer/023_mVillager_die_hammer.bmp" x="197" y="170" w="41" h="25" pX="1.02439" pY="0.08"/>
        <sprite n="aldeano_die_hammer/024_mVillager_die_hammer.bmp" x="240" y="170" w="42" h="23" pX="1.04762" pY="-0.0434783"/>
        <sprite n="aldeano_die_hammer/025_mVillager_die_hammer.bmp" x="284" y="170" w="42" h="22" pX="1.09524" pY="-0.0909091"/>
        <sprite n="aldeano_die_hammer/026_mVillager_die_hammer.bmp" x="328" y="170" w="44" h="22" pX="1.09091" pY="-0.136364"/>
        <sprite n="aldeano_die_hammer/027_mVillager_die_hammer.bmp" x="374" y="170" w="43" h="24" pX="1.11628" pY="-0.125"/>
        <sprite n="aldeano_die_hammer/028_mVillager_die_hammer.bmp" x="419" y="170" w="43" h="25" pX="1.11628" pY="-0.12"/>
        <sprite n="aldeano_die_hammer/029_mVillager_die_hammer.bmp" x="464" y="170" w="43" h="24" pX="1.11628" pY="-0.166667"/>
      </direction>

      <direction enum="west">
        <sprite n="aldeano_die_hammer/030_mVillager_die_hammer.bmp" x="509" y="170" w="21" h="42" pX="0.666667" pY="0.857143"/>
        <sprite n="aldeano_die_hammer/031_mVillager_die_hammer.bmp" x="532" y="170" w="27" h="38" pX="0.851852" pY="0.868421"/>
        <sprite n="aldeano_die_hammer/032_mVillager_die_hammer.bmp" x="561" y="170" w="30" h="35" pX="0.833333" pY="0.828571"/>
        <sprite n="aldeano_die_hammer/033_mVillager_die_hammer.bmp" x="593" y="170" w="31" h="33" pX="0.903226" pY="0.818182"/>
        <sprite n="aldeano_die_hammer/034_mVillager_die_hammer.bmp" x="626" y="170" w="30" h="33" pX="1.03333" pY="0.818182"/>
        <sprite n="aldeano_die_hammer/035_mVillager_die_hammer.bmp" x="1" y="214" w="31" h="35" pX="1.12903" pY="0.8"/>
        <sprite n="aldeano_die_hammer/036_mVillager_die_hammer.bmp" x="34" y="214" w="33" h="35" pX="1.21212" pY="0.771429"/>
        <sprite n="aldeano_die_hammer/037_mVillager_die_hammer.bmp" x="69" y="214" w="40" h="33" pX="1.2" pY="0.727273"/>
        <sprite n="aldeano_die_hammer/038_mVillager_die_hammer.bmp" x="111" y="214" w="44" h="27" pX="1.20455" pY="0.666667"/>
        <sprite n="aldeano_die_hammer/039_mVillager_die_hammer.bmp" x="157" y="214" w="47" h="22" pX="1.23404" pY="0.590909"/>
        <sprite n="aldeano_die_hammer/040_mVillager_die_hammer.bmp" x="206" y="214" w="48" h="17" pX="1.25" pY="0.470588"/>
        <sprite n="aldeano_die_hammer/041_mVillager_die_hammer.bmp" x="256" y="214" w="47" h="18" pX="1.29787" pY="0.5"/>
        <sprite n="aldeano_die_hammer/042_mVillager_die_hammer.bmp" x="305" y="214" w="47" h="20" pX="1.31915" pY="0.45"/>
        <sprite n="aldeano_die_hammer/043_mVillager_die_hammer.bmp" x="354" y="214" w="48" h="21" pX="1.29167" pY="0.428571"/>
        <sprite n="aldeano_die_hammer/044_mVillager_die_hammer.bmp" x="404" y="214" w="46" h="20" pX="1.32609" pY="0.4"/>
      </direction>

      <direction enum="north-west">
        <sprite n="aldeano_die_hammer/045_mVillager_die_hammer.bmp" x="452" y="214" w="20" h="43" pX="0.8" pY="0.883721"/>
        <sprite n="aldeano_die_hammer/046_mVillager_die_hammer.bmp" x="474" y="214" w="23" h="40" pX="0.869565" pY="0.925"/>
        <sprite n="aldeano_die_hammer/047_mVillager_die_hammer.bmp" x="499" y="214" w="24" h="38" pX="0.833333" pY="0.894737"/>
        <sprite n="aldeano_die_hammer/048_mVillager_die_hammer.bmp" x="525" y="214" w="24" h="36" pX="0.958333" pY="0.916667"/>
        <sprite n="aldeano_die_hammer/049_mVillager_die_hammer.bmp" x="551" y="214" w="24" h="37" pX="1.08333" pY="0.918919"/>
        <sprite n="aldeano_die_hammer/050_mVillager_die_hammer.bmp" x="577" y="214" w="27" h="37" pX="1.07407" pY="0.945946"/>
        <sprite n="aldeano_die_hammer/051_mVillager_die_hammer.bmp" x="606" y="214" w="31" h="37" pX="1.06452" pY="0.972973"/>
        <sprite n="aldeano_die_hammer/052_mVillager_die_hammer.bmp" x="1" y="259" w="36" h="37" pX="1.05556" pY="0.972973"/>
        <sprite n="aldeano_die_hammer/053_mVillager_die_hammer.bmp" x="39" y="259" w="38" h="35" pX="1.10526" pY="0.971429"/>
        <sprite n="aldeano_die_hammer/054_mVillager_die_hammer.bmp" x="79" y="259" w="39" h="32" pX="1.12821" pY="0.96875"/>
        <sprite n="aldeano_die_hammer/055_mVillager_die_hammer.bmp" x="120" y="259" w="38" h="26" pX="1.15789" pY="1"/>
        <sprite n="aldeano_die_hammer/056_mVillager_die_hammer.bmp" x="160" y="259" w="38" h="25" pX="1.18421" pY="1.04"/>
        <sprite n="aldeano_die_hammer/057_mVillager_die_hammer.bmp" x="200" y="259" w="41" h="25" pX="1.17073" pY="1.04"/>
        <sprite n="aldeano_die_hammer/058_mVillager_die_hammer.bmp" x="243" y="259" w="44" h="25" pX="1.15909" pY="1.04"/>
        <sprite n="aldeano_die_hammer/059_mVillager_die_hammer.bmp" x="289" y="259" w="44" h="25" pX="1.15909" pY="1"/>
      </direction>

      <direction enum="north">
        <sprite n="aldeano_die_hammer/060_mVillager_die_hammer.bmp" x="335" y="259" w="21" h="44" pX="0.619048" pY="0.886364"/>
        <sprite n="aldeano_die_hammer/061_mVillager_die_hammer.bmp" x="358" y="259" w="20" h="42" pX="0.6" pY="0.928571"/>
        <sprite n="aldeano_die_hammer/062_mVillager_die_hammer.bmp" x="380" y="259" w="20" h="41" pX="0.6" pY="0.902439"/>
        <sprite n="aldeano_die_hammer/063_mVillager_die_hammer.bmp" x="402" y="259" w="21" h="39" pX="0.619048" pY="0.923077"/>
        <sprite n="aldeano_die_hammer/064_mVillager_die_hammer.bmp" x="425" y="259" w="22" h="38" pX="0.590909" pY="0.973684"/>
        <sprite n="aldeano_die_hammer/065_mVillager_die_hammer.bmp" x="449" y="259" w="22" h="38" pX="0.590909" pY="1"/>
        <sprite n="aldeano_die_hammer/066_mVillager_die_hammer.bmp" x="473" y="259" w="24" h="37" pX="0.625" pY="1.05405"/>
        <sprite n="aldeano_die_hammer/067_mVillager_die_hammer.bmp" x="499" y="259" w="24" h="38" pX="0.625" pY="1.07895"/>
        <sprite n="aldeano_die_hammer/068_mVillager_die_hammer.bmp" x="525" y="259" w="24" h="37" pX="0.625" pY="1.08108"/>
        <sprite n="aldeano_die_hammer/069_mVillager_die_hammer.bmp" x="551" y="259" w="25" h="34" pX="0.6" pY="1.11765"/>
        <sprite n="aldeano_die_hammer/070_mVillager_die_hammer.bmp" x="578" y="259" w="25" h="29" pX="0.56" pY="1.17241"/>
        <sprite n="aldeano_die_hammer/071_mVillager_die_hammer.bmp" x="605" y="259" w="25" h="29" pX="0.56" pY="1.17241"/>
        <sprite n="aldeano_die_hammer/072_mVillager_die_hammer.bmp" x="632" y="259" w="28" h="29" pX="0.642857" pY="1.17241"/>
        <sprite n="aldeano_die_hammer/073_mVillager_die_hammer.bmp" x="1" y="305" w="30" h="28" pX="0.666667" pY="1.17857"/>
        <sprite n="aldeano_die_hammer/074_mVillager_die_hammer.bmp" x="33" y="305" w="32" h="28" pX="0.6875" pY="1.17857"/>
      </direction>
    </action>

    <!--Disappear Action-->
    <action enum ="disappear" speed="200">
      <direction enum="south">
        <sprite n="aldeano_dissapear_hammer/000_mVillager_dissapear_hammer.bmp" x="67" y="305" w="33" h="26" pX="0.333333" pY="-0.307692"/>
        <sprite n="aldeano_dissapear_hammer/001_mVillager_dissapear_hammer.bmp" x="102" y="305" w="33" h="26" pX="0.333333" pY="-0.307692"/>
        <sprite n="aldeano_dissapear_hammer/002_mVillager_dissapear_hammer.bmp" x="137" y="305" w="32" h="25" pX="0.3125" pY="-0.32"/>
        <sprite n="aldeano_dissapear_hammer/003_mVillager_dissapear_hammer.bmp" x="171" y="305" w="32" h="25" pX="0.3125" pY="-0.32"/>
        <sprite n="aldeano_dissapear_hammer/004_mVillager_dissapear_hammer.bmp" x="205" y="305" w="27" h="24" pX="0.407407" pY="-0.25"/>
      </direction>

      <direction enum="souht-west">
        <sprite n="aldeano_dissapear_hammer/005_mVillager_dissapear_hammer.bmp" x="234" y="305" w="42" h="24" pX="0.5" pY="0.5"/>
        <sprite n="aldeano_dissapear_hammer/006_mVillager_dissapear_hammer.bmp" x="278" y="305" w="41" h="24" pX="1.12195" pY="-0.166667"/>
        <sprite n="aldeano_dissapear_hammer/007_mVillager_dissapear_hammer.bmp" x="321" y="305" w="41" h="24" pX="1.12195" pY="-0.166667"/>
        <sprite n="aldeano_dissapear_hammer/008_mVillager_dissapear_hammer.bmp" x="364" y="305" w="40" h="24" pX="1.125" pY="-0.166667"/>
        <sprite n="aldeano_dissapear_hammer/009_mVillager_dissapear_hammer.bmp" x="406" y="305" w="34" h="22" pX="1.35294" pY="-0.0454545"/>
      </direction>

      <direction enum="west">
        <sprite n="aldeano_dissapear_hammer/010_mVillager_dissapear_hammer.bmp" x="442" y="305" w="46" h="20" pX="1.32609" pY="0.4"/>
        <sprite n="aldeano_dissapear_hammer/011_mVillager_dissapear_hammer.bmp" x="490" y="305" w="45" h="19" pX="1.33333" pY="0.368421"/>
        <sprite n="aldeano_dissapear_hammer/012_mVillager_dissapear_hammer.bmp" x="537" y="305" w="44" h="18" pX="1.34091" pY="0.333333"/>
        <sprite n="aldeano_dissapear_hammer/013_mVillager_dissapear_hammer.bmp" x="583" y="305" w="45" h="18" pX="1.33333" pY="0.333333"/>
        <sprite n="aldeano_dissapear_hammer/014_mVillager_dissapear_hammer.bmp" x="1" y="335" w="38" h="16" pX="1.57895" pY="0.375"/>
      </direction>

      <direction enum="north-west">
        <sprite n="aldeano_dissapear_hammer/015_mVillager_dissapear_hammer.bmp" x="41" y="335" w="44" h="25" pX="1.15909" pY="1"/>
        <sprite n="aldeano_dissapear_hammer/016_mVillager_dissapear_hammer.bmp" x="87" y="335" w="44" h="24" pX="1.15909" pY="1"/>
        <sprite n="aldeano_dissapear_hammer/017_mVillager_dissapear_hammer.bmp" x="133" y="335" w="44" h="23" pX="1.15909" pY="1"/>
        <sprite n="aldeano_dissapear_hammer/018_mVillager_dissapear_hammer.bmp" x="179" y="335" w="44" h="23" pX="1.15909" pY="1"/>
        <sprite n="aldeano_dissapear_hammer/019_mVillager_dissapear_hammer.bmp" x="225" y="335" w="43" h="21" pX="1.13953" pY="1.09524"/>
      </direction>

      <direction enum="north">
        <sprite n="aldeano_dissapear_hammer/020_mVillager_dissapear_hammer.bmp" x="270" y="335" w="32" h="28" pX="0.6875" pY="1.17857"/>
        <sprite n="aldeano_dissapear_hammer/021_mVillager_dissapear_hammer.bmp" x="304" y="335" w="32" h="28" pX="0.6875" pY="1.17857"/>
        <sprite n="aldeano_dissapear_hammer/022_mVillager_dissapear_hammer.bmp" x="338" y="335" w="32" h="26" pX="0.6875" pY="1.26923"/>
        <sprite n="aldeano_dissapear_hammer/023_mVillager_dissapear_hammer.bmp" x="372" y="335" w="28" h="26" pX="0.785714" pY="1.26923"/>
        <sprite n="aldeano_dissapear_hammer/024_mVillager_dissapear_hammer.bmp" x="402" y="335" w="33" h="25" pX="0.606061" pY="1.32"/>
      </direction>
    </action>

    <!--Idle Action-->
    <action enum ="idle" speed="200">
      <direction enum="south">
        <sprite n="aldeano_idle_hammer/000_mVillager_idle_hammer.bmp" x="437" y="335" w="20" h="42" pX="0.55" pY="0.833333"/>
        <sprite n="aldeano_idle_hammer/001_mVillager_idle_hammer.bmp" x="459" y="335" w="21" h="42" pX="0.52381" pY="0.833333"/>
        <sprite n="aldeano_idle_hammer/002_mVillager_idle_hammer.bmp" x="482" y="335" w="20" h="43" pX="0.5" pY="0.837209"/>
        <sprite n="aldeano_idle_hammer/003_mVillager_idle_hammer.bmp" x="504" y="335" w="20" h="43" pX="0.5" pY="0.837209"/>
        <sprite n="aldeano_idle_hammer/004_mVillager_idle_hammer.bmp" x="526" y="335" w="20" h="43" pX="0.5" pY="0.837209"/>
        <sprite n="aldeano_idle_hammer/005_mVillager_idle_hammer.bmp" x="548" y="335" w="21" h="43" pX="0.52381" pY="0.837209"/>
        <sprite n="aldeano_idle_hammer/006_mVillager_idle_hammer.bmp" x="571" y="335" w="21" h="42" pX="0.52381" pY="0.833333"/>
        <sprite n="aldeano_idle_hammer/007_mVillager_idle_hammer.bmp" x="594" y="335" w="20" h="42" pX="0.55" pY="0.833333"/>
        <sprite n="aldeano_idle_hammer/008_mVillager_idle_hammer.bmp" x="616" y="335" w="21" h="42" pX="0.571429" pY="0.833333"/>
        <sprite n="aldeano_idle_hammer/009_mVillager_idle_hammer.bmp" x="639" y="335" w="21" h="42" pX="0.571429" pY="0.833333"/>
        <sprite n="aldeano_idle_hammer/010_mVillager_idle_hammer.bmp" x="1" y="380" w="21" h="42" pX="0.571429" pY="0.833333"/>
        <sprite n="aldeano_idle_hammer/011_mVillager_idle_hammer.bmp" x="24" y="380" w="21" h="42" pX="0.571429" pY="0.833333"/>
        <sprite n="aldeano_idle_hammer/012_mVillager_idle_hammer.bmp" x="47" y="380" w="21" h="42" pX="0.571429" pY="0.833333"/>
        <sprite n="aldeano_idle_hammer/013_mVillager_idle_hammer.bmp" x="70" y="380" w="20" h="42" pX="0.55" pY="0.833333"/>
        <sprite n="aldeano_idle_hammer/014_mVillager_idle_hammer.bmp" x="92" y="380" w="20" h="42" pX="0.55" pY="0.833333"/>
      </direction>

      <direction enum="south-west">
        <sprite n="aldeano_idle_hammer/015_mVillager_idle_hammer.bmp" x="114" y="380" w="22" h="43" pX="0.590909" pY="0.837209"/>
        <sprite n="aldeano_idle_hammer/016_mVillager_idle_hammer.bmp" x="138" y="380" w="22" h="42" pX="0.590909" pY="0.833333"/>
        <sprite n="aldeano_idle_hammer/017_mVillager_idle_hammer.bmp" x="162" y="380" w="22" h="42" pX="0.590909" pY="0.833333"/>
        <sprite n="aldeano_idle_hammer/018_mVillager_idle_hammer.bmp" x="186" y="380" w="22" h="42" pX="0.590909" pY="0.833333"/>
        <sprite n="aldeano_idle_hammer/019_mVillager_idle_hammer.bmp" x="210" y="380" w="22" h="42" pX="0.590909" pY="0.833333"/>
        <sprite n="aldeano_idle_hammer/020_mVillager_idle_hammer.bmp" x="234" y="380" w="22" h="42" pX="0.590909" pY="0.833333"/>
        <sprite n="aldeano_idle_hammer/021_mVillager_idle_hammer.bmp" x="258" y="380" w="22" h="42" pX="0.590909" pY="0.833333"/>
        <sprite n="aldeano_idle_hammer/022_mVillager_idle_hammer.bmp" x="282" y="380" w="22" h="42" pX="0.590909" pY="0.833333"/>
        <sprite n="aldeano_idle_hammer/023_mVillager_idle_hammer.bmp" x="306" y="380" w="22" h="43" pX="0.590909" pY="0.837209"/>
        <sprite n="aldeano_idle_hammer/024_mVillager_idle_hammer.bmp" x="330" y="380" w="22" h="43" pX="0.590909" pY="0.837209"/>
        <sprite n="aldeano_idle_hammer/025_mVillager_idle_hammer.bmp" x="354" y="380" w="22" h="43" pX="0.590909" pY="0.837209"/>
        <sprite n="aldeano_idle_hammer/026_mVillager_idle_hammer.bmp" x="378" y="380" w="22" h="43" pX="0.590909" pY="0.837209"/>
        <sprite n="aldeano_idle_hammer/027_mVillager_idle_hammer.bmp" x="402" y="380" w="22" h="43" pX="0.590909" pY="0.837209"/>
        <sprite n="aldeano_idle_hammer/028_mVillager_idle_hammer.bmp" x="426" y="380" w="22" h="43" pX="0.590909" pY="0.837209"/>
        <sprite n="aldeano_idle_hammer/029_mVillager_idle_hammer.bmp" x="450" y="380" w="22" h="43" pX="0.590909" pY="0.837209"/>
      </direction>

      <direction enum="west">
        <sprite n="aldeano_idle_hammer/030_mVillager_idle_hammer.bmp" x="474" y="380" w="21" h="41" pX="0.571429" pY="0.878049"/>
        <sprite n="aldeano_idle_hammer/031_mVillager_idle_hammer.bmp" x="497" y="380" w="21" h="42" pX="0.571429" pY="0.857143"/>
        <sprite n="aldeano_idle_hammer/032_mVillager_idle_hammer.bmp" x="520" y="380" w="21" h="42" pX="0.571429" pY="0.857143"/>
        <sprite n="aldeano_idle_hammer/033_mVillager_idle_hammer.bmp" x="543" y="380" w="22" h="42" pX="0.590909" pY="0.857143"/>
        <sprite n="aldeano_idle_hammer/034_mVillager_idle_hammer.bmp" x="567" y="380" w="22" h="42" pX="0.590909" pY="0.857143"/>
        <sprite n="aldeano_idle_hammer/035_mVillager_idle_hammer.bmp" x="591" y="380" w="21" h="42" pX="0.571429" pY="0.857143"/>
        <sprite n="aldeano_idle_hammer/036_mVillager_idle_hammer.bmp" x="614" y="380" w="21" h="42" pX="0.571429" pY="0.857143"/>
        <sprite n="aldeano_idle_hammer/037_mVillager_idle_hammer.bmp" x="637" y="380" w="21" h="42" pX="0.571429" pY="0.857143"/>
        <sprite n="aldeano_idle_hammer/038_mVillager_idle_hammer.bmp" x="1" y="425" w="21" h="42" pX="0.571429" pY="0.857143"/>
        <sprite n="aldeano_idle_hammer/039_mVillager_idle_hammer.bmp" x="24" y="425" w="21" h="42" pX="0.571429" pY="0.857143"/>
        <sprite n="aldeano_idle_hammer/040_mVillager_idle_hammer.bmp" x="47" y="425" w="21" h="41" pX="0.571429" pY="0.878049"/>
        <sprite n="aldeano_idle_hammer/041_mVillager_idle_hammer.bmp" x="70" y="425" w="21" h="41" pX="0.571429" pY="0.878049"/>
        <sprite n="aldeano_idle_hammer/042_mVillager_idle_hammer.bmp" x="93" y="425" w="21" h="41" pX="0.571429" pY="0.878049"/>
        <sprite n="aldeano_idle_hammer/043_mVillager_idle_hammer.bmp" x="116" y="425" w="21" h="41" pX="0.571429" pY="0.878049"/>
        <sprite n="aldeano_idle_hammer/044_mVillager_idle_hammer.bmp" x="139" y="425" w="21" h="41" pX="0.571429" pY="0.878049"/>
      </direction>

      <direction enum="north-west">
        <sprite n="aldeano_idle_hammer/045_mVillager_idle_hammer.bmp" x="162" y="425" w="20" h="44" pX="0.7" pY="0.863636"/>
        <sprite n="aldeano_idle_hammer/046_mVillager_idle_hammer.bmp" x="184" y="425" w="20" h="43" pX="0.7" pY="0.860465"/>
        <sprite n="aldeano_idle_hammer/047_mVillager_idle_hammer.bmp" x="206" y="425" w="20" h="43" pX="0.7" pY="0.860465"/>
        <sprite n="aldeano_idle_hammer/048_mVillager_idle_hammer.bmp" x="228" y="425" w="20" h="43" pX="0.7" pY="0.860465"/>
        <sprite n="aldeano_idle_hammer/049_mVillager_idle_hammer.bmp" x="250" y="425" w="20" h="43" pX="0.7" pY="0.860465"/>
        <sprite n="aldeano_idle_hammer/050_mVillager_idle_hammer.bmp" x="272" y="425" w="20" h="43" pX="0.7" pY="0.860465"/>
        <sprite n="aldeano_idle_hammer/051_mVillager_idle_hammer.bmp" x="294" y="425" w="21" h="43" pX="0.714286" pY="0.860465"/>
        <sprite n="aldeano_idle_hammer/052_mVillager_idle_hammer.bmp" x="317" y="425" w="20" h="43" pX="0.7" pY="0.860465"/>
        <sprite n="aldeano_idle_hammer/053_mVillager_idle_hammer.bmp" x="339" y="425" w="20" h="44" pX="0.7" pY="0.863636"/>
        <sprite n="aldeano_idle_hammer/054_mVillager_idle_hammer.bmp" x="361" y="425" w="20" h="44" pX="0.7" pY="0.863636"/>
        <sprite n="aldeano_idle_hammer/055_mVillager_idle_hammer.bmp" x="383" y="425" w="20" h="44" pX="0.7" pY="0.863636"/>
        <sprite n="aldeano_idle_hammer/056_mVillager_idle_hammer.bmp" x="405" y="425" w="20" h="44" pX="0.7" pY="0.863636"/>
        <sprite n="aldeano_idle_hammer/057_mVillager_idle_hammer.bmp" x="427" y="425" w="20" h="44" pX="0.7" pY="0.863636"/>
        <sprite n="aldeano_idle_hammer/058_mVillager_idle_hammer.bmp" x="449" y="425" w="20" h="44" pX="0.7" pY="0.863636"/>
        <sprite n="aldeano_idle_hammer/059_mVillager_idle_hammer.bmp" x="471" y="425" w="20" h="44" pX="0.7" pY="0.863636"/>
      </direction>

      <direction enum="north">
        <sprite n="aldeano_idle_hammer/060_mVillager_idle_hammer.bmp" x="493" y="425" w="20" h="44" pX="0.6" pY="0.863636"/>
        <sprite n="aldeano_idle_hammer/061_mVillager_idle_hammer.bmp" x="515" y="425" w="20" h="44" pX="0.65" pY="0.863636"/>
        <sprite n="aldeano_idle_hammer/062_mVillager_idle_hammer.bmp" x="537" y="425" w="19" h="44" pX="0.684211" pY="0.863636"/>
        <sprite n="aldeano_idle_hammer/063_mVillager_idle_hammer.bmp" x="558" y="425" w="19" h="44" pX="0.684211" pY="0.863636"/>
        <sprite n="aldeano_idle_hammer/064_mVillager_idle_hammer.bmp" x="579" y="425" w="19" h="44" pX="0.684211" pY="0.863636"/>
        <sprite n="aldeano_idle_hammer/065_mVillager_idle_hammer.bmp" x="600" y="425" w="20" h="44" pX="0.65" pY="0.863636"/>
        <sprite n="aldeano_idle_hammer/066_mVillager_idle_hammer.bmp" x="622" y="425" w="20" h="44" pX="0.5" pY="0.5"/>
        <sprite n="aldeano_idle_hammer/067_mVillager_idle_hammer.bmp" x="1" y="471" w="20" h="44" pX="0.6" pY="0.863636"/>
        <sprite n="aldeano_idle_hammer/068_mVillager_idle_hammer.bmp" x="23" y="471" w="20" h="44" pX="0.6" pY="0.863636"/>
        <sprite n="aldeano_idle_hammer/069_mVillager_idle_hammer.bmp" x="45" y="471" w="20" h="44" pX="0.6" pY="0.863636"/>
        <sprite n="aldeano_idle_hammer/070_mVillager_idle_hammer.bmp" x="67" y="471" w="20" h="44" pX="0.6" pY="0.863636"/>
        <sprite n="aldeano_idle_hammer/071_mVillager_idle_hammer.bmp" x="89" y="471" w="20" h="44" pX="0.6" pY="0.863636"/>
        <sprite n="aldeano_idle_hammer/072_mVillager_idle_hammer.bmp" x="111" y="471" w="20" h="44" pX="0.6" pY="0.863636"/>
        <sprite n="aldeano_idle_hammer/073_mVillager_idle_hammer.bmp" x="133" y="471" w="20" h="44" pX="0.6" pY="0.863636"/>
        <sprite n="aldeano_idle_hammer/074_mVillager_idle_hammer.bmp" x="155" y="471" w="20" h="44" pX="0.6" pY="0.863636"/>
      </direction>
    </action>


    <!--Walk Action-->
    <action enum ="walk" speed="200">
      <direction enum="south">
        <sprite n="aldeano_walk_hammer/000_mVillager_walk_hammer.bmp" x="177" y="471" w="21" h="46" pX="0.619048" pY="0.76087"/>
        <sprite n="aldeano_walk_hammer/001_mVillager_walk_hammer.bmp" x="200" y="471" w="21" h="46" pX="0.619048" pY="0.76087"/>
        <sprite n="aldeano_walk_hammer/002_mVillager_walk_hammer.bmp" x="223" y="471" w="21" h="47" pX="0.619048" pY="0.765957"/>
        <sprite n="aldeano_walk_hammer/003_mVillager_walk_hammer.bmp" x="246" y="471" w="22" h="45" pX="0.590909" pY="0.8"/>
        <sprite n="aldeano_walk_hammer/004_mVillager_walk_hammer.bmp" x="270" y="471" w="23" h="43" pX="0.565217" pY="0.837209"/>
        <sprite n="aldeano_walk_hammer/005_mVillager_walk_hammer.bmp" x="295" y="471" w="23" h="41" pX="0.565217" pY="0.878049"/>
        <sprite n="aldeano_walk_hammer/006_mVillager_walk_hammer.bmp" x="320" y="471" w="22" h="43" pX="0.590909" pY="0.837209"/>
        <sprite n="aldeano_walk_hammer/007_mVillager_walk_hammer.bmp" x="344" y="471" w="22" h="43" pX="0.590909" pY="0.813953"/>
        <sprite n="aldeano_walk_hammer/008_mVillager_walk_hammer.bmp" x="368" y="471" w="21" h="43" pX="0.619048" pY="0.813953"/>
        <sprite n="aldeano_walk_hammer/009_mVillager_walk_hammer.bmp" x="391" y="471" w="22" h="43" pX="0.590909" pY="0.813953"/>
        <sprite n="aldeano_walk_hammer/010_mVillager_walk_hammer.bmp" x="415" y="471" w="23" h="43" pX="0.565217" pY="0.837209"/>
        <sprite n="aldeano_walk_hammer/011_mVillager_walk_hammer.bmp" x="440" y="471" w="23" h="43" pX="0.565217" pY="0.837209"/>
        <sprite n="aldeano_walk_hammer/012_mVillager_walk_hammer.bmp" x="465" y="471" w="23" h="44" pX="0.565217" pY="0.818182"/>
        <sprite n="aldeano_walk_hammer/013_mVillager_walk_hammer.bmp" x="490" y="471" w="22" h="46" pX="0.590909" pY="0.782609"/>
        <sprite n="aldeano_walk_hammer/014_mVillager_walk_hammer.bmp" x="514" y="471" w="22" h="46" pX="0.590909" pY="0.76087"/>
      </direction>

      <direction enum="south-west">
        <sprite n="aldeano_walk_hammer/015_mVillager_walk_hammer.bmp" x="538" y="471" w="27" h="46" pX="0.62963" pY="0.782609"/>
        <sprite n="aldeano_walk_hammer/016_mVillager_walk_hammer.bmp" x="567" y="471" w="29" h="45" pX="0.62069" pY="0.8"/>
        <sprite n="aldeano_walk_hammer/017_mVillager_walk_hammer.bmp" x="598" y="471" w="27" h="46" pX="0.592593" pY="0.804348"/>
        <sprite n="aldeano_walk_hammer/018_mVillager_walk_hammer.bmp" x="627" y="471" w="22" h="46" pX="0.545455" pY="0.804348"/>
        <sprite n="aldeano_walk_hammer/019_mVillager_walk_hammer.bmp" x="1" y="520" w="21" h="45" pX="0.571429" pY="0.822222"/>
        <sprite n="aldeano_walk_hammer/020_mVillager_walk_hammer.bmp" x="24" y="520" w="22" h="44" pX="0.590909" pY="0.840909"/>
        <sprite n="aldeano_walk_hammer/021_mVillager_walk_hammer.bmp" x="48" y="520" w="26" h="42" pX="0.615385" pY="0.857143"/>
        <sprite n="aldeano_walk_hammer/022_mVillager_walk_hammer.bmp" x="76" y="520" w="28" h="43" pX="0.607143" pY="0.837209"/>
        <sprite n="aldeano_walk_hammer/023_mVillager_walk_hammer.bmp" x="106" y="520" w="27" h="42" pX="0.62963" pY="0.833333"/>
        <sprite n="aldeano_walk_hammer/024_mVillager_walk_hammer.bmp" x="135" y="520" w="25" h="43" pX="0.64" pY="0.837209"/>
        <sprite n="aldeano_walk_hammer/025_mVillager_walk_hammer.bmp" x="162" y="520" w="22" h="43" pX="0.636364" pY="0.837209"/>
        <sprite n="aldeano_walk_hammer/026_mVillager_walk_hammer.bmp" x="186" y="520" w="20" h="45" pX="0.65" pY="0.822222"/>
        <sprite n="aldeano_walk_hammer/027_mVillager_walk_hammer.bmp" x="208" y="520" w="19" h="47" pX="0.631579" pY="0.787234"/>
        <sprite n="aldeano_walk_hammer/028_mVillager_walk_hammer.bmp" x="229" y="520" w="20" h="47" pX="0.6" pY="0.787234"/>
        <sprite n="aldeano_walk_hammer/029_mVillager_walk_hammer.bmp" x="251" y="520" w="25" h="46" pX="0.64" pY="0.782609"/>
      </direction>

      <direction enum="west">
        <sprite n="aldeano_walk_hammer/030_mVillager_walk_hammer.bmp" x="278" y="520" w="34" h="42" pX="0.705882" pY="0.880952"/>
        <sprite n="aldeano_walk_hammer/031_mVillager_walk_hammer.bmp" x="314" y="520" w="35" h="43" pX="0.685714" pY="0.883721"/>
        <sprite n="aldeano_walk_hammer/032_mVillager_walk_hammer.bmp" x="351" y="520" w="35" h="43" pX="0.657143" pY="0.883721"/>
        <sprite n="aldeano_walk_hammer/033_mVillager_walk_hammer.bmp" x="388" y="520" w="30" h="43" pX="0.633333" pY="0.883721"/>
        <sprite n="aldeano_walk_hammer/034_mVillager_walk_hammer.bmp" x="420" y="520" w="23" h="44" pX="0.608696" pY="0.863636"/>
        <sprite n="aldeano_walk_hammer/035_mVillager_walk_hammer.bmp" x="445" y="520" w="18" h="44" pX="0.666667" pY="0.863636"/>
        <sprite n="aldeano_walk_hammer/036_mVillager_walk_hammer.bmp" x="465" y="520" w="24" h="43" pX="0.666667" pY="0.860465"/>
        <sprite n="aldeano_walk_hammer/037_mVillager_walk_hammer.bmp" x="491" y="520" w="28" h="42" pX="0.642857" pY="0.880952"/>
        <sprite n="aldeano_walk_hammer/038_mVillager_walk_hammer.bmp" x="521" y="520" w="30" h="41" pX="0.6" pY="0.878049"/>
        <sprite n="aldeano_walk_hammer/039_mVillager_walk_hammer.bmp" x="553" y="520" w="29" h="42" pX="0.586207" pY="0.880952"/>
        <sprite n="aldeano_walk_hammer/040_mVillager_walk_hammer.bmp" x="584" y="520" w="24" h="43" pX="0.583333" pY="0.860465"/>
        <sprite n="aldeano_walk_hammer/041_mVillager_walk_hammer.bmp" x="610" y="520" w="23" h="44" pX="0.695652" pY="0.863636"/>
        <sprite n="aldeano_walk_hammer/042_mVillager_walk_hammer.bmp" x="635" y="520" w="25" h="44" pX="0.76" pY="0.863636"/>
        <sprite n="aldeano_walk_hammer/043_mVillager_walk_hammer.bmp" x="1" y="569" w="29" h="43" pX="0.724138" pY="0.883721"/>
        <sprite n="aldeano_walk_hammer/044_mVillager_walk_hammer.bmp" x="32" y="569" w="32" h="43" pX="0.71875" pY="0.883721"/>
      </direction>

      <direction enum="north-west">
        <sprite n="aldeano_walk_hammer/045_mVillager_walk_hammer.bmp" x="66" y="569" w="32" h="44" pX="0.65625" pY="0.863636"/>
        <sprite n="aldeano_walk_hammer/046_mVillager_walk_hammer.bmp" x="100" y="569" w="30" h="46" pX="0.666667" pY="0.847826"/>
        <sprite n="aldeano_walk_hammer/047_mVillager_walk_hammer.bmp" x="132" y="569" w="29" h="46" pX="0.689655" pY="0.847826"/>
        <sprite n="aldeano_walk_hammer/048_mVillager_walk_hammer.bmp" x="163" y="569" w="28" h="46" pX="0.678571" pY="0.847826"/>
        <sprite n="aldeano_walk_hammer/049_mVillager_walk_hammer.bmp" x="193" y="569" w="24" h="45" pX="0.708333" pY="0.866667"/>
        <sprite n="aldeano_walk_hammer/050_mVillager_walk_hammer.bmp" x="219" y="569" w="20" h="45" pX="0.7" pY="0.866667"/>
        <sprite n="aldeano_walk_hammer/051_mVillager_walk_hammer.bmp" x="241" y="569" w="19" h="44" pX="0.578947" pY="0.863636"/>
        <sprite n="aldeano_walk_hammer/052_mVillager_walk_hammer.bmp" x="262" y="569" w="20" h="44" pX="0.55" pY="0.840909"/>
        <sprite n="aldeano_walk_hammer/053_mVillager_walk_hammer.bmp" x="284" y="569" w="23" h="43" pX="0.521739" pY="0.860465"/>
        <sprite n="aldeano_walk_hammer/054_mVillager_walk_hammer.bmp" x="309" y="569" w="23" h="44" pX="0.521739" pY="0.863636"/>
        <sprite n="aldeano_walk_hammer/055_mVillager_walk_hammer.bmp" x="334" y="569" w="25" h="43" pX="0.6" pY="0.883721"/>
        <sprite n="aldeano_walk_hammer/056_mVillager_walk_hammer.bmp" x="361" y="569" w="27" h="43" pX="0.666667" pY="0.906977"/>
        <sprite n="aldeano_walk_hammer/057_mVillager_walk_hammer.bmp" x="390" y="569" w="28" h="44" pX="0.714286" pY="0.886364"/>
        <sprite n="aldeano_walk_hammer/058_mVillager_walk_hammer.bmp" x="420" y="569" w="30" h="44" pX="0.7" pY="0.886364"/>
        <sprite n="aldeano_walk_hammer/059_mVillager_walk_hammer.bmp" x="452" y="569" w="31" h="45" pX="0.677419" pY="0.866667"/>
      </direction>

      <direction enum="north">
        <sprite n="aldeano_walk_hammer/060_mVillager_walk_hammer.bmp" x="485" y="569" w="21" h="46" pX="0.571429" pY="0.847826"/>
        <sprite n="aldeano_walk_hammer/061_mVillager_walk_hammer.bmp" x="508" y="569" w="20" h="46" pX="0.55" pY="0.847826"/>
        <sprite n="aldeano_walk_hammer/062_mVillager_walk_hammer.bmp" x="530" y="569" w="20" h="46" pX="0.55" pY="0.847826"/>
        <sprite n="aldeano_walk_hammer/063_mVillager_walk_hammer.bmp" x="552" y="569" w="21" h="46" pX="0.571429" pY="0.847826"/>
        <sprite n="aldeano_walk_hammer/064_mVillager_walk_hammer.bmp" x="575" y="569" w="22" h="45" pX="0.590909" pY="0.866667"/>
        <sprite n="aldeano_walk_hammer/065_mVillager_walk_hammer.bmp" x="599" y="569" w="23" h="44" pX="0.565217" pY="0.886364"/>
        <sprite n="aldeano_walk_hammer/066_mVillager_walk_hammer.bmp" x="624" y="569" w="21" h="44" pX="0.571429" pY="0.886364"/>
        <sprite n="aldeano_walk_hammer/067_mVillager_walk_hammer.bmp" x="1" y="617" w="21" h="44" pX="0.571429" pY="0.863636"/>
        <sprite n="aldeano_walk_hammer/068_mVillager_walk_hammer.bmp" x="24" y="617" w="21" h="45" pX="0.571429" pY="0.844444"/>
        <sprite n="aldeano_walk_hammer/069_mVillager_walk_hammer.bmp" x="47" y="617" w="21" h="45" pX="0.571429" pY="0.844444"/>
        <sprite n="aldeano_walk_hammer/070_mVillager_walk_hammer.bmp" x="70" y="617" w="23" h="45" pX="0.565217" pY="0.866667"/>
        <sprite n="aldeano_walk_hammer/071_mVillager_walk_hammer.bmp" x="95" y="617" w="23" h="44" pX="0.565217" pY="0.886364"/>
        <sprite n="aldeano_walk_hammer/072_mVillager_walk_hammer.bmp" x="120" y="617" w="23" h="43" pX="0.565217" pY="0.906977"/>
        <sprite n="aldeano_walk_hammer/073_mVillager_walk_hammer.bmp" x="145" y="617" w="22" h="44" pX="0.590909" pY="0.886364"/>
        <sprite n="aldeano_walk_hammer/074_mVillager_walk_hammer.bmp" x="169" y="617" w="21" h="45" pX="0.571429" pY="0.866667"/>
      </direction>
    </action>
  </unit>
</TextureAtlas>
