<?xml version="1.0" encoding="utf-8"?>
<SoundAtlas>
  <type enum="sword_solo" song_type ="fx">
    <sound soundPath="sword_01.wav" name="sword"/>
    <sound soundPath="sword_02.wav" name="sword"/>
    <sound soundPath="sword_03.wav" name="sword"/>
  </type>
  <type enum="arrow_attack" song_type ="fx">
    <sound soundPath="arrow_attack_01.wav" name="arrow"/>
    <sound soundPath="arrow_attack_02.wav" name="arrow"/>
    <sound soundPath="arrow_attack_03.wav" name="arrow"/>
    <sound soundPath="arrow_attack_04.wav" name="arrow"/>
  </type>
  <type enum="monk_converting" song_type ="fx">
    <sound soundPath="monk_converting.wav" name="monk_converting"/>
  </type>
  <type enum="monk_healing" song_type ="fx">
    <sound soundPath="monk_healing.wav" name="monk_healing"/>
  </type>
  <type enum="building_on_fire" song_type ="fx">
    <sound soundPath="building_on_fire.wav" name="onfire"/>
  </type>  
  <type enum="barracks_create_select" song_type ="fx">
    <sound soundPath="barracks.wav" name="barrack"/>
  </type>
  <type enum="archery_create_selected" song_type ="fx">
    <sound soundPath="archery_create_selected.wav" name="archery"/>
  </type>
  <type enum="blacksmith_created_selected" song_type ="fx">
    <sound soundPath="blacksmith_created_selected.wav" name="blacksmith"/>
  </type>
  <type enum="monastery_create_selected" song_type ="fx">
    <sound soundPath="monastery_create_selected.wav" name="monastery"/>
  </type>
  
  <type enum="castle_create_selected" song_type ="fx">
    <sound soundPath="castle_create_selected.wav" name="castle"/>
  </type>
  <type enum="farm_create_selected" song_type ="fx">
    <sound soundPath="farm_create_selected.wav" name="farm"/>
  </type>
  <type enum="tower_create_selected" song_type ="fx">
    <sound soundPath="tower_create_selected.wav" name="tower"/>
  </type>
  <type enum="mill_create_selected" song_type ="fx">
    <sound soundPath="mill_create_selected.wav" name="mill"/>
  </type>
  <type enum="stable_create_selected" song_type ="fx">
    <sound soundPath="stable_create_selected.wav" name="stable"/>
  </type>
  <type enum="university_create_selected" song_type ="fx">
    <sound soundPath="university_create_selected.wav" name="university"/>
  </type>
  <type enum="miningcamp_create_selected" song_type ="fx">
    <sound soundPath="miningcamp_create_selected.wav" name="miningcamp"/>
  </type>
  <type enum="lumbercamp_created_selected" song_type ="fx">
    <sound soundPath="lumbercamp_created_selected.wav" name="lumbercamp"/>
  </type>
  <type enum="town_center_select"  song_type ="fx">
    <sound soundPath="town_center_selected.wav" name="town_center_selected"/>
  </type>
  <type enum="villager_create"  song_type ="fx">
    <sound soundPath="villager_created.wav" name="villager_created"/>
  </type>
  <type enum="villager_finish_building"  song_type ="fx">
    <sound soundPath="villager_finish_building.wav" name="villager_finish"/>
  </type>
  <type enum="infantry_archer_horseman_created"  song_type ="fx">
    <sound soundPath="infantry_archer_horseman_created.wav" name="infantry_archer_horseman_created"/>
  </type>
  <type enum="monk_created"  song_type ="fx">
    <sound soundPath="monk_created.wav" name="monk_created"/>
  </type>  
  <type enum="horse_death"  song_type ="fx">
    <sound soundPath="horse_death_01.wav" name="death"/>
    <sound soundPath="horse_death_02.wav" name="death"/>
    <sound soundPath="horse_death_03.wav" name="death"/>
  </type>
  <type enum="horse_selected"  song_type ="fx">
    <sound soundPath="horse_selected_01.wav" name="selected"/>
    <sound soundPath="horse_selected_02.wav" name="selected"/>
  </type>
  <type enum="horse_tasked"  song_type ="fx">
    <sound soundPath="horse_tasked.wav" name="tasked"/>
  </type>
  <type enum="unit_death"  song_type ="fx">
    <sound soundPath="unit_death_01.wav" name="death"/>
    <sound soundPath="unit_death_02.wav" name="death"/>
    <sound soundPath="unit_death_03.wav" name="death"/>
    <sound soundPath="unit_death_04.wav" name="death"/>
    <sound soundPath="unit_death_05.wav" name="death"/>
    <sound soundPath="unit_death_06.wav" name="death"/>
  </type>
  <type enum="unit_attack"  song_type ="fx">
    <sound soundPath="male_01_attack_01.wav" name="attack"/>
    <sound soundPath="male_01_attack_02.wav" name="attack"/>
    <sound soundPath="male_01_attack_03.wav" name="attack"/>
    <sound soundPath="male_01_attack_04.wav" name="attack"/>
  </type>
  <type enum="unit_click"  song_type ="fx">
    <sound soundPath="male_01_click_01.wav" name="click"/>
    <sound soundPath="male_01_click_02.wav" name="click"/>
    <sound soundPath="male_01_click_03.wav" name="click"/>
  </type>
  <type enum="unit_move"  song_type ="fx">
    <sound soundPath="male_01_move_01.wav" name="move"/>
    <sound soundPath="male_01_move_02.wav" name="move"/>
    <sound soundPath="male_01_move_03.wav" name="move"/>
  </type>
  <type enum="level_up"  song_type ="fx">
    <sound soundPath="level_up.wav" name="level_up"/>
  </type>
  <type enum="warrior_skill_lvl1_a"  song_type ="fx">
    <sound soundPath="warrior_skill_lvl1_a.wav" name="warrior_skill_lvl1_a"/>
  </type>
  <type enum="warrior_skill_lvl1_b"  song_type ="fx">
    <sound soundPath="warrior_skill_lvl1_b.wav" name="warrior_skill_lvl1_b"/>
  </type>
  <type enum="warrior_skill_lvl2_a"  song_type ="fx">
    <sound soundPath="warrior_skill_lvl2_a.wav" name="warrior_skill_lvl2_a"/>
  </type>
  <type enum="warrior_skill_lvl2_b"  song_type ="fx">
    <sound soundPath="warrior_skill_lvl2_b.wav" name="warrior_skill_lvl2_b"/>
  </type>
  <type enum="wizard_skill_lvl2_a"  song_type ="fx">
    <sound soundPath="wizard_skill_lvl2_a.wav" name="wizard_skill_lvl2_a"/>
  </type>
  <type enum="wizard_skill_lvl2_b"  song_type ="fx">
    <sound soundPath="wizard_skill_lvl2_b.wav" name="wizard_skill_lvl2_b"/>
  </type>
  <type enum="wizard_skill_lvl3_a"  song_type ="fx">
    <sound soundPath="wizard_skill_lvl3_a.wav" name="wizard_skill_lvl3_a"/>
  </type>
  <type enum="wizard_skill_lvl3_b"  song_type ="fx">
    <sound soundPath="wizard_skill_lvl3_b.wav" name="wizard_skill_lvl3_b"/>
  </type>
  <type enum="hunter_skill_lvl2_a" song_type ="fx">
    <sound soundPath="hunter_skill_lvl2_a.wav" name="hunter_skill_lvl2_a"/>
  </type>
  <type enum="hunter_skill_lvl2_b" song_type ="fx">
    <sound soundPath="hunter_skill_lvl2_b.wav" name="hunter_skill_lvl2_b"/>
  </type>
  <type enum="hunter_skill_lvl3_a" song_type ="fx">
    <sound soundPath="hunter_skill_lvl3_a.wav" name="hunter_skill_lvl3_a"/>
  </type>
  <type enum="hunter_skill_lvl3_b" song_type ="fx">
    <sound soundPath="hunter_skill_lvl3_b.wav" name="hunter_skill_lvl3_b"/>
  </type>
  <type enum="main_menu"  song_type ="music">
    <sound soundPath="main_menu.ogg" name="main_menu_music"/>
  </type>
  <type enum="ingame"  song_type ="music">
    <sound soundPath="music_01.ogg" name="ingame_music"/>
    <sound soundPath="music_02.ogg" name="ingame_music"/>
    <sound soundPath="music_03.ogg" name="ingame_music"/>
    <sound soundPath="music_04.ogg" name="ingame_music"/>
  </type>
  <type enum="win"  song_type ="music">
    <sound soundPath="won.ogg" name="win_music"/>
  </type>
  <type enum="lost"  song_type ="music">
    <sound soundPath="lost.ogg" name="lost_music"/>
  </type>
  <type enum="mainmenu_click"  song_type ="gui">
    <sound soundPath="mainmenu_click.wav" name="mainmenu_click"/>
  </type>
  <type enum="submenu_click"  song_type ="gui">
    <sound soundPath="submenu_click.wav" name="submenu_click"/>
  </type>
  <type enum="ingame_click"  song_type ="gui">
    <sound soundPath="ingame_click.wav" name="ingame_click"/>
  </type>
  <type enum="error"  song_type ="gui">
    <sound soundPath="error_sound.wav" name="error_sound"/>
  </type>
  <type enum="lost_fx"  song_type ="gui">
    <sound soundPath="lost_fx.wav" name="lost"/>
  </type>
  <type enum="player_building_alert"  song_type ="gui">
    <sound soundPath="player_building_alert.wav" name="player_building_alert"/>
  </type>
  <type enum="win_fx"  song_type ="gui">
    <sound soundPath="win_fx.wav" name="win_fx"/>
  </type>
  <type enum="player_unit_alert"  song_type ="gui">
    <sound soundPath="player_unit_alert.wav" name="player_unit_alert"/>
  </type>
</SoundAtlas>