<?xml version="1.0" encoding="UTF-8"?>
<!-- Created with TexturePacker http://www.codeandweb.com/texturepacker-->
<!-- $TexturePacker:SmartUpdate:8fd6b4e8be44dba90218a8d40d582202:d7cce9382d4b917d5b7f780369d2bbeb:bf824c8609b1b4fe60d50293ba79cbfe$ -->
<!--Format:
n  => name of the sprite
x  => sprite x pos in texture
y  => sprite y pos in texture
w  => sprite width (may be trimmed)
h  => sprite height (may be trimmed)
pX => x pos of the pivot point (relative to sprite width)
pY => y pos of the pivot point (relative to sprite height)
oX => sprite's x-corner offset (only available if trimmed)
oY => sprite's y-corner offset (only available if trimmed)
oW => sprite's original width (only available if trimmed)
oH => sprite's original height (only available if trimmed)
r => 'y' only set if sprite is rotated
with polygon mode enabled:
vertices   => points in sprite coordinate system (x0,y0,x1,y1,x2,y2, ...)
verticesUV => points in sheet coordinate system (x0,y0,x1,y1,x2,y2, ...)
triangles  => sprite triangulation, 3 vertex indices per triangle
-->
<TextureAtlas blue_texture="champion.png" red_texture="champion_red.png" width="691" height="691">
  <!-- Define the unit type-->
  <unit id ="champion">  
  <!-- Attack Action-->
  <action enum= "attack" speed="203">
      <direction enum="south">
        <sprite n="champion/champion_attack/000_champion_attack.bmp" x="1" y="1" w="25" h="46" pX="0.36" pY="0.826087"/>
        <sprite n="champion/champion_attack/001_champion_attack.bmp" x="28" y="1" w="21" h="46" pX="0.47619" pY="0.804348"/>
        <sprite n="champion/champion_attack/002_champion_attack.bmp" x="51" y="1" w="24" h="50" pX="0.583333" pY="0.84"/>
        <sprite n="champion/champion_attack/003_champion_attack.bmp" x="77" y="1" w="39" h="49" pX="0.74359" pY="0.836735"/>
        <sprite n="champion/champion_attack/004_champion_attack.bmp" x="118" y="1" w="39" h="49" pX="0.769231" pY="0.632653"/>
        <sprite n="champion/champion_attack/005_champion_attack.bmp" x="159" y="1" w="38" h="46" pX="0.263158" pY="0.630435"/>
        <sprite n="champion/champion_attack/006_champion_attack.bmp" x="199" y="1" w="49" h="37" pX="0.244898" pY="0.783784"/>
        <sprite n="champion/champion_attack/007_champion_attack.bmp" x="250" y="1" w="39" h="37" pX="0.230769" pY="0.783784"/>
        <sprite n="champion/champion_attack/008_champion_attack.bmp" x="291" y="1" w="34" h="42" pX="0.205882" pY="0.690476"/>
        <sprite n="champion/champion_attack/009_champion_attack.bmp" x="327" y="1" w="24" h="48" pX="0.375" pY="0.625"/>
      </direction>

      <direction enum="south-west">
        <sprite n="champion/champion_attack/010_champion_attack.bmp" x="353" y="1" w="22" h="42" pX="0.545455" pY="0.761905"/>
        <sprite n="champion/champion_attack/011_champion_attack.bmp" x="377" y="1" w="22" h="47" pX="0.545455" pY="0.808511"/>
        <sprite n="champion/champion_attack/012_champion_attack.bmp" x="401" y="1" w="31" h="54" pX="0.677419" pY="0.87037"/>
        <sprite n="champion/champion_attack/013_champion_attack.bmp" x="434" y="1" w="38" h="57" pX="0.736842" pY="0.877193"/>
        <sprite n="champion/champion_attack/014_champion_attack.bmp" x="474" y="1" w="55" h="39" pX="0.818182" pY="0.820513"/>
        <sprite n="champion/champion_attack/015_champion_attack.bmp" x="531" y="1" w="25" h="51" pX="0.6" pY="0.568627"/>
        <sprite n="champion/champion_attack/016_champion_attack.bmp" x="558" y="1" w="51" h="39" pX="0.294118" pY="0.717949"/>
        <sprite n="champion/champion_attack/017_champion_attack.bmp" x="611" y="1" w="50" h="36" pX="0.24" pY="0.777778"/>
        <sprite n="champion/champion_attack/018_champion_attack.bmp" x="663" y="1" w="23" h="46" pX="0.565217" pY="0.630435"/>
        <sprite n="champion/champion_attack/019_champion_attack.bmp" x="1" y="60" w="27" h="48" pX="0.62963" pY="0.625"/>
      </direction>

      <direction enum="west">
        <sprite n="champion/champion_attack/020_champion_attack.bmp" x="30" y="60" w="29" h="44" pX="0.655172" pY="0.795455"/>
        <sprite n="champion/champion_attack/021_champion_attack.bmp" x="61" y="60" w="33" h="47" pX="0.69697" pY="0.87234"/>
        <sprite n="champion/champion_attack/022_champion_attack.bmp" x="96" y="60" w="28" h="55" pX="0.642857" pY="0.890909"/>
        <sprite n="champion/champion_attack/023_champion_attack.bmp" x="126" y="60" w="26" h="62" pX="0.615385" pY="0.903226"/>
        <sprite n="champion/champion_attack/024_champion_attack.bmp" x="154" y="60" w="45" h="46" pX="0.777778" pY="0.869565"/>
        <sprite n="champion/champion_attack/025_champion_attack.bmp" x="201" y="60" w="39" h="46" pX="0.74359" pY="0.673913"/>
        <sprite n="champion/champion_attack/026_champion_attack.bmp" x="242" y="60" w="32" h="49" pX="0.53125" pY="0.591837"/>
        <sprite n="champion/champion_attack/027_champion_attack.bmp" x="276" y="60" w="40" h="46" pX="0.375" pY="0.630435"/>
        <sprite n="champion/champion_attack/028_champion_attack.bmp" x="318" y="60" w="30" h="45" pX="0.666667" pY="0.666667"/>
        <sprite n="champion/champion_attack/029_champion_attack.bmp" x="350" y="60" w="42" h="40" pX="0.761905" pY="0.8"/>
      </direction>

    <direction enum="north-west">
      <sprite n="champion/champion_attack/030_champion_attack.bmp" x="394" y="60" w="32" h="49" pX="0.78125" pY="0.857143"/>
      <sprite n="champion/champion_attack/031_champion_attack.bmp" x="428" y="60" w="31" h="55" pX="0.741935" pY="0.872727"/>
      <sprite n="champion/champion_attack/032_champion_attack.bmp" x="461" y="60" w="21" h="61" pX="0.619048" pY="0.885246"/>
      <sprite n="champion/champion_attack/033_champion_attack.bmp" x="484" y="60" w="27" h="61" pX="0.481481" pY="0.885246"/>
      <sprite n="champion/champion_attack/034_champion_attack.bmp" x="513" y="60" w="21" h="53" pX="0.619048" pY="0.867925"/>
      <sprite n="champion/champion_attack/035_champion_attack.bmp" x="536" y="60" w="47" h="42" pX="0.829787" pY="0.833333"/>
      <sprite n="champion/champion_attack/036_champion_attack.bmp" x="585" y="60" w="26" h="53" pX="0.692308" pY="0.622642"/>
      <sprite n="champion/champion_attack/037_champion_attack.bmp" x="613" y="60" w="24" h="53" pX="0.708333" pY="0.622642"/>
      <sprite n="champion/champion_attack/038_champion_attack.bmp" x="639" y="60" w="39" h="40" pX="0.820513" pY="0.825"/>
      <sprite n="champion/champion_attack/039_champion_attack.bmp" x="1" y="124" w="44" h="44" pX="0.840909" pY="0.840909"/>
    </direction>

    <direction enum="north">
      <sprite n="champion/champion_attack/040_champion_attack.bmp" x="47" y="124" w="28" h="56" pX="0.714286" pY="0.875"/>
      <sprite n="champion/champion_attack/041_champion_attack.bmp" x="77" y="124" w="22" h="59" pX="0.590909" pY="0.881356"/>
      <sprite n="champion/champion_attack/042_champion_attack.bmp" x="101" y="124" w="23" h="58" pX="0.521739" pY="0.87931"/>
      <sprite n="champion/champion_attack/043_champion_attack.bmp" x="126" y="124" w="36" h="54" pX="0.305556" pY="0.87037"/>
      <sprite n="champion/champion_attack/044_champion_attack.bmp" x="164" y="124" w="37" h="49" pX="0.27027" pY="0.857143"/>
      <sprite n="champion/champion_attack/045_champion_attack.bmp" x="203" y="124" w="35" h="44" pX="0.742857" pY="0.840909"/>
      <sprite n="champion/champion_attack/046_champion_attack.bmp" x="240" y="124" w="47" h="44" pX="0.787234" pY="0.795455"/>
      <sprite n="champion/champion_attack/047_champion_attack.bmp" x="289" y="124" w="38" h="48" pX="0.763158" pY="0.729167"/>
      <sprite n="champion/champion_attack/048_champion_attack.bmp" x="329" y="124" w="33" h="42" pX="0.727273" pY="0.833333"/>
      <sprite n="champion/champion_attack/049_champion_attack.bmp" x="364" y="124" w="25" h="52" pX="0.68" pY="0.865385"/>
    </direction>
  </action>

  <!--Die Action-->
  <action enum ="die" speed="200">
    <direction enum="south">
      <sprite n="champion/champion_die/000_champion_die.bmp" x="391" y="124" w="43" h="47" pX="0.232558" pY="0.744681"/>
      <sprite n="champion/champion_die/001_champion_die.bmp" x="436" y="124" w="50" h="46" pX="0.16" pY="0.76087"/>
      <sprite n="champion/champion_die/002_champion_die.bmp" x="488" y="124" w="52" h="45" pX="0.0961538" pY="0.733333"/>
      <sprite n="champion/champion_die/003_champion_die.bmp" x="542" y="124" w="48" h="44" pX="0.0416667" pY="0.727273"/>
      <sprite n="champion/champion_die/004_champion_die.bmp" x="592" y="124" w="46" h="45" pX="-0.0217391" pY="0.711111"/>
      <sprite n="champion/champion_die/005_champion_die.bmp" x="640" y="124" w="45" h="41" pX="-0.0444444" pY="0.682927"/>
      <sprite n="champion/champion_die/006_champion_die.bmp" x="1" y="185" w="48" h="32" pX="-0.0208333" pY="0.59375"/>
      <sprite n="champion/champion_die/007_champion_die.bmp" x="51" y="185" w="51" h="25" pX="-0.0196078" pY="0.48"/>
      <sprite n="champion/champion_die/008_champion_die.bmp" x="104" y="185" w="50" h="24" pX="-0.04" pY="0.458333"/>
      <sprite n="champion/champion_die/009_champion_die.bmp" x="156" y="185" w="51" h="25" pX="-0.0588235" pY="0.44"/>
     </direction>

    <direction enum="south-west">    
      <sprite n="champion/champion_die/010_champion_die.bmp" x="209" y="185" w="24" h="55" pX="0.5" pY="0.636364"/>
      <sprite n="champion/champion_die/011_champion_die.bmp" x="235" y="185" w="29" h="56" pX="0.344828" pY="0.589286"/>
      <sprite n="champion/champion_die/012_champion_die.bmp" x="266" y="185" w="31" h="55" pX="0.290323" pY="0.545455"/>
      <sprite n="champion/champion_die/013_champion_die.bmp" x="299" y="185" w="30" h="53" pX="0.166667" pY="0.509434"/>
      <sprite n="champion/champion_die/014_champion_die.bmp" x="331" y="185" w="29" h="49" pX="0.103448" pY="0.469388"/>
      <sprite n="champion/champion_die/015_champion_die.bmp" x="362" y="185" w="41" h="41" pX="0.097561" pY="0.365854"/>
      <sprite n="champion/champion_die/016_champion_die.bmp" x="405" y="185" w="50" h="34" pX="0.12" pY="0.235294"/>
      <sprite n="champion/champion_die/017_champion_die.bmp" x="457" y="185" w="51" h="30" pX="0.117647" pY="0.133333"/>
      <sprite n="champion/champion_die/018_champion_die.bmp" x="510" y="185" w="51" h="33" pX="0.0980392" pY="0.212121"/>
      <sprite n="champion/champion_die/019_champion_die.bmp" x="563" y="185" w="51" h="31" pX="0.0784314" pY="0.16129"/>
      <sprite n="champion/champion_die/020_champion_die.bmp" x="616" y="185" w="35" h="54" pX="0.685714" pY="0.666667"/>
    </direction>

    <direction enum="west">     
      <sprite n="champion/champion_die/021_champion_die.bmp" x="653" y="185" w="32" h="56" pX="0.625" pY="0.589286"/>
      <sprite n="champion/champion_die/022_champion_die.bmp" x="1" y="243" w="31" h="55" pX="0.612903" pY="0.545455"/>
      <sprite n="champion/champion_die/023_champion_die.bmp" x="34" y="243" w="33" h="52" pX="0.575758" pY="0.519231"/>
      <sprite n="champion/champion_die/024_champion_die.bmp" x="69" y="243" w="37" h="46" pX="0.594595" pY="0.456522"/>
      <sprite n="champion/champion_die/025_champion_die.bmp" x="108" y="243" w="39" h="36" pX="0.564103" pY="0.305556"/>
      <sprite n="champion/champion_die/026_champion_die.bmp" x="149" y="243" w="37" h="32" pX="0.594595" pY="0.15625"/>
      <sprite n="champion/champion_die/027_champion_die.bmp" x="188" y="243" w="39" h="30" pX="0.564103" pY="0.0666667"/>
      <sprite n="champion/champion_die/028_champion_die.bmp" x="229" y="243" w="39" h="32" pX="0.564103" pY="0.125"/>
      <sprite n="champion/champion_die/029_champion_die.bmp" x="270" y="243" w="40" h="33" pX="0.575" pY="0.0909091"/>
    </direction>

    <direction enum="north-west">     
      <sprite n="champion/champion_die/030_champion_die.bmp" x="312" y="243" w="48" h="44" pX="0.833333" pY="0.840909"/>
      <sprite n="champion/champion_die/031_champion_die.bmp" x="362" y="243" w="50" h="44" pX="0.86" pY="0.772727"/>
      <sprite n="champion/champion_die/032_champion_die.bmp" x="414" y="243" w="51" h="44" pX="0.862745" pY="0.727273"/>
      <sprite n="champion/champion_die/033_champion_die.bmp" x="467" y="243" w="50" h="42" pX="0.9" pY="0.666667"/>
      <sprite n="champion/champion_die/034_champion_die.bmp" x="519" y="243" w="51" h="38" pX="0.901961" pY="0.605263"/>
      <sprite n="champion/champion_die/035_champion_die.bmp" x="572" y="243" w="52" h="35" pX="0.903846" pY="0.428571"/>
      <sprite n="champion/champion_die/036_champion_die.bmp" x="626" y="243" w="51" h="36" pX="0.921569" pY="0.333333"/>
      <sprite n="champion/champion_die/037_champion_die.bmp" x="1" y="300" w="49" h="29" pX="0.959184" pY="0.172414"/>
      <sprite n="champion/champion_die/038_champion_die.bmp" x="52" y="300" w="51" h="30" pX="0.921569" pY="0.166667"/>
      <sprite n="champion/champion_die/039_champion_die.bmp" x="105" y="300" w="49" h="29" pX="0.959184" pY="0.137931"/>
    </direction>

    <direction enum="north">    
      <sprite n="champion/champion_die/040_champion_die.bmp" x="156" y="300" w="43" h="47" pX="0.790698" pY="0.851064"/>
      <sprite n="champion/champion_die/041_champion_die.bmp" x="201" y="300" w="50" h="44" pX="0.84" pY="0.840909"/>
      <sprite n="champion/champion_die/042_champion_die.bmp" x="253" y="300" w="51" h="41" pX="0.862745" pY="0.829268"/>
      <sprite n="champion/champion_die/043_champion_die.bmp" x="306" y="300" w="47" h="39" pX="0.914894" pY="0.820513"/>
      <sprite n="champion/champion_die/044_champion_die.bmp" x="355" y="300" w="46" h="36" pX="0.956522" pY="0.777778"/>
      <sprite n="champion/champion_die/045_champion_die.bmp" x="403" y="300" w="44" h="34" pX="0.909091" pY="0.735294"/>
      <sprite n="champion/champion_die/046_champion_die.bmp" x="449" y="300" w="50" h="32" pX="0.98" pY="0.6875"/>
      <sprite n="champion/champion_die/047_champion_die.bmp" x="501" y="300" w="51" h="20" pX="0.980392" pY="0.5"/>
      <sprite n="champion/champion_die/048_champion_die.bmp" x="554" y="300" w="50" h="20" pX="1" pY="0.5"/>
      <sprite n="champion/champion_die/049_champion_die.bmp" x="606" y="300" w="52" h="21" pX="1.01923" pY="0.52381"/>
    </direction>
 </action>
  
  <!--Disapear Action-->
  <action enum ="disappear" speed="1500">
    <direction enum="south">
      <sprite n="champion/champion_dissapear/000_champion_dissapear.bmp" x="1" y="349" w="47" h="23" pX="-0.12766" pY="0.434783"/>
      <sprite n="champion/champion_dissapear/001_champion_dissapear.bmp" x="50" y="349" w="46" h="21" pX="-0.152174" pY="0.428571"/>
      <sprite n="champion/champion_dissapear/002_champion_dissapear.bmp" x="98" y="349" w="46" h="19" pX="-0.152174" pY="0.421053"/>
      <sprite n="champion/champion_dissapear/003_champion_dissapear.bmp" x="146" y="349" w="41" h="18" pX="-0.219512" pY="0.388889"/>
      <sprite n="champion/champion_dissapear/004_champion_dissapear.bmp" x="189" y="349" w="38" h="17" pX="-0.236842" pY="0.352941"/>
    </direction>

    <direction enum="south-west">
      <sprite n="champion/champion_dissapear/005_champion_dissapear.bmp" x="229" y="349" w="49" h="29" pX="0.0612245" pY="0.137931"/>
      <sprite n="champion/champion_dissapear/006_champion_dissapear.bmp" x="280" y="349" w="48" h="25" pX="0.0416667" pY="0.16"/>
      <sprite n="champion/champion_dissapear/007_champion_dissapear.bmp" x="330" y="349" w="44" h="20" pX="0" pY="0.15"/>
      <sprite n="champion/champion_dissapear/008_champion_dissapear.bmp" x="376" y="349" w="38" h="21" pX="0" pY="0.142857"/>
      <sprite n="champion/champion_dissapear/009_champion_dissapear.bmp" x="416" y="349" w="37" h="19" pX="0" pY="0.105263"/>
    </direction>

    <direction enum="west">     
      <sprite n="champion/champion_dissapear/010_champion_dissapear.bmp" x="455" y="349" w="38" h="31" pX="0.578947" pY="0.0645161"/>
      <sprite n="champion/champion_dissapear/011_champion_dissapear.bmp" x="495" y="349" w="36" h="30" pX="0.611111" pY="0.0333333"/>
      <sprite n="champion/champion_dissapear/012_champion_dissapear.bmp" x="533" y="349" w="33" h="29" pX="0.575758" pY="0.0344828"/>
      <sprite n="champion/champion_dissapear/013_champion_dissapear.bmp" x="568" y="349" w="27" h="28" pX="0.481481" pY="0"/>
      <sprite n="champion/champion_dissapear/014_champion_dissapear.bmp" x="597" y="349" w="23" h="24" pX="0.434783" pY="-0.0833333"/>
    </direction>

    <direction enum="north-west">
      <sprite n="champion/champion_dissapear/015_champion_dissapear.bmp" x="622" y="349" w="47" h="27" pX="0.978723" pY="0.111111"/>
      <sprite n="champion/champion_dissapear/016_champion_dissapear.bmp" x="1" y="382" w="47" h="26" pX="0.978723" pY="0.0769231"/>
      <sprite n="champion/champion_dissapear/017_champion_dissapear.bmp" x="50" y="382" w="47" h="26" pX="0.978723" pY="0.0769231"/>
      <sprite n="champion/champion_dissapear/018_champion_dissapear.bmp" x="99" y="382" w="41" h="26" pX="0.97561" pY="0.0769231"/>
      <sprite n="champion/champion_dissapear/019_champion_dissapear.bmp" x="142" y="382" w="35" h="26" pX="0.971429" pY="0.0769231"/>
    </direction>

    <direction enum="north">
      <sprite n="champion/champion_dissapear/020_champion_dissapear.bmp" x="179" y="382" w="50" h="19" pX="1.04" pY="0.526316"/>
      <sprite n="champion/champion_dissapear/021_champion_dissapear.bmp" x="231" y="382" w="50" h="17" pX="1.04" pY="0.529412"/>
      <sprite n="champion/champion_dissapear/022_champion_dissapear.bmp" x="283" y="382" w="49" h="16" pX="1.06122" pY="0.5625"/>
      <sprite n="champion/champion_dissapear/023_champion_dissapear.bmp" x="334" y="382" w="48" h="16" pX="1.0625" pY="0.5625"/>
      <sprite n="champion/champion_dissapear/024_champion_dissapear.bmp" x="384" y="382" w="46" h="16" pX="1.1087" pY="0.5625"/>
    </direction>
  </action>
  
  <!--Idle Action-->
  <action enum ="idle" speed="150">
    <direction enum="south"> 
      <sprite n="champion/champion_idle/000_champion_idle.bmp" x="432" y="382" w="32" h="42" pX="0.65625" pY="0.833333"/>
      <sprite n="champion/champion_idle/001_champion_idle.bmp" x="466" y="382" w="35" h="43" pX="0.657143" pY="0.813953"/>
      <sprite n="champion/champion_idle/002_champion_idle.bmp" x="503" y="382" w="33" h="43" pX="0.636364" pY="0.790698"/>
      <sprite n="champion/champion_idle/003_champion_idle.bmp" x="538" y="382" w="30" h="44" pX="0.6" pY="0.772727"/>
      <sprite n="champion/champion_idle/004_champion_idle.bmp" x="570" y="382" w="29" h="46" pX="0.586207" pY="0.73913"/>
      <sprite n="champion/champion_idle/005_champion_idle.bmp" x="601" y="382" w="29" h="46" pX="0.586207" pY="0.73913"/>
      <sprite n="champion/champion_idle/006_champion_idle.bmp" x="632" y="382" w="29" h="45" pX="0.586207" pY="0.755556"/>
      <sprite n="champion/champion_idle/007_champion_idle.bmp" x="1" y="430" w="29" h="44" pX="0.586207" pY="0.772727"/>
      <sprite n="champion/champion_idle/008_champion_idle.bmp" x="32" y="430" w="32" h="43" pX="0.625" pY="0.790698"/>
      <sprite n="champion/champion_idle/009_champion_idle.bmp" x="66" y="430" w="34" h="43" pX="0.647059" pY="0.813953"/>
    </direction>

    <direction enum="south-west">
      <sprite n="champion/champion_idle/010_champion_idle.bmp" x="102" y="430" w="36" h="45" pX="0.722222" pY="0.844444"/>
      <sprite n="champion/champion_idle/011_champion_idle.bmp" x="140" y="430" w="36" h="45" pX="0.722222" pY="0.844444"/>
      <sprite n="champion/champion_idle/012_champion_idle.bmp" x="178" y="430" w="38" h="44" pX="0.736842" pY="0.840909"/>
      <sprite n="champion/champion_idle/013_champion_idle.bmp" x="218" y="430" w="38" h="42" pX="0.736842" pY="0.833333"/>
      <sprite n="champion/champion_idle/014_champion_idle.bmp" x="258" y="430" w="39" h="42" pX="0.74359" pY="0.833333"/>
      <sprite n="champion/champion_idle/015_champion_idle.bmp" x="299" y="430" w="36" h="42" pX="0.722222" pY="0.833333"/>
      <sprite n="champion/champion_idle/016_champion_idle.bmp" x="337" y="430" w="39" h="42" pX="0.74359" pY="0.833333"/>
      <sprite n="champion/champion_idle/017_champion_idle.bmp" x="378" y="430" w="39" h="42" pX="0.74359" pY="0.833333"/>
      <sprite n="champion/champion_idle/018_champion_idle.bmp" x="419" y="430" w="38" h="43" pX="0.736842" pY="0.837209"/>
      <sprite n="champion/champion_idle/019_champion_idle.bmp" x="459" y="430" w="37" h="44" pX="0.72973" pY="0.840909"/>
    </direction>

    <direction enum="west">
      <sprite n="champion/champion_idle/020_champion_idle.bmp" x="498" y="430" w="27" h="52" pX="0.62963" pY="0.865385"/>
      <sprite n="champion/champion_idle/021_champion_idle.bmp" x="527" y="430" w="28" h="53" pX="0.642857" pY="0.867925"/>
      <sprite n="champion/champion_idle/022_champion_idle.bmp" x="557" y="430" w="31" h="52" pX="0.677419" pY="0.865385"/>
      <sprite n="champion/champion_idle/023_champion_idle.bmp" x="590" y="430" w="33" h="50" pX="0.69697" pY="0.86"/>
      <sprite n="champion/champion_idle/024_champion_idle.bmp" x="625" y="430" w="35" h="49" pX="0.714286" pY="0.857143"/>
      <sprite n="champion/champion_idle/025_champion_idle.bmp" x="1" y="485" w="35" h="48" pX="0.714286" pY="0.854167"/>
      <sprite n="champion/champion_idle/026_champion_idle.bmp" x="38" y="485" w="35" h="49" pX="0.714286" pY="0.857143"/>
      <sprite n="champion/champion_idle/027_champion_idle.bmp" x="75" y="485" w="33" h="50" pX="0.69697" pY="0.86"/>
      <sprite n="champion/champion_idle/028_champion_idle.bmp" x="110" y="485" w="31" h="50" pX="0.677419" pY="0.86"/>
      <sprite n="champion/champion_idle/029_champion_idle.bmp" x="143" y="485" w="28" h="50" pX="0.642857" pY="0.86"/>
    </direction>

    <direction enum="north-west">  
      <sprite n="champion/champion_idle/030_champion_idle.bmp" x="173" y="485" w="21" h="52" pX="0.619048" pY="0.884615"/>
      <sprite n="champion/champion_idle/031_champion_idle.bmp" x="196" y="485" w="21" h="54" pX="0.619048" pY="0.87037"/>
      <sprite n="champion/champion_idle/032_champion_idle.bmp" x="219" y="485" w="21" h="55" pX="0.619048" pY="0.872727"/>
      <sprite n="champion/champion_idle/033_champion_idle.bmp" x="242" y="485" w="21" h="54" pX="0.619048" pY="0.87037"/>
      <sprite n="champion/champion_idle/034_champion_idle.bmp" x="265" y="485" w="21" h="54" pX="0.619048" pY="0.87037"/>
      <sprite n="champion/champion_idle/035_champion_idle.bmp" x="288" y="485" w="21" h="54" pX="0.619048" pY="0.87037"/>
      <sprite n="champion/champion_idle/036_champion_idle.bmp" x="311" y="485" w="23" h="54" pX="0.652174" pY="0.87037"/>
      <sprite n="champion/champion_idle/037_champion_idle.bmp" x="336" y="485" w="21" h="53" pX="0.619048" pY="0.867925"/>
      <sprite n="champion/champion_idle/038_champion_idle.bmp" x="359" y="485" w="21" h="54" pX="0.619048" pY="0.87037"/>
      <sprite n="champion/champion_idle/039_champion_idle.bmp" x="382" y="485" w="21" h="52" pX="0.619048" pY="0.884615"/>
    </direction>

    <direction enum="north">    
      <sprite n="champion/champion_idle/040_champion_idle.bmp" x="405" y="485" w="33" h="47" pX="0.393939" pY="0.87234"/>
      <sprite n="champion/champion_idle/041_champion_idle.bmp" x="440" y="485" w="31" h="50" pX="0.419355" pY="0.86"/>
      <sprite n="champion/champion_idle/042_champion_idle.bmp" x="473" y="485" w="31" h="52" pX="0.419355" pY="0.865385"/>
      <sprite n="champion/champion_idle/043_champion_idle.bmp" x="506" y="485" w="28" h="52" pX="0.464286" pY="0.865385"/>
      <sprite n="champion/champion_idle/044_champion_idle.bmp" x="536" y="485" w="27" h="53" pX="0.481481" pY="0.867925"/>
      <sprite n="champion/champion_idle/045_champion_idle.bmp" x="565" y="485" w="26" h="52" pX="0.5" pY="0.865385"/>
      <sprite n="champion/champion_idle/046_champion_idle.bmp" x="593" y="485" w="27" h="52" pX="0.481481" pY="0.865385"/>
      <sprite n="champion/champion_idle/047_champion_idle.bmp" x="622" y="485" w="28" h="51" pX="0.464286" pY="0.862745"/>
      <sprite n="champion/champion_idle/048_champion_idle.bmp" x="652" y="485" w="31" h="51" pX="0.419355" pY="0.862745"/>
      <sprite n="champion/champion_idle/049_champion_idle.bmp" x="1" y="542" w="33" h="50" pX="0.393939" pY="0.86"/>
    </direction>
  </action>
  
  <!--Walk Action-->
  <action enum ="walk" speed="100">
    <direction enum="south">      
      <sprite n="champion/champion_walk/000_champion_walk.bmp" x="36" y="542" w="23" h="52" pX="0.565217" pY="0.826923"/>
      <sprite n="champion/champion_walk/001_champion_walk.bmp" x="61" y="542" w="24" h="47" pX="0.625" pY="0.829787"/>
      <sprite n="champion/champion_walk/002_champion_walk.bmp" x="87" y="542" w="23" h="49" pX="0.608696" pY="0.877551"/>
      <sprite n="champion/champion_walk/003_champion_walk.bmp" x="112" y="542" w="23" h="51" pX="0.608696" pY="0.882353"/>
      <sprite n="champion/champion_walk/004_champion_walk.bmp" x="137" y="542" w="24" h="50" pX="0.583333" pY="0.88"/>
      <sprite n="champion/champion_walk/005_champion_walk.bmp" x="163" y="542" w="24" h="45" pX="0.583333" pY="0.8"/>
      <sprite n="champion/champion_walk/006_champion_walk.bmp" x="189" y="542" w="24" h="51" pX="0.583333" pY="0.843137"/>
      <sprite n="champion/champion_walk/007_champion_walk.bmp" x="215" y="542" w="23" h="48" pX="0.565217" pY="0.875"/>
      <sprite n="champion/champion_walk/008_champion_walk.bmp" x="240" y="542" w="23" h="50" pX="0.565217" pY="0.88"/>
      <sprite n="champion/champion_walk/009_champion_walk.bmp" x="265" y="542" w="23" h="51" pX="0.565217" pY="0.862745"/>
    </direction>

    <direction enum="south-west">
      <sprite n="champion/champion_walk/010_champion_walk.bmp" x="290" y="542" w="28" h="54" pX="0.607143" pY="0.87037"/>
      <sprite n="champion/champion_walk/011_champion_walk.bmp" x="320" y="542" w="33" h="52" pX="0.606061" pY="0.865385"/>
      <sprite n="champion/champion_walk/012_champion_walk.bmp" x="355" y="542" w="24" h="54" pX="0.541667" pY="0.87037"/>
      <sprite n="champion/champion_walk/013_champion_walk.bmp" x="381" y="542" w="22" h="54" pX="0.590909" pY="0.87037"/>
      <sprite n="champion/champion_walk/014_champion_walk.bmp" x="405" y="542" w="23" h="54" pX="0.565217" pY="0.87037"/>
      <sprite n="champion/champion_walk/015_champion_walk.bmp" x="430" y="542" w="21" h="54" pX="0.52381" pY="0.851852"/>
      <sprite n="champion/champion_walk/016_champion_walk.bmp" x="453" y="542" w="20" h="51" pX="0.55" pY="0.862745"/>
      <sprite n="champion/champion_walk/017_champion_walk.bmp" x="475" y="542" w="24" h="54" pX="0.625" pY="0.87037"/>
      <sprite n="champion/champion_walk/018_champion_walk.bmp" x="501" y="542" w="25" h="54" pX="0.6" pY="0.87037"/>
      <sprite n="champion/champion_walk/019_champion_walk.bmp" x="528" y="542" w="24" h="54" pX="0.625" pY="0.87037"/>
    </direction>

    <direction enum="west">      
      <sprite n="champion/champion_walk/020_champion_walk.bmp" x="554" y="542" w="27" h="56" pX="0.518519" pY="0.892857"/>
      <sprite n="champion/champion_walk/021_champion_walk.bmp" x="583" y="542" w="31" h="55" pX="0.548387" pY="0.909091"/>
      <sprite n="champion/champion_walk/022_champion_walk.bmp" x="616" y="542" w="27" h="55" pX="0.555556" pY="0.909091"/>
      <sprite n="champion/champion_walk/023_champion_walk.bmp" x="645" y="542" w="20" h="55" pX="0.55" pY="0.909091"/>
      <sprite n="champion/champion_walk/024_champion_walk.bmp" x="667" y="542" w="23" h="55" pX="0.565217" pY="0.890909"/>
      <sprite n="champion/champion_walk/025_champion_walk.bmp" x="1" y="600" w="28" h="55" pX="0.5" pY="0.872727"/>
      <sprite n="champion/champion_walk/026_champion_walk.bmp" x="31" y="600" w="28" h="55" pX="0.5" pY="0.872727"/>
      <sprite n="champion/champion_walk/027_champion_walk.bmp" x="61" y="600" w="24" h="56" pX="0.541667" pY="0.892857"/>
      <sprite n="champion/champion_walk/028_champion_walk.bmp" x="87" y="600" w="20" h="57" pX="0.6" pY="0.894737"/>
      <sprite n="champion/champion_walk/029_champion_walk.bmp" x="109" y="600" w="22" h="56" pX="0.545455" pY="0.892857"/>
    </direction>

    <direction enum="north-west">      
      <sprite n="champion/champion_walk/030_champion_walk.bmp" x="133" y="600" w="25" h="58" pX="0.52" pY="0.87931"/>
      <sprite n="champion/champion_walk/031_champion_walk.bmp" x="160" y="600" w="25" h="60" pX="0.52" pY="0.866667"/>
      <sprite n="champion/champion_walk/032_champion_walk.bmp" x="187" y="600" w="25" h="59" pX="0.52" pY="0.881356"/>
      <sprite n="champion/champion_walk/033_champion_walk.bmp" x="214" y="600" w="25" h="58" pX="0.52" pY="0.896552"/>
      <sprite n="champion/champion_walk/034_champion_walk.bmp" x="241" y="600" w="24" h="55" pX="0.541667" pY="0.909091"/>
      <sprite n="champion/champion_walk/035_champion_walk.bmp" x="267" y="600" w="25" h="58" pX="0.52" pY="0.87931"/>
      <sprite n="champion/champion_walk/036_champion_walk.bmp" x="294" y="600" w="26" h="57" pX="0.538462" pY="0.894737"/>
      <sprite n="champion/champion_walk/037_champion_walk.bmp" x="322" y="600" w="25" h="57" pX="0.52" pY="0.912281"/>
      <sprite n="champion/champion_walk/038_champion_walk.bmp" x="349" y="600" w="25" h="57" pX="0.52" pY="0.912281"/>
      <sprite n="champion/champion_walk/039_champion_walk.bmp" x="376" y="600" w="25" h="58" pX="0.52" pY="0.896552"/>
    </direction>

    <direction enum="north">      
      <sprite n="champion/champion_walk/040_champion_walk.bmp" x="403" y="600" w="24" h="58" pX="0.5" pY="0.862069"/>
      <sprite n="champion/champion_walk/041_champion_walk.bmp" x="429" y="600" w="23" h="59" pX="0.478261" pY="0.847458"/>
      <sprite n="champion/champion_walk/042_champion_walk.bmp" x="454" y="600" w="24" h="60" pX="0.458333" pY="0.866667"/>
      <sprite n="champion/champion_walk/043_champion_walk.bmp" x="480" y="600" w="25" h="58" pX="0.48" pY="0.896552"/>
      <sprite n="champion/champion_walk/044_champion_walk.bmp" x="507" y="600" w="25" h="55" pX="0.48" pY="0.872727"/>
      <sprite n="champion/champion_walk/045_champion_walk.bmp" x="534" y="600" w="26" h="47" pX="0.5" pY="0.808511"/>
      <sprite n="champion/champion_walk/046_champion_walk.bmp" x="562" y="600" w="26" h="60" pX="0.5" pY="0.866667"/>
      <sprite n="champion/champion_walk/047_champion_walk.bmp" x="590" y="600" w="24" h="59" pX="0.5" pY="0.881356"/>
      <sprite n="champion/champion_walk/048_champion_walk.bmp" x="616" y="600" w="24" h="57" pX="0.5" pY="0.912281"/>
      <sprite n="champion/champion_walk/049_champion_walk.bmp" x="642" y="600" w="24" h="57" pX="0.5" pY="0.877193"/>
    </direction>
  </action>
  </unit>     
</TextureAtlas>
