<?xml version="1.0" encoding="UTF-8"?>
<!-- Created with TexturePacker http://www.codeandweb.com/texturepacker-->
<!-- $TexturePacker:SmartUpdate:94935372185bc5410754f3e97638c04a:d52807a9cdc2b666368d43a73b3e1908:d59e4189731084d698a6c08c1ebbfb35$ -->
<!--Format:
n  => name of the sprite
x  => sprite x pos in texture
y  => sprite y pos in texture
w  => sprite width (may be trimmed)
h  => sprite height (may be trimmed)
pX => x pos of the pivot point (relative to sprite width)
pY => y pos of the pivot point (relative to sprite height)
oX => sprite's x-corner offset (only available if trimmed)
oY => sprite's y-corner offset (only available if trimmed)
oW => sprite's original width (only available if trimmed)
oH => sprite's original height (only available if trimmed)
r => 'y' only set if sprite is rotated
with polygon mode enabled:
vertices   => points in sprite coordinate system (x0,y0,x1,y1,x2,y2, ...)
verticesUV => points in sheet coordinate system (x0,y0,x1,y1,x2,y2, ...)
triangles  => sprite triangulation, 3 vertex indices per triangle
-->
<TextureAtlas blue_texture="Feudal.png" red_texture="Feudal_red.png" width="1100" height="1100">
  <!-- Define the building type-->
  <building id ="barrack">
    <action enum ="idle" speed="0">
    <sprite opacity ="255" x="488" y="1" z ="-20" w="316" h="256" pX="0.471519" pY="0.722656"/>
    </action>
  </building>
   <building id ="archery_range">
    <action enum ="idle" speed="0">
      <sprite opacity ="255" x="179" y="1" w="307" h="253" pX="0.498371" pY="0.70751"/>
    </action>
  </building>
  <building id ="blacksmith">
    <action enum ="idle" speed="0">
      <sprite opacity ="255" x="806" y="1" w="282" h="168" pX="0.489362" pY="0.827381"/>
    </action>
  </building>
  <building id ="market">
    <action enum ="idle" speed="0">
      <sprite opacity ="255" x="1" y="453" w="371" h="306" pX="0.522911" pY="0.715686"/>
    </action>
  </building>
  <building id ="stable">
    <action enum ="idle" speed="0">
      <sprite opacity ="255" x="374" y="453" w="322" h="200" pX="0.5" pY="0.66"/>
    </action>
  </building>
  <building id ="houseA">
    <action enum ="idle" speed="0">
      <sprite opacity ="255" x="231" y="259" w="221" h="174" pX="0.493213" pY="0.747126"/>
    </action>
  </building>
  <building id ="houseB">
    <action enum ="idle" speed="0">
      <sprite opacity ="255" x="454" y="259" w="176" h="156" pX="0.573864" pY="0.79359"/>
    </action>
  </building>
  <building id ="houseC">
    <action enum ="idle" speed="0">
      <sprite opacity ="255" x="632" y="259" w="212" h="160" pX="0.551887" pY="0.75625"/>
    </action>
  </building>
  <building id ="mining_camp">
    <action enum ="idle" speed="0">
      <sprite opacity ="255" x="1" y="1" w="176" h="110" pX="0.488636" pY="0.654545"/>
    </action>
  </building>
  <building id ="lumber_camp">
    <action enum ="idle" speed="0">
      <sprite opacity ="255" x="1" y="962" w="163" h="137" pX="0.509202" pY="0.715328"/>
    </action>
  </building>
  <building id ="town_center">
    <action enum ="idle" speed="0">
      <sprite n="LPilons" opacity ="255" x="698" y="453" z="70" w="112" h="52" pX="1.36607" pY="-0.43"/>
      <sprite n="LPilons2" opacity ="255" x="812" y="453" z="50" w="27" h="45" pX="6.92593" pY="-0.12"/>
      <sprite n="LSide"   opacity ="255" x="841" y="453" z="100" w="145" h="141" pX="1.27586" pY="0.33"/>
      <sprite n="RPilons" opacity ="255" x="133" y="761" z ="60" w="112" h="51" pX="-0.410714" pY="-0.43"/>
      <sprite n="RPilons2" opacity ="255" x="247" y="761" z="45" w="25" h="48" pX="-6.44" pY="-0.12"/>
      <sprite n="RSide"   opacity ="255" x="274" y="761" z="100" w="145" h="141" pX="-0.31" pY="0.33"/>
      <sprite n="shadow"  opacity ="100" x="419" y="761" z ="90" w="376" h="73" pX="0.526596" pY="-0.245"/>
      <sprite n="top"  opacity ="255" x="797" y="761" z ="25" w="193" h="199" pX="0.481865" pY="0.768844"/>
    </action>
  </building>
</TextureAtlas>
