<?xml version="1.0" encoding="UTF-8"?>
<!-- Created with TexturePacker http://www.codeandweb.com/texturepacker-->
<!-- $TexturePacker:SmartUpdate:22dd8a3134705c4fed2b843cc3e31532:fa42d2bb2107cb2347826f969b9ca7c0:adb3c8894b2622b9691d9091014099f8$ -->
<!--Format:
n  => name of the sprite
x  => sprite x pos in texture
y  => sprite y pos in texture
w  => sprite width (may be trimmed)
h  => sprite height (may be trimmed)
pX => x pos of the pivot point (relative to sprite width)
pY => y pos of the pivot point (relative to sprite height)
oX => sprite's x-corner offset (only available if trimmed)
oY => sprite's y-corner offset (only available if trimmed)
oW => sprite's original width (only available if trimmed)
oH => sprite's original height (only available if trimmed)
r => 'y' only set if sprite is rotated
with polygon mode enabled:
vertices   => points in sprite coordinate system (x0,y0,x1,y1,x2,y2, ...)
verticesUV => points in sheet coordinate system (x0,y0,x1,y1,x2,y2, ...)
triangles  => sprite triangulation, 3 vertex indices per triangle
-->
<TextureAtlas blue_texture="Imperial.png" red_texture="Imperial_red.png" width="1334" height="1334">
  <!-- Define the building type-->
  <building id ="barrack_c">
    <action enum ="idle" speed="0">
      <sprite opacity ="255" x="321" y="1" z ="-20" w="307" h="255" pX="0.471519" pY="0.722656"/>
    </action>
  </building>
  <building id ="archery_range_c">
    <action enum ="idle" speed="0">
      <sprite opacity ="255" x="1" y="1" w="318" h="266" pX="0.498371" pY="0.70751"/>
    </action>
  </building>
  <building id ="blacksmith_c">
    <action enum ="idle" speed="0">
      <sprite opacity ="255" x="630" y="1" w="316" h="197" pX="0.489362" pY="0.827381"/>
    </action>
  </building>
  <building id ="stable_c">
    <action enum ="idle" speed="0">
      <sprite opacity ="255" x="875" y="578" w="288" h="232" pX="0.5" pY="0.66"/>
    </action>
  </building>
  <building id ="houseAI">
    <action enum ="idle" speed="0">
      <sprite opacity ="255" x="93" y="269" w="226" h="182" pX="0.493213" pY="0.747126"/>
    </action>
  </building>
  <building id ="houseBI">
    <action enum ="idle" speed="0">
      <sprite opacity ="255" x="321" y="269" w="195" h="156" pX="0.573864" pY="0.79359"/>
    </action>
  </building>
  <building id ="houseCI">
    <action enum ="idle" speed="0">
      <sprite opacity ="255" x="518" y="269" w="218" h="162" pX="0.551887" pY="0.75625"/>
    </action>
  </building>
  <building id ="monastery">
    <action enum ="idle" speed="0">
      <sprite opacity ="255" x="222" y="578" w="286" h="332" pX="0.517483" pY="0.801205"/>
    </action>
  </building>
  <building id ="university_i">
    <action enum ="idle" speed="0">
      <sprite opacity ="255" x="193" y="1054" w="398" h="279" pX="0.505025" pY="0.663082"/>
    </action>
  </building>
  <building id ="watchtower">
    <action enum ="idle" speed="0">
      <sprite n="tower"  opacity ="255" x="1178" y="1" w="116" h="236" pX="0.508621" pY="0.898305"/>
      <sprite n="shadow" opacity ="255" x="1" y="269" w="90" h="68" pX="1.43333" pY="1.02941"/>
    </action>
  </building>
  <building id ="town_center_c">
    <action enum ="idle" speed="0">
      <sprite n="LPilons" opacity ="255" x="389" y="912" z ="50" w="101" h="42" pX="1.41607" pY="-0.56"/>
      <sprite n="LPilons2" opacity ="255" x="492" y="912" z ="50" w="132" h="60" pX="1.39593" pY="0.26"/>
      <sprite n="LSide" opacity ="255" x="626" y="912" z ="200" w="160" h="140" pX="1.20586" pY="0.38"/>
      <sprite n="RPilons" opacity ="255" x="788" y="912" z ="50" w="102" h="42" pX="-0.416714" pY="-0.56"/>
      <sprite n="RPilons2" opacity ="255" x="892" y="912" z ="50" w="132" h="60" pX="-0.4" pY="0.26"/>
      <sprite n="RSide" opacity ="255" x="1026" y="912" z ="200" w="161" h="139"  pX="-0.21886" pY="0.375"/>
      <sprite n="shadow" opacity ="255" x="1" y="912" w="386" h="102" pX="0.49396" pY="0.065"/>
      <sprite n="top" opacity ="255" x="1" y="1054" w="190" h="246" pX="0.511865" pY="0.708844"/>
    </action>
  </building>
</TextureAtlas>
