<?xml version="1.0" encoding="UTF-8"?>
<!-- Created with TexturePacker http://www.codeandweb.com/texturepacker-->
<!-- $TexturePacker:SmartUpdate:d2a5ba7490bd3d6276bce8c12d178430:fc67484d6d9b706a397cd69a364374ca:7ed152e78b920498a70c60eed904b479$ -->
<!--Format:
n  => name of the sprite
x  => sprite x pos in texture
y  => sprite y pos in texture
w  => sprite width (may be trimmed)
h  => sprite height (may be trimmed)
pX => x pos of the pivot point (relative to sprite width)
pY => y pos of the pivot point (relative to sprite height)
oX => sprite's x-corner offset (only available if trimmed)
oY => sprite's y-corner offset (only available if trimmed)
oW => sprite's original width (only available if trimmed)
oH => sprite's original height (only available if trimmed)
r => 'y' only set if sprite is rotated
with polygon mode enabled:
vertices   => points in sprite coordinate system (x0,y0,x1,y1,x2,y2, ...)
verticesUV => points in sheet coordinate system (x0,y0,x1,y1,x2,y2, ...)
triangles  => sprite triangulation, 3 vertex indices per triangle
-->

<TextureAtlas blue_texture="monk.png" red_texture="monk_red.png" width="704" height="704">
  <!-- Define the unit type-->
  <unit id ="monk">


    <!--Attack Action-->
    <action enum ="attack" speed="303">
      <direction enum="south">
        <sprite n="monk_attack/000_monk_attack.bmp" x="1" y="1" w="40" h="62" pX="0.3" pY="0.774194"/>
        <sprite n="monk_attack/001_monk_attack.bmp" x="43" y="1" w="44" h="62" pX="0.295455" pY="0.806452"/>
        <sprite n="monk_attack/002_monk_attack.bmp" x="89" y="1" w="47" h="61" pX="0.319149" pY="0.803279"/>
        <sprite n="monk_attack/003_monk_attack.bmp" x="138" y="1" w="53" h="59" pX="0.433962" pY="0.79661"/>
        <sprite n="monk_attack/004_monk_attack.bmp" x="193" y="1" w="56" h="57" pX="0.5" pY="0.789474"/>
        <sprite n="monk_attack/005_monk_attack.bmp" x="251" y="1" w="54" h="57" pX="0.5" pY="0.789474"/>
        <sprite n="monk_attack/006_monk_attack.bmp" x="307" y="1" w="49" h="59" pX="0.408163" pY="0.79661"/>
        <sprite n="monk_attack/007_monk_attack.bmp" x="358" y="1" w="47" h="62" pX="0.319149" pY="0.806452"/>
        <sprite n="monk_attack/008_monk_attack.bmp" x="407" y="1" w="44" h="62" pX="0.295455" pY="0.806452"/>
        <sprite n="monk_attack/009_monk_attack.bmp" x="453" y="1" w="40" h="63" pX="0.3" pY="0.777778"/>
      </direction>

      <direction enum="south-west">
        <sprite n="monk_attack/010_monk_attack.bmp" x="495" y="1" w="32" h="45" pX="0.65625" pY="0.755556"/>
        <sprite n="monk_attack/011_monk_attack.bmp" x="529" y="1" w="29" h="47" pX="0.689655" pY="0.744681"/>
        <sprite n="monk_attack/012_monk_attack.bmp" x="560" y="1" w="30" h="55" pX="0.666667" pY="0.818182"/>
        <sprite n="monk_attack/013_monk_attack.bmp" x="592" y="1" w="29" h="61" pX="0.655172" pY="0.852459"/>
        <sprite n="monk_attack/014_monk_attack.bmp" x="623" y="1" w="30" h="62" pX="0.633333" pY="0.870968"/>
        <sprite n="monk_attack/015_monk_attack.bmp" x="655" y="1" w="29" h="62" pX="0.655172" pY="0.870968"/>
        <sprite n="monk_attack/016_monk_attack.bmp" x="1" y="66" w="30" h="60" pX="0.633333" pY="0.85"/>
        <sprite n="monk_attack/017_monk_attack.bmp" x="33" y="66" w="30" h="55" pX="0.666667" pY="0.836364"/>
        <sprite n="monk_attack/018_monk_attack.bmp" x="65" y="66" w="30" h="48" pX="0.666667" pY="0.791667"/>
        <sprite n="monk_attack/019_monk_attack.bmp" x="97" y="66" w="31" h="45" pX="0.677419" pY="0.755556"/>
      </direction>

      <direction enum="west">
        <sprite n="monk_attack/020_monk_attack.bmp" x="130" y="66" w="40" h="44" pX="0.8" pY="0.818182"/>
        <sprite n="monk_attack/021_monk_attack.bmp" x="172" y="66" w="35" h="49" pX="0.771429" pY="0.857143"/>
        <sprite n="monk_attack/022_monk_attack.bmp" x="209" y="66" w="29" h="56" pX="0.724138" pY="0.875"/>
        <sprite n="monk_attack/023_monk_attack.bmp" x="240" y="66" w="29" h="59" pX="0.689655" pY="0.881356"/>
        <sprite n="monk_attack/024_monk_attack.bmp" x="271" y="66" w="29" h="59" pX="0.689655" pY="0.898305"/>
        <sprite n="monk_attack/025_monk_attack.bmp" x="302" y="66" w="30" h="59" pX="0.666667" pY="0.898305"/>
        <sprite n="monk_attack/026_monk_attack.bmp" x="334" y="66" w="31" h="59" pX="0.645161" pY="0.881356"/>
        <sprite n="monk_attack/027_monk_attack.bmp" x="367" y="66" w="34" h="57" pX="0.676471" pY="0.877193"/>
        <sprite n="monk_attack/028_monk_attack.bmp" x="403" y="66" w="35" h="51" pX="0.714286" pY="0.862745"/>
        <sprite n="monk_attack/029_monk_attack.bmp" x="440" y="66" w="39" h="46" pX="0.794872" pY="0.826087"/>
      </direction>

      <direction enum="north-west">
        <sprite n="monk_attack/030_monk_attack.bmp" x="481" y="66" w="40" h="49" pX="0.875" pY="0.897959"/>
        <sprite n="monk_attack/031_monk_attack.bmp" x="523" y="66" w="40" h="53" pX="0.85" pY="0.90566"/>
        <sprite n="monk_attack/032_monk_attack.bmp" x="565" y="66" w="41" h="58" pX="0.780488" pY="0.87931"/>
        <sprite n="monk_attack/033_monk_attack.bmp" x="608" y="66" w="44" h="61" pX="0.681818" pY="0.852459"/>
        <sprite n="monk_attack/034_monk_attack.bmp" x="654" y="66" w="41" h="61" pX="0.634146" pY="0.852459"/>
        <sprite n="monk_attack/035_monk_attack.bmp" x="1" y="129" w="42" h="61" pX="0.642857" pY="0.852459"/>
        <sprite n="monk_attack/036_monk_attack.bmp" x="45" y="129" w="43" h="60" pX="0.674419" pY="0.866667"/>
        <sprite n="monk_attack/037_monk_attack.bmp" x="90" y="129" w="44" h="58" pX="0.772727" pY="0.87931"/>
        <sprite n="monk_attack/038_monk_attack.bmp" x="136" y="129" w="44" h="53" pX="0.863636" pY="0.90566"/>
        <sprite n="monk_attack/039_monk_attack.bmp" x="182" y="129" w="40" h="49" pX="0.875" pY="0.897959"/>
      </direction>

      <direction enum="north">
        <sprite n="monk_attack/040_monk_attack.bmp" x="224" y="129" w="36" h="52" pX="0.722222" pY="0.903846"/>
        <sprite n="monk_attack/041_monk_attack.bmp" x="262" y="129" w="42" h="54" pX="0.714286" pY="0.907407"/>
        <sprite n="monk_attack/042_monk_attack.bmp" x="306" y="129" w="47" h="54" pX="0.723404" pY="0.907407"/>
        <sprite n="monk_attack/043_monk_attack.bmp" x="355" y="129" w="53" h="53" pX="0.641509" pY="0.90566"/>
        <sprite n="monk_attack/044_monk_attack.bmp" x="410" y="129" w="54" h="52" pX="0.574074" pY="0.903846"/>
        <sprite n="monk_attack/045_monk_attack.bmp" x="466" y="129" w="54" h="52" pX="0.592593" pY="0.903846"/>
        <sprite n="monk_attack/046_monk_attack.bmp" x="522" y="129" w="46" h="53" pX="0.608696" pY="0.90566"/>
        <sprite n="monk_attack/047_monk_attack.bmp" x="570" y="129" w="45" h="53" pX="0.711111" pY="0.90566"/>
        <sprite n="monk_attack/048_monk_attack.bmp" x="617" y="129" w="42" h="53" pX="0.738095" pY="0.90566"/>
        <sprite n="monk_attack/049_monk_attack.bmp" x="661" y="129" w="37" h="52" pX="0.72973" pY="0.903846"/>
      </direction>
    </action>


    <!--Die Action-->
    <action enum ="die" speed="200">
      <direction enum="south">
        <sprite n="monk_die/000_monk_die.bmp" x="1" y="192" w="30" h="44" pX="0.333333" pY="0.795455"/>
        <sprite n="monk_die/001_monk_die.bmp" x="33" y="192" w="29" h="55" pX="0.482759" pY="0.945455"/>
        <sprite n="monk_die/002_monk_die.bmp" x="64" y="192" w="30" h="53" pX="0.466667" pY="0.716981"/>
        <sprite n="monk_die/003_monk_die.bmp" x="96" y="192" w="28" h="46" pX="0.428571" pY="0.652174"/>
        <sprite n="monk_die/004_monk_die.bmp" x="126" y="192" w="28" h="49" pX="0.464286" pY="0.653061"/>
        <sprite n="monk_die/005_monk_die.bmp" x="156" y="192" w="47" h="37" pX="0.276596" pY="0.324324"/>
        <sprite n="monk_die/006_monk_die.bmp" x="205" y="192" w="55" h="37" pX="0.236364" pY="0.189189"/>
        <sprite n="monk_die/007_monk_die.bmp" x="262" y="192" w="53" h="37" pX="0.245283" pY="0.0810811"/>
        <sprite n="monk_die/008_monk_die.bmp" x="317" y="192" w="62" h="34" pX="0.209677" pY="0"/>
        <sprite n="monk_die/009_monk_die.bmp" x="381" y="192" w="64" h="33" pX="0.203125" pY="-0.030303"/>
      </direction>

      <direction enum="south-west">
        <sprite n="monk_die/010_monk_die.bmp" x="447" y="192" w="25" h="47" pX="0.6" pY="0.723404"/>
        <sprite n="monk_die/011_monk_die.bmp" x="474" y="192" w="32" h="55" pX="0.71875" pY="0.727273"/>
        <sprite n="monk_die/012_monk_die.bmp" x="508" y="192" w="35" h="53" pX="0.742857" pY="0.698113"/>
        <sprite n="monk_die/013_monk_die.bmp" x="545" y="192" w="28" h="44" pX="0.892857" pY="0.659091"/>
        <sprite n="monk_die/014_monk_die.bmp" x="575" y="192" w="27" h="46" pX="0.888889" pY="0.673913"/>
        <sprite n="monk_die/015_monk_die.bmp" x="604" y="192" w="29" h="43" pX="0.827586" pY="0.302326"/>
        <sprite n="monk_die/016_monk_die.bmp" x="635" y="192" w="35" h="44" pX="0.771429" pY="0.181818"/>
        <sprite n="monk_die/017_monk_die.bmp" x="1" y="249" w="37" h="41" pX="0.756757" pY="0.0731707"/>
        <sprite n="monk_die/018_monk_die.bmp" x="40" y="249" w="38" h="44" pX="0.789474" pY="0.0681818"/>
        <sprite n="monk_die/019_monk_die.bmp" x="80" y="249" w="40" h="45" pX="0.8" pY="0.0666667"/>
      </direction>

      <direction enum="west">
        <sprite n="monk_die/020_monk_die.bmp" x="122" y="249" w="28" h="44" pX="0.642857" pY="0.772727"/>
        <sprite n="monk_die/021_monk_die.bmp" x="152" y="249" w="32" h="49" pX="0.75" pY="0.816327"/>
        <sprite n="monk_die/022_monk_die.bmp" x="186" y="249" w="33" h="47" pX="0.757576" pY="0.808511"/>
        <sprite n="monk_die/023_monk_die.bmp" x="221" y="249" w="29" h="43" pX="1" pY="0.790698"/>
        <sprite n="monk_die/024_monk_die.bmp" x="252" y="249" w="30" h="45" pX="1" pY="0.8"/>
        <sprite n="monk_die/025_monk_die.bmp" x="284" y="249" w="51" h="40" pX="0.960784" pY="0.525"/>
        <sprite n="monk_die/026_monk_die.bmp" x="337" y="249" w="56" h="36" pX="0.982143" pY="0.388889"/>
        <sprite n="monk_die/027_monk_die.bmp" x="395" y="249" w="63" h="29" pX="1" pY="0.275862"/>
        <sprite n="monk_die/028_monk_die.bmp" x="460" y="249" w="61" h="34" pX="1.03279" pY="0.235294"/>
        <sprite n="monk_die/029_monk_die.bmp" x="523" y="249" w="60" h="34" pX="1.05" pY="0.235294"/>
      </direction>

      <direction enum="north-west">
        <sprite n="monk_die/030_monk_die.bmp" x="585" y="249" w="30" h="46" pX="0.733333" pY="0.847826"/>
        <sprite n="monk_die/031_monk_die.bmp" x="617" y="249" w="32" h="47" pX="0.75" pY="0.87234"/>
        <sprite n="monk_die/032_monk_die.bmp" x="651" y="249" w="35" h="45" pX="0.8" pY="0.888889"/>
        <sprite n="monk_die/033_monk_die.bmp" x="1" y="300" w="33" h="45" pX="0.909091" pY="0.933333"/>
        <sprite n="monk_die/034_monk_die.bmp" x="36" y="300" w="33" h="47" pX="0.878788" pY="0.93617"/>
        <sprite n="monk_die/035_monk_die.bmp" x="71" y="300" w="61" h="35" pX="0.934426" pY="0.885714"/>
        <sprite n="monk_die/036_monk_die.bmp" x="134" y="300" w="68" h="29" pX="0.941176" pY="0.827586"/>
        <sprite n="monk_die/037_monk_die.bmp" x="204" y="300" w="71" h="25" pX="0.943662" pY="0.76"/>
        <sprite n="monk_die/038_monk_die.bmp" x="277" y="300" w="78" h="23" pX="0.948718" pY="0.782609"/>
        <sprite n="monk_die/039_monk_die.bmp" x="357" y="300" w="79" h="22" pX="0.949367" pY="0.772727"/>
      </direction>

      <direction enum="north">
            <sprite n="monk_die/040_monk_die.bmp" x="438" y="300" w="33" h="52" pX="0.727273" pY="0.865385"/>
    <sprite n="monk_die/041_monk_die.bmp" x="473" y="300" w="28" h="49" pX="0.535714" pY="0.897959"/>
    <sprite n="monk_die/042_monk_die.bmp" x="503" y="300" w="28" h="48" pX="0.535714" pY="0.895833"/>
    <sprite n="monk_die/043_monk_die.bmp" x="533" y="300" w="32" h="50" pX="0.59375" pY="0.96"/>
    <sprite n="monk_die/044_monk_die.bmp" x="567" y="300" w="32" h="52" pX="0.53125" pY="0.961538"/>
    <sprite n="monk_die/045_monk_die.bmp" x="601" y="300" w="49" h="46" pX="0.693878" pY="0.956522"/>
    <sprite n="monk_die/046_monk_die.bmp" x="1" y="354" w="52" h="35" pX="0.711538" pY="0.942857"/>
    <sprite n="monk_die/047_monk_die.bmp" x="55" y="354" w="50" h="31" pX="0.7" pY="0.935484"/>
    <sprite n="monk_die/048_monk_die.bmp" x="107" y="354" w="59" h="29" pX="0.745763" pY="1"/>
    <sprite n="monk_die/049_monk_die.bmp" x="168" y="354" w="60" h="29" pX="0.75" pY="1"/>
      </direction>
    </action>


    <!--Disappear Action-->
    <action enum ="disappear" speed="1500">
      <direction enum="south">
        <sprite n="monk_dissapear/000_monk_dissapear.bmp" x="230" y="354" w="62" h="31" pX="0.193548" pY="-0.0645161"/>
        <sprite n="monk_dissapear/001_monk_dissapear.bmp" x="294" y="354" w="62" h="30" pX="0.193548" pY="-0.1"/>
        <sprite n="monk_dissapear/002_monk_dissapear.bmp" x="358" y="354" w="62" h="30" pX="0.193548" pY="-0.1"/>
        <sprite n="monk_dissapear/003_monk_dissapear.bmp" x="422" y="354" w="61" h="28" pX="0.196721" pY="-0.142857"/>
        <sprite n="monk_dissapear/004_monk_dissapear.bmp" x="485" y="354" w="34" h="21" pX="0.352941" pY="-0.190476"/>
      </direction>

      <direction enum="south-west">
        <sprite n="monk_dissapear/005_monk_dissapear.bmp" x="521" y="354" w="38" h="43" pX="0.815789" pY="0.0465116"/>
        <sprite n="monk_dissapear/006_monk_dissapear.bmp" x="561" y="354" w="34" h="43" pX="0.823529" pY="0.0465116"/>
        <sprite n="monk_dissapear/007_monk_dissapear.bmp" x="597" y="354" w="33" h="42" pX="0.818182" pY="0.0238095"/>
        <sprite n="monk_dissapear/008_monk_dissapear.bmp" x="632" y="354" w="31" h="40" pX="0.83871" pY="-0.025"/>
        <sprite n="monk_dissapear/009_monk_dissapear.bmp" x="665" y="354" w="28" h="39" pX="0.892857" pY="-0.0512821"/>
      </direction>

      <direction enum="west">
        <sprite n="monk_dissapear/010_monk_dissapear.bmp" x="1" y="399" w="58" h="32" pX="1.06897" pY="0.21875"/>
        <sprite n="monk_dissapear/011_monk_dissapear.bmp" x="61" y="399" w="57" h="31" pX="1.08772" pY="0.193548"/>
        <sprite n="monk_dissapear/012_monk_dissapear.bmp" x="120" y="399" w="56" h="31" pX="1.10714" pY="0.193548"/>
        <sprite n="monk_dissapear/013_monk_dissapear.bmp" x="178" y="399" w="53" h="30" pX="1.13208" pY="0.166667"/>
        <sprite n="monk_dissapear/014_monk_dissapear.bmp" x="233" y="399" w="50" h="29" pX="1.2" pY="0.137931"/>
      </direction>

      <direction enum="north-west">
        <sprite n="monk_dissapear/015_monk_dissapear.bmp" x="285" y="399" w="77" h="20" pX="0.961039" pY="0.8"/>
        <sprite n="monk_dissapear/016_monk_dissapear.bmp" x="364" y="399" w="76" h="20" pX="0.973684" pY="0.8"/>
        <sprite n="monk_dissapear/017_monk_dissapear.bmp" x="442" y="399" w="73" h="19" pX="0.986301" pY="0.789474"/>
        <sprite n="monk_dissapear/018_monk_dissapear.bmp" x="517" y="399" w="71" h="18" pX="1.01408" pY="0.777778"/>
        <sprite n="monk_dissapear/019_monk_dissapear.bmp" x="590" y="399" w="58" h="13" pX="1.03448" pY="1.07692"/>
      </direction>

      <direction enum="north">
        <sprite n="monk_dissapear/020_monk_dissapear.bmp" x="1" y="433" w="58" h="27" pX="0.758621" pY="1.03704"/>
        <sprite n="monk_dissapear/021_monk_dissapear.bmp" x="61" y="433" w="57" h="27" pX="0.754386" pY="1.03704"/>
        <sprite n="monk_dissapear/022_monk_dissapear.bmp" x="120" y="433" w="56" h="27" pX="0.767857" pY="1.03704"/>
        <sprite n="monk_dissapear/023_monk_dissapear.bmp" x="178" y="433" w="55" h="27" pX="0.781818" pY="1.03704"/>
        <sprite n="monk_dissapear/024_monk_dissapear.bmp" x="235" y="433" w="55" h="27" pX="0.781818" pY="1.03704"/>
      </direction>
    </action>


    <!--Idle Action-->
    <action enum ="idle" speed="150">
      <direction enum="south">
        <sprite n="monk_idle/000_monk_idle.bmp" x="292" y="433" w="23" h="45" pX="0.565217" pY="0.822222"/>
        <sprite n="monk_idle/001_monk_idle.bmp" x="317" y="433" w="23" h="45" pX="0.521739" pY="0.822222"/>
        <sprite n="monk_idle/002_monk_idle.bmp" x="342" y="433" w="24" h="46" pX="0.458333" pY="0.826087"/>
        <sprite n="monk_idle/003_monk_idle.bmp" x="368" y="433" w="25" h="47" pX="0.44" pY="0.829787"/>
        <sprite n="monk_idle/004_monk_idle.bmp" x="395" y="433" w="24" h="46" pX="0.5" pY="0.826087"/>
        <sprite n="monk_idle/005_monk_idle.bmp" x="421" y="433" w="24" h="45" pX="0.541667" pY="0.822222"/>
      </direction>

      <direction enum="south-west">
        <sprite n="monk_idle/006_monk_idle.bmp" x="447" y="433" w="31" h="46" pX="0.709677" pY="0.782609"/>
        <sprite n="monk_idle/007_monk_idle.bmp" x="480" y="433" w="31" h="46" pX="0.709677" pY="0.782609"/>
        <sprite n="monk_idle/008_monk_idle.bmp" x="513" y="433" w="31" h="46" pX="0.709677" pY="0.782609"/>
        <sprite n="monk_idle/009_monk_idle.bmp" x="546" y="433" w="31" h="46" pX="0.709677" pY="0.782609"/>
        <sprite n="monk_idle/010_monk_idle.bmp" x="579" y="433" w="32" h="46" pX="0.71875" pY="0.782609"/>
        <sprite n="monk_idle/011_monk_idle.bmp" x="613" y="433" w="31" h="46" pX="0.709677" pY="0.782609"/>
      </direction>

      <direction enum="west">
        <sprite n="monk_idle/012_monk_idle.bmp" x="646" y="433" w="28" h="44" pX="0.714286" pY="0.886364"/>
        <sprite n="monk_idle/013_monk_idle.bmp" x="676" y="433" w="27" h="44" pX="0.666667" pY="0.863636"/>
        <sprite n="monk_idle/014_monk_idle.bmp" x="1" y="482" w="26" h="44" pX="0.653846" pY="0.840909"/>
        <sprite n="monk_idle/015_monk_idle.bmp" x="29" y="482" w="25" h="44" pX="0.68" pY="0.840909"/>
        <sprite n="monk_idle/016_monk_idle.bmp" x="56" y="482" w="25" h="43" pX="0.68" pY="0.860465"/>
        <sprite n="monk_idle/017_monk_idle.bmp" x="83" y="482" w="25" h="44" pX="0.68" pY="0.863636"/>
      </direction>

      <direction enum="north-west">
        <sprite n="monk_idle/018_monk_idle.bmp" x="110" y="482" w="31" h="47" pX="0.709677" pY="0.87234"/>
        <sprite n="monk_idle/019_monk_idle.bmp" x="143" y="482" w="29" h="48" pX="0.689655" pY="0.875"/>
        <sprite n="monk_idle/020_monk_idle.bmp" x="174" y="482" w="29" h="48" pX="0.689655" pY="0.875"/>
        <sprite n="monk_idle/021_monk_idle.bmp" x="205" y="482" w="29" h="49" pX="0.689655" pY="0.877551"/>
        <sprite n="monk_idle/022_monk_idle.bmp" x="236" y="482" w="31" h="48" pX="0.709677" pY="0.875"/>
        <sprite n="monk_idle/023_monk_idle.bmp" x="269" y="482" w="32" h="47" pX="0.71875" pY="0.87234"/>
      </direction>

      <direction enum="north">
        <sprite n="monk_idle/024_monk_idle.bmp" x="303" y="482" w="24" h="52" pX="0.5" pY="0.903846"/>
        <sprite n="monk_idle/025_monk_idle.bmp" x="329" y="482" w="26" h="51" pX="0.576923" pY="0.901961"/>
        <sprite n="monk_idle/026_monk_idle.bmp" x="357" y="482" w="26" h="50" pX="0.653846" pY="0.9"/>
        <sprite n="monk_idle/027_monk_idle.bmp" x="385" y="482" w="26" h="50" pX="0.653846" pY="0.9"/>
        <sprite n="monk_idle/028_monk_idle.bmp" x="413" y="482" w="26" h="51" pX="0.615385" pY="0.901961"/>
        <sprite n="monk_idle/029_monk_idle.bmp" x="441" y="482" w="24" h="51" pX="0.541667" pY="0.901961"/>
      </direction>
    </action>


    <!--Walk Action-->
    <action enum ="walk" speed="100">
      <direction enum="south">
        <sprite n="monk_walk/000_monk_walk.bmp" x="467" y="482" w="24" h="48" pX="0.583333" pY="0.75"/>
        <sprite n="monk_walk/001_monk_walk.bmp" x="493" y="482" w="24" h="47" pX="0.583333" pY="0.787234"/>
        <sprite n="monk_walk/002_monk_walk.bmp" x="519" y="482" w="24" h="47" pX="0.541667" pY="0.808511"/>
        <sprite n="monk_walk/003_monk_walk.bmp" x="545" y="482" w="26" h="46" pX="0.5" pY="0.826087"/>
        <sprite n="monk_walk/004_monk_walk.bmp" x="573" y="482" w="25" h="45" pX="0.48" pY="0.822222"/>
        <sprite n="monk_walk/005_monk_walk.bmp" x="600" y="482" w="26" h="46" pX="0.461538" pY="0.782609"/>
        <sprite n="monk_walk/006_monk_walk.bmp" x="628" y="482" w="28" h="49" pX="0.428571" pY="0.755102"/>
        <sprite n="monk_walk/007_monk_walk.bmp" x="658" y="482" w="25" h="51" pX="0.48" pY="0.745098"/>
        <sprite n="monk_walk/008_monk_walk.bmp" x="1" y="536" w="25" h="51" pX="0.52" pY="0.745098"/>
        <sprite n="monk_walk/009_monk_walk.bmp" x="28" y="536" w="23" h="50" pX="0.565217" pY="0.74"/>
      </direction>

      <direction enum="south-west">
        <sprite n="monk_walk/010_monk_walk.bmp" x="53" y="536" w="29" h="46" pX="0.62069" pY="0.782609"/>
        <sprite n="monk_walk/011_monk_walk.bmp" x="84" y="536" w="29" h="46" pX="0.586207" pY="0.804348"/>
        <sprite n="monk_walk/012_monk_walk.bmp" x="115" y="536" w="26" h="47" pX="0.653846" pY="0.808511"/>
        <sprite n="monk_walk/013_monk_walk.bmp" x="143" y="536" w="26" h="48" pX="0.615385" pY="0.791667"/>
        <sprite n="monk_walk/014_monk_walk.bmp" x="171" y="536" w="28" h="47" pX="0.464286" pY="0.787234"/>
        <sprite n="monk_walk/015_monk_walk.bmp" x="201" y="536" w="30" h="48" pX="0.5" pY="0.75"/>
        <sprite n="monk_walk/016_monk_walk.bmp" x="233" y="536" w="32" h="51" pX="0.46875" pY="0.72549"/>
        <sprite n="monk_walk/017_monk_walk.bmp" x="267" y="536" w="31" h="52" pX="0.516129" pY="0.730769"/>
        <sprite n="monk_walk/018_monk_walk.bmp" x="300" y="536" w="27" h="49" pX="0.62963" pY="0.755102"/>
        <sprite n="monk_walk/019_monk_walk.bmp" x="329" y="536" w="27" h="47" pX="0.666667" pY="0.787234"/>
      </direction>

      <direction enum="west">
        <sprite n="monk_walk/020_monk_walk.bmp" x="358" y="536" w="40" h="44" pX="0.675" pY="0.886364"/>
        <sprite n="monk_walk/021_monk_walk.bmp" x="400" y="536" w="36" h="43" pX="0.638889" pY="0.883721"/>
        <sprite n="monk_walk/022_monk_walk.bmp" x="438" y="536" w="31" h="44" pX="0.677419" pY="0.863636"/>
        <sprite n="monk_walk/023_monk_walk.bmp" x="471" y="536" w="28" h="45" pX="0.678571" pY="0.844444"/>
        <sprite n="monk_walk/024_monk_walk.bmp" x="501" y="536" w="30" h="44" pX="0.633333" pY="0.840909"/>
        <sprite n="monk_walk/025_monk_walk.bmp" x="533" y="536" w="37" h="43" pX="0.594595" pY="0.837209"/>
        <sprite n="monk_walk/026_monk_walk.bmp" x="572" y="536" w="44" h="45" pX="0.590909" pY="0.822222"/>
        <sprite n="monk_walk/027_monk_walk.bmp" x="618" y="536" w="43" h="44" pX="0.674419" pY="0.840909"/>
        <sprite n="monk_walk/028_monk_walk.bmp" x="663" y="536" w="38" h="44" pX="0.763158" pY="0.840909"/>
        <sprite n="monk_walk/029_monk_walk.bmp" x="1" y="590" w="39" h="43" pX="0.74359" pY="0.883721"/>
      </direction>

      <direction enum="north-west">
        <sprite n="monk_walk/030_monk_walk.bmp" x="42" y="590" w="31" h="53" pX="0.709677" pY="0.867925"/>
        <sprite n="monk_walk/031_monk_walk.bmp" x="75" y="590" w="30" h="51" pX="0.7" pY="0.862745"/>
        <sprite n="monk_walk/032_monk_walk.bmp" x="107" y="590" w="30" h="48" pX="0.7" pY="0.895833"/>
        <sprite n="monk_walk/033_monk_walk.bmp" x="139" y="590" w="31" h="46" pX="0.709677" pY="0.891304"/>
        <sprite n="monk_walk/034_monk_walk.bmp" x="172" y="590" w="31" h="45" pX="0.709677" pY="0.844444"/>
        <sprite n="monk_walk/035_monk_walk.bmp" x="205" y="590" w="37" h="45" pX="0.675676" pY="0.8"/>
        <sprite n="monk_walk/036_monk_walk.bmp" x="244" y="590" w="40" h="46" pX="0.725" pY="0.804348"/>
        <sprite n="monk_walk/037_monk_walk.bmp" x="286" y="590" w="38" h="47" pX="0.763158" pY="0.808511"/>
        <sprite n="monk_walk/038_monk_walk.bmp" x="326" y="590" w="36" h="49" pX="0.75" pY="0.877551"/>
        <sprite n="monk_walk/039_monk_walk.bmp" x="364" y="590" w="32" h="51" pX="0.71875" pY="0.901961"/>
      </direction>

      <direction enum="north">
        <sprite n="monk_walk/040_monk_walk.bmp" x="398" y="590" w="25" h="56" pX="0.48" pY="0.875"/>
        <sprite n="monk_walk/041_monk_walk.bmp" x="425" y="590" w="23" h="54" pX="0.478261" pY="0.87037"/>
        <sprite n="monk_walk/042_monk_walk.bmp" x="450" y="590" w="26" h="52" pX="0.538462" pY="0.903846"/>
        <sprite n="monk_walk/043_monk_walk.bmp" x="478" y="590" w="26" h="50" pX="0.576923" pY="0.9"/>
        <sprite n="monk_walk/044_monk_walk.bmp" x="506" y="590" w="25" h="50" pX="0.6" pY="0.86"/>
        <sprite n="monk_walk/045_monk_walk.bmp" x="533" y="590" w="26" h="50" pX="0.615385" pY="0.82"/>
        <sprite n="monk_walk/046_monk_walk.bmp" x="561" y="590" w="27" h="50" pX="0.62963" pY="0.8"/>
        <sprite n="monk_walk/047_monk_walk.bmp" x="590" y="590" w="26" h="51" pX="0.576923" pY="0.862745"/>
        <sprite n="monk_walk/048_monk_walk.bmp" x="618" y="590" w="25" h="52" pX="0.52" pY="0.903846"/>
        <sprite n="monk_walk/049_monk_walk.bmp" x="645" y="590" w="24" h="56" pX="0.5" pY="0.892857"/>
      </direction>
    </action>
  </unit>
</TextureAtlas>
