<?xml version="1.0" encoding="UTF-8"?>
<!-- Created with TexturePacker http://www.codeandweb.com/texturepacker-->
<!-- $TexturePacker:SmartUpdate:3464a65a3369f51b10002151f41e9595:a21eb6c699ad025305744d5c3843e1e5:ca258edf4dbbf42132177c319a2456ec$ -->
<!--Format:
n  => name of the sprite
x  => sprite x pos in texture
y  => sprite y pos in texture
w  => sprite width (may be trimmed)
h  => sprite height (may be trimmed)
pX => x pos of the pivot point (relative to sprite width)
pY => y pos of the pivot point (relative to sprite height)
oX => sprite's x-corner offset (only available if trimmed)
oY => sprite's y-corner offset (only available if trimmed)
oW => sprite's original width (only available if trimmed)
oH => sprite's original height (only available if trimmed)
r => 'y' only set if sprite is rotated
with polygon mode enabled:
vertices   => points in sprite coordinate system (x0,y0,x1,y1,x2,y2, ...)
verticesUV => points in sheet coordinate system (x0,y0,x1,y1,x2,y2, ...)
triangles  => sprite triangulation, 3 vertex indices per triangle
-->

<TextureAtlas blue_texture="paladin.png" red_texture="paladin_red.png" width="1113" height="1113">
  <!-- Define the unit type-->
  <unit id ="paladin">


    <!-- Attack Action-->
    <action enum="attack" speed="203">
      <direction enum="south">
        <sprite n="paladin_attack/000_paladin_attack.bmp" x="1" y="1" w="44" h="90" pX="0.363636" pY="0.788889"/>
        <sprite n="paladin_attack/001_paladin_attack.bmp" x="47" y="1" w="32" h="94" pX="0.25" pY="0.797872"/>
        <sprite n="paladin_attack/002_paladin_attack.bmp" x="81" y="1" w="31" h="92" pX="0.258065" pY="0.793478"/>
        <sprite n="paladin_attack/003_paladin_attack.bmp" x="114" y="1" w="40" h="89" pX="0.275" pY="0.775281"/>
        <sprite n="paladin_attack/004_paladin_attack.bmp" x="156" y="1" w="43" h="87" pX="0.255814" pY="0.770115"/>
        <sprite n="paladin_attack/005_paladin_attack.bmp" x="201" y="1" w="42" h="81" pX="0.261905" pY="0.753086"/>
        <sprite n="paladin_attack/006_paladin_attack.bmp" x="245" y="1" w="45" h="73" pX="0.288889" pY="0.726027"/>
        <sprite n="paladin_attack/007_paladin_attack.bmp" x="292" y="1" w="46" h="73" pX="0.304348" pY="0.726027"/>
        <sprite n="paladin_attack/008_paladin_attack.bmp" x="340" y="1" w="46" h="79" pX="0.282609" pY="0.759494"/>
        <sprite n="paladin_attack/009_paladin_attack.bmp" x="388" y="1" w="41" h="83" pX="0.219512" pY="0.771084"/>
      </direction>

      <direction enum="south-west">
        <sprite n="paladin_attack/010_paladin_attack.bmp" x="431" y="1" w="56" h="89" pX="0.392857" pY="0.842697"/>
        <sprite n="paladin_attack/011_paladin_attack.bmp" x="489" y="1" w="56" h="86" pX="0.392857" pY="0.837209"/>
        <sprite n="paladin_attack/012_paladin_attack.bmp" x="547" y="1" w="58" h="86" pX="0.37931" pY="0.837209"/>
        <sprite n="paladin_attack/013_paladin_attack.bmp" x="607" y="1" w="60" h="82" pX="0.383333" pY="0.829268"/>
        <sprite n="paladin_attack/014_paladin_attack.bmp" x="669" y="1" w="64" h="80" pX="0.359375" pY="0.825"/>
        <sprite n="paladin_attack/015_paladin_attack.bmp" x="735" y="1" w="65" h="74" pX="0.415385" pY="0.810811"/>
        <sprite n="paladin_attack/016_paladin_attack.bmp" x="802" y="1" w="64" h="70" pX="0.359375" pY="0.8"/>
        <sprite n="paladin_attack/017_paladin_attack.bmp" x="868" y="1" w="62" h="71" pX="0.370968" pY="0.802817"/>
        <sprite n="paladin_attack/018_paladin_attack.bmp" x="932" y="1" w="57" h="76" pX="0.403509" pY="0.815789"/>
        <sprite n="paladin_attack/019_paladin_attack.bmp" x="991" y="1" w="54" h="78" pX="0.407407" pY="0.820513"/>
      </direction>

      <direction enum="west">
        <sprite n="paladin_attack/020_paladin_attack.bmp" x="1" y="97" w="73" h="84" pX="0.424658" pY="0.928571"/>
        <sprite n="paladin_attack/021_paladin_attack.bmp" x="76" y="97" w="74" h="75" pX="0.432432" pY="0.933333"/>
        <sprite n="paladin_attack/022_paladin_attack.bmp" x="152" y="97" w="75" h="76" pX="0.426667" pY="0.934211"/>
        <sprite n="paladin_attack/023_paladin_attack.bmp" x="229" y="97" w="76" h="76" pX="0.434211" pY="0.907895"/>
        <sprite n="paladin_attack/024_paladin_attack.bmp" x="307" y="97" w="71" h="82" pX="0.464789" pY="0.890244"/>
        <sprite n="paladin_attack/025_paladin_attack.bmp" x="380" y="97" w="72" h="70" pX="0.458333" pY="0.871429"/>
        <sprite n="paladin_attack/026_paladin_attack.bmp" x="454" y="97" w="73" h="67" pX="0.452055" pY="0.865672"/>
        <sprite n="paladin_attack/027_paladin_attack.bmp" x="529" y="97" w="75" h="68" pX="0.44" pY="0.882353"/>
        <sprite n="paladin_attack/028_paladin_attack.bmp" x="606" y="97" w="75" h="73" pX="0.426667" pY="0.876712"/>
        <sprite n="paladin_attack/029_paladin_attack.bmp" x="683" y="97" w="74" h="72" pX="0.432432" pY="0.888889"/>
      </direction>

      <direction enum="north-west">
        <sprite n="paladin_attack/030_paladin_attack.bmp" x="759" y="97" w="56" h="88" pX="0.392857" pY="0.875"/>
        <sprite n="paladin_attack/031_paladin_attack.bmp" x="817" y="97" w="60" h="79" pX="0.35" pY="0.848101"/>
        <sprite n="paladin_attack/032_paladin_attack.bmp" x="879" y="97" w="61" h="80" pX="0.360656" pY="0.85"/>
        <sprite n="paladin_attack/033_paladin_attack.bmp" x="942" y="97" w="58" h="83" pX="0.37931" pY="0.843373"/>
        <sprite n="paladin_attack/034_paladin_attack.bmp" x="1002" y="97" w="54" h="92" pX="0.425926" pY="0.836957"/>
        <sprite n="paladin_attack/035_paladin_attack.bmp" x="1058" y="97" w="54" h="77" pX="0.425926" pY="0.831169"/>
        <sprite n="paladin_attack/036_paladin_attack.bmp" x="1" y="191" w="53" h="78" pX="0.415094" pY="0.820513"/>
        <sprite n="paladin_attack/037_paladin_attack.bmp" x="56" y="191" w="54" h="80" pX="0.407407" pY="0.8125"/>
        <sprite n="paladin_attack/038_paladin_attack.bmp" x="112" y="191" w="56" h="77" pX="0.392857" pY="0.844156"/>
        <sprite n="paladin_attack/039_paladin_attack.bmp" x="170" y="191" w="58" h="74" pX="0.37931" pY="0.864865"/>
      </direction>

      <direction enum="north">
        <sprite n="paladin_attack/040_paladin_attack.bmp" x="230" y="191" w="45" h="88" pX="0.177778" pY="0.818182"/>
        <sprite n="paladin_attack/041_paladin_attack.bmp" x="277" y="191" w="35" h="83" pX="0.142857" pY="0.819277"/>
        <sprite n="paladin_attack/042_paladin_attack.bmp" x="314" y="191" w="34" h="84" pX="0.147059" pY="0.809524"/>
        <sprite n="paladin_attack/043_paladin_attack.bmp" x="350" y="191" w="42" h="85" pX="0.238095" pY="0.8"/>
        <sprite n="paladin_attack/044_paladin_attack.bmp" x="394" y="191" w="46" h="86" pX="0.282609" pY="0.848837"/>
        <sprite n="paladin_attack/045_paladin_attack.bmp" x="442" y="191" w="38" h="82" pX="0.342105" pY="0.841463"/>
        <sprite n="paladin_attack/046_paladin_attack.bmp" x="482" y="191" w="41" h="82" pX="0.341463" pY="0.829268"/>
        <sprite n="paladin_attack/047_paladin_attack.bmp" x="525" y="191" w="40" h="83" pX="0.3" pY="0.819277"/>
        <sprite n="paladin_attack/048_paladin_attack.bmp" x="567" y="191" w="42" h="84" pX="0.309524" pY="0.809524"/>
        <sprite n="paladin_attack/049_paladin_attack.bmp" x="611" y="191" w="37" h="84" pX="0.324324" pY="0.809524"/>
      </direction>
    </action>


    <!-- Die Action-->
    <action enum="die" speed="200">
      <direction enum="south">
        <sprite n="paladin_die/000_paladin_die.bmp" x="650" y="191" w="42" h="84" pX="0.47619" pY="0.77381"/>
        <sprite n="paladin_die/001_paladin_die.bmp" x="694" y="191" w="45" h="82" pX="0.6" pY="0.780488"/>
        <sprite n="paladin_die/002_paladin_die.bmp" x="741" y="191" w="48" h="78" pX="0.3125" pY="0.846154"/>
        <sprite n="paladin_die/003_paladin_die.bmp" x="791" y="191" w="65" h="78" pX="0.153846" pY="0.884615"/>
        <sprite n="paladin_die/004_paladin_die.bmp" x="858" y="191" w="71" h="76" pX="0.267606" pY="0.815789"/>
        <sprite n="paladin_die/005_paladin_die.bmp" x="931" y="191" w="61" h="66" pX="0.344262" pY="0.757576"/>
        <sprite n="paladin_die/006_paladin_die.bmp" x="994" y="191" w="65" h="47" pX="0.507692" pY="0.595745"/>
        <sprite n="paladin_die/007_paladin_die.bmp" x="1" y="281" w="76" h="45" pX="0.618421" pY="0.533333"/>
        <sprite n="paladin_die/008_paladin_die.bmp" x="79" y="281" w="80" h="45" pX="0.6375" pY="0.533333"/>
        <sprite n="paladin_die/009_paladin_die.bmp" x="161" y="281" w="85" h="45" pX="0.658824" pY="0.533333"/>
      </direction>

      <direction enum="south-west">
        <sprite n="paladin_die/010_paladin_die.bmp" x="248" y="281" w="76" h="75" pX="0.473684" pY="0.866667"/>
        <sprite n="paladin_die/011_paladin_die.bmp" x="326" y="281" w="71" h="73" pX="0.549296" pY="0.876712"/>
        <sprite n="paladin_die/012_paladin_die.bmp" x="399" y="281" w="55" h="79" pX="0.363636" pY="0.822785"/>
        <sprite n="paladin_die/013_paladin_die.bmp" x="456" y="281" w="59" h="81" pX="0.20339" pY="0.777778"/>
        <sprite n="paladin_die/014_paladin_die.bmp" x="517" y="281" w="58" h="70" pX="0.224138" pY="0.785714"/>
        <sprite n="paladin_die/015_paladin_die.bmp" x="577" y="281" w="60" h="64" pX="0.333333" pY="0.765625"/>
        <sprite n="paladin_die/016_paladin_die.bmp" x="639" y="281" w="72" h="51" pX="0.416667" pY="0.686275"/>
        <sprite n="paladin_die/017_paladin_die.bmp" x="713" y="281" w="92" h="45" pX="0.576087" pY="0.622222"/>
        <sprite n="paladin_die/018_paladin_die.bmp" x="807" y="281" w="94" h="42" pX="0.585106" pY="0.571429"/>
        <sprite n="paladin_die/019_paladin_die.bmp" x="903" y="281" w="98" h="48" pX="0.602041" pY="0.604167"/>
      </direction>

      <direction enum="west">
        <sprite n="paladin_die/020_paladin_die.bmp" x="1003" y="281" w="81" h="69" pX="0.407407" pY="0.913043"/>
        <sprite n="paladin_die/021_paladin_die.bmp" x="1" y="364" w="70" h="66" pX="0.442857" pY="0.909091"/>
        <sprite n="paladin_die/022_paladin_die.bmp" x="73" y="364" w="65" h="72" pX="0.323077" pY="0.847222"/>
        <sprite n="paladin_die/023_paladin_die.bmp" x="140" y="364" w="56" h="80" pX="0.178571" pY="0.7125"/>
        <sprite n="paladin_die/024_paladin_die.bmp" x="198" y="364" w="74" h="72" pX="0.337838" pY="0.694444"/>
        <sprite n="paladin_die/025_paladin_die.bmp" x="274" y="364" w="71" h="67" pX="0.408451" pY="0.731343"/>
        <sprite n="paladin_die/026_paladin_die.bmp" x="347" y="364" w="68" h="55" pX="0.5" pY="0.727273"/>
        <sprite n="paladin_die/027_paladin_die.bmp" x="417" y="364" w="74" h="46" pX="0.513514" pY="0.717391"/>
        <sprite n="paladin_die/028_paladin_die.bmp" x="493" y="364" w="81" h="46" pX="0.469136" pY="0.717391"/>
        <sprite n="paladin_die/029_paladin_die.bmp" x="576" y="364" w="82" h="48" pX="0.463415" pY="0.729167"/>
      </direction>

      <direction enum="north-west">
        <sprite n="paladin_die/030_paladin_die.bmp" x="660" y="364" w="51" h="76" pX="0.333333" pY="0.815789"/>
        <sprite n="paladin_die/031_paladin_die.bmp" x="713" y="364" w="44" h="72" pX="0.295455" pY="0.833333"/>
        <sprite n="paladin_die/032_paladin_die.bmp" x="759" y="364" w="62" h="71" pX="0.387097" pY="0.802817"/>
        <sprite n="paladin_die/033_paladin_die.bmp" x="823" y="364" w="76" h="72" pX="0.434211" pY="0.75"/>
        <sprite n="paladin_die/034_paladin_die.bmp" x="901" y="364" w="77" h="66" pX="0.337662" pY="0.69697"/>
        <sprite n="paladin_die/035_paladin_die.bmp" x="980" y="364" w="73" h="65" pX="0.356164" pY="0.707692"/>
        <sprite n="paladin_die/036_paladin_die.bmp" x="1" y="446" w="64" h="63" pX="0.4375" pY="0.68254"/>
        <sprite n="paladin_die/037_paladin_die.bmp" x="67" y="446" w="76" h="56" pX="0.381579" pY="0.660714"/>
        <sprite n="paladin_die/038_paladin_die.bmp" x="145" y="446" w="79" h="50" pX="0.392405" pY="0.64"/>
        <sprite n="paladin_die/039_paladin_die.bmp" x="226" y="446" w="84" h="52" pX="0.380952" pY="0.653846"/>
      </direction>

      <direction enum="north">
        <sprite n="paladin_die/040_paladin_die.bmp" x="312" y="446" w="41" h="79" pX="0.219512" pY="0.772152"/>
        <sprite n="paladin_die/041_paladin_die.bmp" x="355" y="446" w="46" h="73" pX="0.173913" pY="0.794521"/>
        <sprite n="paladin_die/042_paladin_die.bmp" x="403" y="446" w="48" h="82" pX="0.416667" pY="0.768293"/>
        <sprite n="paladin_die/043_paladin_die.bmp" x="453" y="446" w="61" h="76" pX="0.655738" pY="0.736842"/>
        <sprite n="paladin_die/044_paladin_die.bmp" x="516" y="446" w="69" h="74" pX="0.57971" pY="0.689189"/>
        <sprite n="paladin_die/045_paladin_die.bmp" x="587" y="446" w="60" h="68" pX="0.516667" pY="0.705882"/>
        <sprite n="paladin_die/046_paladin_die.bmp" x="649" y="446" w="66" h="55" pX="0.378788" pY="0.727273"/>
        <sprite n="paladin_die/047_paladin_die.bmp" x="717" y="446" w="77" h="46" pX="0.285714" pY="0.630435"/>
        <sprite n="paladin_die/048_paladin_die.bmp" x="796" y="446" w="80" h="50" pX="0.275" pY="0.58"/>
        <sprite n="paladin_die/049_paladin_die.bmp" x="878" y="446" w="87" h="50" pX="0.264368" pY="0.58"/>
      </direction>
    </action>


    <!-- Disappear Action-->
    <action enum="disappear" speed="1500">
      <direction enum="south">
        <sprite n="paladin_dissapear/000_paladin_dissapear.bmp" x="967" y="446" w="83" h="43" pX="0.662651" pY="0.534884"/>
        <sprite n="paladin_dissapear/001_paladin_dissapear.bmp" x="1" y="530" w="82" h="42" pX="0.658537" pY="0.547619"/>
        <sprite n="paladin_dissapear/002_paladin_dissapear.bmp" x="85" y="530" w="81" h="41" pX="0.666667" pY="0.560976"/>
        <sprite n="paladin_dissapear/003_paladin_dissapear.bmp" x="168" y="530" w="81" h="40" pX="0.666667" pY="0.55"/>
        <sprite n="paladin_dissapear/004_paladin_dissapear.bmp" x="251" y="530" w="79" h="39" pX="0.683544" pY="0.538462"/>
      </direction>

      <direction enum="south-west">
        <sprite n="paladin_dissapear/005_paladin_dissapear.bmp" x="332" y="530" w="96" h="46" pX="0.604167" pY="0.608696"/>
        <sprite n="paladin_dissapear/006_paladin_dissapear.bmp" x="430" y="530" w="93" h="44" pX="0.612903" pY="0.613636"/>
        <sprite n="paladin_dissapear/007_paladin_dissapear.bmp" x="525" y="530" w="93" h="42" pX="0.612903" pY="0.619048"/>
        <sprite n="paladin_dissapear/008_paladin_dissapear.bmp" x="620" y="530" w="88" h="39" pX="0.590909" pY="0.641026"/>
        <sprite n="paladin_dissapear/009_paladin_dissapear.bmp" x="710" y="530" w="81" h="37" pX="0.641975" pY="0.648649"/>
      </direction>

      <direction enum="west">
        <sprite n="paladin_dissapear/010_paladin_dissapear.bmp" x="793" y="530" w="80" h="46" pX="0.4625" pY="0.73913"/>
        <sprite n="paladin_dissapear/011_paladin_dissapear.bmp" x="875" y="530" w="78" h="44" pX="0.461538" pY="0.75"/>
        <sprite n="paladin_dissapear/012_paladin_dissapear.bmp" x="955" y="530" w="73" h="43" pX="0.452055" pY="0.744186"/>
        <sprite n="paladin_dissapear/013_paladin_dissapear.bmp" x="1030" y="530" w="73" h="42" pX="0.452055" pY="0.785714"/>
        <sprite n="paladin_dissapear/014_paladin_dissapear.bmp" x="1" y="578" w="66" h="41" pX="0.469697" pY="0.804878"/>
      </direction>

      <direction enum="north-west">
        <sprite n="paladin_dissapear/015_paladin_dissapear.bmp" x="69" y="578" w="82" h="50" pX="0.378049" pY="0.66"/>
        <sprite n="paladin_dissapear/016_paladin_dissapear.bmp" x="153" y="578" w="79" h="46" pX="0.379747" pY="0.717391"/>
        <sprite n="paladin_dissapear/017_paladin_dissapear.bmp" x="234" y="578" w="78" h="45" pX="0.384615" pY="0.733333"/>
        <sprite n="paladin_dissapear/018_paladin_dissapear.bmp" x="314" y="578" w="77" h="45" pX="0.38961" pY="0.733333"/>
        <sprite n="paladin_dissapear/019_paladin_dissapear.bmp" x="393" y="578" w="75" h="44" pX="0.4" pY="0.75"/>
      </direction>

      <direction enum="north">
        <sprite n="paladin_dissapear/020_paladin_dissapear.bmp" x="470" y="578" w="85" h="48" pX="0.258824" pY="0.583333"/>
        <sprite n="paladin_dissapear/021_paladin_dissapear.bmp" x="557" y="578" w="84" h="41" pX="0.261905" pY="0.536585"/>
        <sprite n="paladin_dissapear/022_paladin_dissapear.bmp" x="643" y="578" w="82" h="40" pX="0.268293" pY="0.525"/>
        <sprite n="paladin_dissapear/023_paladin_dissapear.bmp" x="727" y="578" w="77" h="31" pX="0.233766" pY="0.645161"/>
        <sprite n="paladin_dissapear/024_paladin_dissapear.bmp" x="806" y="578" w="70" h="27" pX="0.171429" pY="0.703704"/>
      </direction>
    </action>

    <!-- Idle Action-->
    <action enum="idle" speed="150">
      <direction enum="south">
        <sprite n="paladin_idle/000_paladin_idle.bmp" x="878" y="578" w="37" h="84" pX="0.243243" pY="0.761905"/>
        <sprite n="paladin_idle/001_paladin_idle.bmp" x="917" y="578" w="37" h="82" pX="0.27027" pY="0.780488"/>
        <sprite n="paladin_idle/002_paladin_idle.bmp" x="956" y="578" w="45" h="82" pX="0.311111" pY="0.780488"/>
        <sprite n="paladin_idle/003_paladin_idle.bmp" x="1003" y="578" w="51" h="83" pX="0.27451" pY="0.771084"/>
        <sprite n="paladin_idle/004_paladin_idle.bmp" x="1056" y="578" w="47" h="82" pX="0.170213" pY="0.804878"/>
        <sprite n="paladin_idle/005_paladin_idle.bmp" x="1" y="664" w="48" h="82" pX="0.166667" pY="0.817073"/>
        <sprite n="paladin_idle/006_paladin_idle.bmp" x="51" y="664" w="46" h="83" pX="0.173913" pY="0.819277"/>
        <sprite n="paladin_idle/007_paladin_idle.bmp" x="99" y="664" w="42" h="87" pX="0.214286" pY="0.770115"/>
        <sprite n="paladin_idle/008_paladin_idle.bmp" x="143" y="664" w="40" h="87" pX="0.225" pY="0.758621"/>
        <sprite n="paladin_idle/009_paladin_idle.bmp" x="185" y="664" w="39" h="87" pX="0.230769" pY="0.781609"/>
      </direction>

      <direction enum="south-west">
        <sprite n="paladin_idle/010_paladin_idle.bmp" x="226" y="664" w="56" h="77" pX="0.446429" pY="0.831169"/>
        <sprite n="paladin_idle/011_paladin_idle.bmp" x="284" y="664" w="55" h="79" pX="0.472727" pY="0.810127"/>
        <sprite n="paladin_idle/012_paladin_idle.bmp" x="341" y="664" w="52" h="79" pX="0.461538" pY="0.810127"/>
        <sprite n="paladin_idle/013_paladin_idle.bmp" x="395" y="664" w="57" h="82" pX="0.491228" pY="0.768293"/>
        <sprite n="paladin_idle/014_paladin_idle.bmp" x="454" y="664" w="55" h="83" pX="0.454545" pY="0.759036"/>
        <sprite n="paladin_idle/015_paladin_idle.bmp" x="511" y="664" w="52" h="83" pX="0.403846" pY="0.771084"/>
        <sprite n="paladin_idle/016_paladin_idle.bmp" x="565" y="664" w="49" h="83" pX="0.387755" pY="0.771084"/>
        <sprite n="paladin_idle/017_paladin_idle.bmp" x="616" y="664" w="50" h="81" pX="0.4" pY="0.777778"/>
        <sprite n="paladin_idle/018_paladin_idle.bmp" x="668" y="664" w="54" h="80" pX="0.444444" pY="0.8"/>
        <sprite n="paladin_idle/019_paladin_idle.bmp" x="724" y="664" w="55" h="79" pX="0.4" pY="0.822785"/>
      </direction>

      <direction enum="west">
        <sprite n="paladin_idle/020_paladin_idle.bmp" x="781" y="664" w="82" h="68" pX="0.317073" pY="0.897059"/>
        <sprite n="paladin_idle/021_paladin_idle.bmp" x="865" y="664" w="62" h="68" pX="0.290323" pY="0.897059"/>
        <sprite n="paladin_idle/022_paladin_idle.bmp" x="929" y="664" w="72" h="69" pX="0.263889" pY="0.898551"/>
        <sprite n="paladin_idle/023_paladin_idle.bmp" x="1003" y="664" w="78" h="69" pX="0.333333" pY="0.884058"/>
        <sprite n="paladin_idle/024_paladin_idle.bmp" x="1" y="753" w="69" h="70" pX="0.246377" pY="0.871429"/>
        <sprite n="paladin_idle/025_paladin_idle.bmp" x="72" y="753" w="71" h="71" pX="0.239437" pY="0.873239"/>
        <sprite n="paladin_idle/026_paladin_idle.bmp" x="145" y="753" w="76" h="70" pX="0.328947" pY="0.871429"/>
        <sprite n="paladin_idle/027_paladin_idle.bmp" x="223" y="753" w="81" h="70" pX="0.444444" pY="0.871429"/>
        <sprite n="paladin_idle/028_paladin_idle.bmp" x="306" y="753" w="74" h="72" pX="0.432432" pY="0.875"/>
        <sprite n="paladin_idle/029_paladin_idle.bmp" x="382" y="753" w="72" h="72" pX="0.416667" pY="0.875"/>
      </direction>

      <direction enum="north-west">
        <sprite n="paladin_idle/030_paladin_idle.bmp" x="456" y="753" w="60" h="80" pX="0.283333" pY="0.775"/>
        <sprite n="paladin_idle/031_paladin_idle.bmp" x="518" y="753" w="50" h="75" pX="0.28" pY="0.813333"/>
        <sprite n="paladin_idle/032_paladin_idle.bmp" x="570" y="753" w="54" h="75" pX="0.222222" pY="0.8"/>
        <sprite n="paladin_idle/033_paladin_idle.bmp" x="626" y="753" w="57" h="74" pX="0.298246" pY="0.77027"/>
        <sprite n="paladin_idle/034_paladin_idle.bmp" x="685" y="753" w="53" h="78" pX="0.207547" pY="0.794872"/>
        <sprite n="paladin_idle/035_paladin_idle.bmp" x="740" y="753" w="55" h="81" pX="0.2" pY="0.790123"/>
        <sprite n="paladin_idle/036_paladin_idle.bmp" x="797" y="753" w="60" h="80" pX="0.266667" pY="0.7875"/>
        <sprite n="paladin_idle/037_paladin_idle.bmp" x="859" y="753" w="64" h="76" pX="0.375" pY="0.802632"/>
        <sprite n="paladin_idle/038_paladin_idle.bmp" x="925" y="753" w="55" h="76" pX="0.4" pY="0.828947"/>
        <sprite n="paladin_idle/039_paladin_idle.bmp" x="982" y="753" w="54" h="74" pX="0.388889" pY="0.824324"/>
      </direction>

      <direction enum="north">
        <sprite n="paladin_idle/040_paladin_idle.bmp" x="1038" y="753" w="34" h="84" pX="0.264706" pY="0.821429"/>
        <sprite n="paladin_idle/041_paladin_idle.bmp" x="1074" y="753" w="37" h="82" pX="0.243243" pY="0.817073"/>
        <sprite n="paladin_idle/042_paladin_idle.bmp" x="1" y="839" w="42" h="84" pX="0.261905" pY="0.833333"/>
        <sprite n="paladin_idle/043_paladin_idle.bmp" x="45" y="839" w="49" h="80" pX="0.346939" pY="0.8375"/>
        <sprite n="paladin_idle/044_paladin_idle.bmp" x="96" y="839" w="45" h="77" pX="0.422222" pY="0.818182"/>
        <sprite n="paladin_idle/045_paladin_idle.bmp" x="143" y="839" w="45" h="77" pX="0.444444" pY="0.818182"/>
        <sprite n="paladin_idle/046_paladin_idle.bmp" x="190" y="839" w="41" h="78" pX="0.414634" pY="0.820513"/>
        <sprite n="paladin_idle/047_paladin_idle.bmp" x="233" y="839" w="39" h="80" pX="0.333333" pY="0.825"/>
        <sprite n="paladin_idle/048_paladin_idle.bmp" x="274" y="839" w="37" h="79" pX="0.297297" pY="0.810127"/>
        <sprite n="paladin_idle/049_paladin_idle.bmp" x="313" y="839" w="36" h="81" pX="0.333333" pY="0.814815"/>
      </direction>
    </action>


    <!-- Walk Action-->
    <action enum="walk" speed="100">
      <direction enum="south">
        <sprite n="paladin_walk/000_paladin_walk.bmp" x="351" y="839" w="42" h="86" pX="0.571429" pY="0.802326"/>
        <sprite n="paladin_walk/001_paladin_walk.bmp" x="395" y="839" w="42" h="85" pX="0.571429" pY="0.8"/>
        <sprite n="paladin_walk/002_paladin_walk.bmp" x="439" y="839" w="43" h="84" pX="0.55814" pY="0.797619"/>
        <sprite n="paladin_walk/003_paladin_walk.bmp" x="484" y="839" w="42" h="83" pX="0.547619" pY="0.807229"/>
        <sprite n="paladin_walk/004_paladin_walk.bmp" x="528" y="839" w="43" h="84" pX="0.55814" pY="0.809524"/>
        <sprite n="paladin_walk/005_paladin_walk.bmp" x="573" y="839" w="42" h="85" pX="0.547619" pY="0.811765"/>
        <sprite n="paladin_walk/006_paladin_walk.bmp" x="617" y="839" w="42" h="85" pX="0.547619" pY="0.811765"/>
        <sprite n="paladin_walk/007_paladin_walk.bmp" x="661" y="839" w="42" h="86" pX="0.571429" pY="0.802326"/>
        <sprite n="paladin_walk/008_paladin_walk.bmp" x="705" y="839" w="42" h="86" pX="0.571429" pY="0.802326"/>
        <sprite n="paladin_walk/009_paladin_walk.bmp" x="749" y="839" w="42" h="88" pX="0.571429" pY="0.795455"/>
      </direction>

      <direction enum="south-west">
        <sprite n="paladin_walk/010_paladin_walk.bmp" x="793" y="839" w="56" h="79" pX="0.553571" pY="0.835443"/>
        <sprite n="paladin_walk/011_paladin_walk.bmp" x="851" y="839" w="55" h="78" pX="0.545455" pY="0.846154"/>
        <sprite n="paladin_walk/012_paladin_walk.bmp" x="908" y="839" w="55" h="79" pX="0.545455" pY="0.848101"/>
        <sprite n="paladin_walk/013_paladin_walk.bmp" x="965" y="839" w="56" h="80" pX="0.535714" pY="0.85"/>
        <sprite n="paladin_walk/014_paladin_walk.bmp" x="1023" y="839" w="57" h="80" pX="0.526316" pY="0.85"/>
        <sprite n="paladin_walk/015_paladin_walk.bmp" x="1" y="929" w="58" h="80" pX="0.517241" pY="0.85"/>
        <sprite n="paladin_walk/016_paladin_walk.bmp" x="61" y="929" w="60" h="79" pX="0.5" pY="0.848101"/>
        <sprite n="paladin_walk/017_paladin_walk.bmp" x="123" y="929" w="60" h="80" pX="0.5" pY="0.8375"/>
        <sprite n="paladin_walk/018_paladin_walk.bmp" x="185" y="929" w="59" h="80" pX="0.525424" pY="0.8375"/>
        <sprite n="paladin_walk/019_paladin_walk.bmp" x="246" y="929" w="58" h="79" pX="0.534483" pY="0.835443"/>
      </direction>

      <direction enum="west">
        <sprite n="paladin_walk/020_paladin_walk.bmp" x="306" y="929" w="73" h="72" pX="0.534247" pY="0.888889"/>
        <sprite n="paladin_walk/021_paladin_walk.bmp" x="381" y="929" w="71" h="74" pX="0.549296" pY="0.878378"/>
        <sprite n="paladin_walk/022_paladin_walk.bmp" x="454" y="929" w="72" h="75" pX="0.541667" pY="0.88"/>
        <sprite n="paladin_walk/023_paladin_walk.bmp" x="528" y="929" w="74" h="75" pX="0.527027" pY="0.88"/>
        <sprite n="paladin_walk/024_paladin_walk.bmp" x="604" y="929" w="76" h="75" pX="0.513158" pY="0.88"/>
        <sprite n="paladin_walk/025_paladin_walk.bmp" x="682" y="929" w="78" h="74" pX="0.5" pY="0.878378"/>
        <sprite n="paladin_walk/026_paladin_walk.bmp" x="762" y="929" w="82" h="73" pX="0.47561" pY="0.876712"/>
        <sprite n="paladin_walk/027_paladin_walk.bmp" x="846" y="929" w="82" h="72" pX="0.47561" pY="0.888889"/>
        <sprite n="paladin_walk/028_paladin_walk.bmp" x="930" y="929" w="79" h="72" pX="0.506329" pY="0.888889"/>
        <sprite n="paladin_walk/029_paladin_walk.bmp" x="1011" y="929" w="77" h="72" pX="0.519481" pY="0.888889"/>
      </direction>

      <direction enum="north-west">
        <sprite n="paladin_walk/030_paladin_walk.bmp" x="1" y="1011" w="58" h="75" pX="0.517241" pY="0.826667"/>
        <sprite n="paladin_walk/031_paladin_walk.bmp" x="61" y="1011" w="58" h="76" pX="0.517241" pY="0.828947"/>
        <sprite n="paladin_walk/032_paladin_walk.bmp" x="121" y="1011" w="58" h="76" pX="0.517241" pY="0.842105"/>
        <sprite n="paladin_walk/033_paladin_walk.bmp" x="181" y="1011" w="57" h="77" pX="0.526316" pY="0.831169"/>
        <sprite n="paladin_walk/034_paladin_walk.bmp" x="240" y="1011" w="58" h="77" pX="0.517241" pY="0.831169"/>
        <sprite n="paladin_walk/035_paladin_walk.bmp" x="300" y="1011" w="59" h="76" pX="0.508475" pY="0.815789"/>
        <sprite n="paladin_walk/036_paladin_walk.bmp" x="361" y="1011" w="61" h="76" pX="0.47541" pY="0.802632"/>
        <sprite n="paladin_walk/037_paladin_walk.bmp" x="424" y="1011" w="62" h="75" pX="0.483871" pY="0.8"/>
        <sprite n="paladin_walk/038_paladin_walk.bmp" x="488" y="1011" w="59" h="74" pX="0.508475" pY="0.810811"/>
        <sprite n="paladin_walk/039_paladin_walk.bmp" x="549" y="1011" w="60" h="74" pX="0.5" pY="0.824324"/>
      </direction>

      <direction enum="north">
        <sprite n="paladin_walk/040_paladin_walk.bmp" x="611" y="1011" w="39" h="82" pX="0.487179" pY="0.792683"/>
        <sprite n="paladin_walk/041_paladin_walk.bmp" x="652" y="1011" w="39" h="82" pX="0.487179" pY="0.804878"/>
        <sprite n="paladin_walk/042_paladin_walk.bmp" x="693" y="1011" w="40" h="84" pX="0.5" pY="0.797619"/>
        <sprite n="paladin_walk/043_paladin_walk.bmp" x="735" y="1011" w="40" h="85" pX="0.5" pY="0.788235"/>
        <sprite n="paladin_walk/044_paladin_walk.bmp" x="777" y="1011" w="40" h="86" pX="0.5" pY="0.77907"/>
        <sprite n="paladin_walk/045_paladin_walk.bmp" x="819" y="1011" w="40" h="85" pX="0.5" pY="0.776471"/>
        <sprite n="paladin_walk/046_paladin_walk.bmp" x="861" y="1011" w="40" h="85" pX="0.5" pY="0.752941"/>
        <sprite n="paladin_walk/047_paladin_walk.bmp" x="903" y="1011" w="40" h="85" pX="0.5" pY="0.752941"/>
        <sprite n="paladin_walk/048_paladin_walk.bmp" x="945" y="1011" w="40" h="84" pX="0.5" pY="0.761905"/>
        <sprite n="paladin_walk/049_paladin_walk.bmp" x="987" y="1011" w="40" h="82" pX="0.5" pY="0.780488"/>
      </direction>
    </action>
  </unit>
</TextureAtlas>
