<?xml version="1.0" encoding="UTF-8"?>
<!-- Created with TexturePacker http://www.codeandweb.com/texturepacker-->
<!-- $TexturePacker:SmartUpdate:db1ea4cf818c80f6d785f1f6dd9e312d:903c776033eaf436005a5476e67b53dc:e5f85de8d1a36c1e2bfa2a587cb8909b$ -->
<!--Format:
n  => name of the sprite
x  => sprite x pos in texture
y  => sprite y pos in texture
w  => sprite width (may be trimmed)
h  => sprite height (may be trimmed)
pX => x pos of the pivot point (relative to sprite width)
pY => y pos of the pivot point (relative to sprite height)
oX => sprite's x-corner offset (only available if trimmed)
oY => sprite's y-corner offset (only available if trimmed)
oW => sprite's original width (only available if trimmed)
oH => sprite's original height (only available if trimmed)
r => 'y' only set if sprite is rotated
with polygon mode enabled:
vertices   => points in sprite coordinate system (x0,y0,x1,y1,x2,y2, ...)
verticesUV => points in sheet coordinate system (x0,y0,x1,y1,x2,y2, ...)
triangles  => sprite triangulation, 3 vertex indices per triangle
-->

<TextureAtlas blue_texture="warrior_chmp.png" red_texture="warrior_chmp.png" width="689" height="689">
  <!-- Define the unit type-->
  <unit id ="warrior_chmp">


    <!-- Attack Action-->
    <action enum="attack" speed="200">
      <direction enum="south">
        <sprite n="warrior_attack/000_warrior_attack.bmp" x="1" y="1" w="27" h="47" pX="0.296296" pY="0.829787"/>
        <sprite n="warrior_attack/001_warrior_attack.bmp" x="30" y="1" w="37" h="42" pX="0.189189" pY="0.809524"/>
        <sprite n="warrior_attack/002_warrior_attack.bmp" x="69" y="1" w="45" h="39" pX="0.133333" pY="0.820513"/>
        <sprite n="warrior_attack/003_warrior_attack.bmp" x="116" y="1" w="29" h="57" pX="0.206897" pY="0.877193"/>
        <sprite n="warrior_attack/004_warrior_attack.bmp" x="147" y="1" w="45" h="39" pX="0.133333" pY="0.769231"/>
        <sprite n="warrior_attack/005_warrior_attack.bmp" x="194" y="1" w="25" h="55" pX="0.48" pY="0.563636"/>
        <sprite n="warrior_attack/006_warrior_attack.bmp" x="221" y="1" w="47" h="39" pX="0.765957" pY="0.794872"/>
        <sprite n="warrior_attack/007_warrior_attack.bmp" x="270" y="1" w="50" h="39" pX="0.76" pY="0.820513"/>
        <sprite n="warrior_attack/008_warrior_attack.bmp" x="322" y="1" w="31" h="53" pX="0.580645" pY="0.622642"/>
        <sprite n="warrior_attack/009_warrior_attack.bmp" x="355" y="1" w="26" h="46" pX="0.346154" pY="0.717391"/>
      </direction>

      <direction enum="south-west">
        <sprite n="warrior_attack/010_warrior_attack.bmp" x="383" y="1" w="32" h="46" pX="0.71875" pY="0.826087"/>
        <sprite n="warrior_attack/011_warrior_attack.bmp" x="417" y="1" w="23" h="61" pX="0.565217" pY="0.901639"/>
        <sprite n="warrior_attack/012_warrior_attack.bmp" x="442" y="1" w="35" h="61" pX="0.371429" pY="0.918033"/>
        <sprite n="warrior_attack/013_warrior_attack.bmp" x="479" y="1" w="38" h="45" pX="0.289474" pY="0.911111"/>
        <sprite n="warrior_attack/014_warrior_attack.bmp" x="519" y="1" w="38" h="63" pX="0.473684" pY="0.873016"/>
        <sprite n="warrior_attack/015_warrior_attack.bmp" x="559" y="1" w="45" h="49" pX="0.777778" pY="0.632653"/>
        <sprite n="warrior_attack/016_warrior_attack.bmp" x="606" y="1" w="44" h="44" pX="0.795455" pY="0.590909"/>
        <sprite n="warrior_attack/017_warrior_attack.bmp" x="1" y="66" w="42" h="44" pX="0.785714" pY="0.613636"/>
        <sprite n="warrior_attack/018_warrior_attack.bmp" x="45" y="66" w="45" h="48" pX="0.8" pY="0.645833"/>
        <sprite n="warrior_attack/019_warrior_attack.bmp" x="92" y="66" w="41" h="47" pX="0.780488" pY="0.723404"/>
      </direction>

      <direction enum="west">
        <sprite n="warrior_attack/020_warrior_attack.bmp" x="135" y="66" w="28" h="46" pX="0.642857" pY="0.804348"/>
        <sprite n="warrior_attack/021_warrior_attack.bmp" x="165" y="66" w="28" h="46" pX="0.642857" pY="0.673913"/>
        <sprite n="warrior_attack/022_warrior_attack.bmp" x="195" y="66" w="24" h="49" pX="0.541667" pY="0.591837"/>
        <sprite n="warrior_attack/023_warrior_attack.bmp" x="221" y="66" w="36" h="44" pX="0.388889" pY="0.727273"/>
        <sprite n="warrior_attack/024_warrior_attack.bmp" x="259" y="66" w="30" h="50" pX="0.6" pY="0.58"/>
        <sprite n="warrior_attack/025_warrior_attack.bmp" x="291" y="66" w="55" h="38" pX="0.8" pY="0.815789"/>
        <sprite n="warrior_attack/026_warrior_attack.bmp" x="348" y="66" w="27" h="40" pX="0.592593" pY="0.85"/>
        <sprite n="warrior_attack/027_warrior_attack.bmp" x="377" y="66" w="26" h="42" pX="0.576923" pY="0.833333"/>
        <sprite n="warrior_attack/028_warrior_attack.bmp" x="405" y="66" w="49" h="41" pX="0.795918" pY="0.829268"/>
        <sprite n="warrior_attack/029_warrior_attack.bmp" x="456" y="66" w="39" h="42" pX="0.74359" pY="0.809524"/>
      </direction>

      <direction enum="north-west">
        <sprite n="warrior_attack/030_warrior_attack.bmp" x="497" y="66" w="29" h="59" pX="0.689655" pY="0.898305"/>
        <sprite n="warrior_attack/031_warrior_attack.bmp" x="528" y="66" w="26" h="63" pX="0.538462" pY="0.904762"/>
        <sprite n="warrior_attack/032_warrior_attack.bmp" x="556" y="66" w="34" h="53" pX="0.352941" pY="0.773585"/>
        <sprite n="warrior_attack/033_warrior_attack.bmp" x="592" y="66" w="32" h="54" pX="0.34375" pY="0.722222"/>
        <sprite n="warrior_attack/034_warrior_attack.bmp" x="626" y="66" w="26" h="53" pX="0.653846" pY="0.811321"/>
        <sprite n="warrior_attack/035_warrior_attack.bmp" x="1" y="131" w="46" h="64" pX="0.847826" pY="0.90625"/>
        <sprite n="warrior_attack/036_warrior_attack.bmp" x="49" y="131" w="39" h="44" pX="0.820513" pY="0.863636"/>
        <sprite n="warrior_attack/037_warrior_attack.bmp" x="90" y="131" w="37" h="43" pX="0.783784" pY="0.883721"/>
        <sprite n="warrior_attack/038_warrior_attack.bmp" x="129" y="131" w="39" h="44" pX="0.794872" pY="0.886364"/>
        <sprite n="warrior_attack/039_warrior_attack.bmp" x="170" y="131" w="35" h="54" pX="0.8" pY="0.907407"/>
      </direction>

      <direction enum="north">
        <sprite n="warrior_attack/040_warrior_attack.bmp" x="207" y="131" w="30" h="56" pX="0.733333" pY="0.875"/>
        <sprite n="warrior_attack/041_warrior_attack.bmp" x="239" y="131" w="41" h="52" pX="0.804878" pY="0.865385"/>
        <sprite n="warrior_attack/042_warrior_attack.bmp" x="282" y="131" w="44" h="44" pX="0.818182" pY="0.840909"/>
        <sprite n="warrior_attack/043_warrior_attack.bmp" x="328" y="131" w="36" h="46" pX="0.777778" pY="0.76087"/>
        <sprite n="warrior_attack/044_warrior_attack.bmp" x="366" y="131" w="50" h="43" pX="0.84" pY="0.837209"/>
        <sprite n="warrior_attack/045_warrior_attack.bmp" x="418" y="131" w="24" h="49" pX="0.583333" pY="0.857143"/>
        <sprite n="warrior_attack/046_warrior_attack.bmp" x="444" y="131" w="48" h="44" pX="0.270833" pY="0.840909"/>
        <sprite n="warrior_attack/047_warrior_attack.bmp" x="494" y="131" w="49" h="45" pX="0.265306" pY="0.844444"/>
        <sprite n="warrior_attack/048_warrior_attack.bmp" x="545" y="131" w="29" h="50" pX="0.482759" pY="0.88"/>
        <sprite n="warrior_attack/049_warrior_attack.bmp" x="576" y="131" w="28" h="59" pX="0.714286" pY="0.881356"/>
      </direction>
    </action>
    
    <!-- Die Action-->
    <action enum="die" speed="200">
      <direction enum="south">
        <sprite n="warrior_die/000_warrior_die.bmp" x="606" y="131" w="46" h="46" pX="0.173913" pY="0.782609"/>
        <sprite n="warrior_die/001_warrior_die.bmp" x="1" y="197" w="52" h="44" pX="0.115385" pY="0.772727"/>
        <sprite n="warrior_die/002_warrior_die.bmp" x="55" y="197" w="51" h="43" pX="0.0588235" pY="0.744186"/>
        <sprite n="warrior_die/003_warrior_die.bmp" x="108" y="197" w="48" h="45" pX="0.0208333" pY="0.733333"/>
        <sprite n="warrior_die/004_warrior_die.bmp" x="158" y="197" w="45" h="44" pX="-0.0444444" pY="0.704545"/>
        <sprite n="warrior_die/005_warrior_die.bmp" x="205" y="197" w="46" h="37" pX="-0.0217391" pY="0.648649"/>
        <sprite n="warrior_die/006_warrior_die.bmp" x="253" y="197" w="50" h="25" pX="-0.02" pY="0.48"/>
        <sprite n="warrior_die/007_warrior_die.bmp" x="305" y="197" w="51" h="25" pX="-0.0196078" pY="0.48"/>
        <sprite n="warrior_die/008_warrior_die.bmp" x="358" y="197" w="50" h="25" pX="-0.06" pY="0.48"/>
        <sprite n="warrior_die/009_warrior_die.bmp" x="410" y="197" w="52" h="25" pX="-0.0769231" pY="0.44"/>
      </direction>

      <direction enum="south-west">
        <sprite n="warrior_die/010_warrior_die.bmp" x="464" y="197" w="27" h="46" pX="0.592593" pY="0.804348"/>
        <sprite n="warrior_die/011_warrior_die.bmp" x="493" y="197" w="32" h="49" pX="0.6875" pY="0.836735"/>
        <sprite n="warrior_die/012_warrior_die.bmp" x="527" y="197" w="31" h="50" pX="0.709677" pY="0.8"/>
        <sprite n="warrior_die/013_warrior_die.bmp" x="560" y="197" w="28" h="51" pX="0.75" pY="0.764706"/>
        <sprite n="warrior_die/014_warrior_die.bmp" x="590" y="197" w="30" h="53" pX="0.8" pY="0.773585"/>
        <sprite n="warrior_die/015_warrior_die.bmp" x="622" y="197" w="41" h="48" pX="0.902439" pY="0.729167"/>
        <sprite n="warrior_die/016_warrior_die.bmp" x="1" y="252" w="38" h="37" pX="0.842105" pY="0.675676"/>
        <sprite n="warrior_die/017_warrior_die.bmp" x="41" y="252" w="39" h="35" pX="0.820513" pY="0.657143"/>
        <sprite n="warrior_die/018_warrior_die.bmp" x="82" y="252" w="40" h="36" pX="0.85" pY="0.666667"/>
        <sprite n="warrior_die/019_warrior_die.bmp" x="124" y="252" w="41" h="37" pX="0.853659" pY="0.675676"/>
      </direction>

      <direction enum="west">
        <sprite n="warrior_die/020_warrior_die.bmp" x="167" y="252" w="32" h="55" pX="0.6875" pY="0.636364"/>
        <sprite n="warrior_die/021_warrior_die.bmp" x="201" y="252" w="30" h="56" pX="0.666667" pY="0.571429"/>
        <sprite n="warrior_die/022_warrior_die.bmp" x="233" y="252" w="32" h="54" pX="0.59375" pY="0.537037"/>
        <sprite n="warrior_die/023_warrior_die.bmp" x="267" y="252" w="36" h="49" pX="0.583333" pY="0.489796"/>
        <sprite n="warrior_die/024_warrior_die.bmp" x="305" y="252" w="39" h="42" pX="0.564103" pY="0.428571"/>
        <sprite n="warrior_die/025_warrior_die.bmp" x="346" y="252" w="39" h="31" pX="0.564103" pY="0.193548"/>
        <sprite n="warrior_die/026_warrior_die.bmp" x="387" y="252" w="39" h="30" pX="0.564103" pY="0.1"/>
        <sprite n="warrior_die/027_warrior_die.bmp" x="428" y="252" w="40" h="32" pX="0.55" pY="0.125"/>
        <sprite n="warrior_die/028_warrior_die.bmp" x="470" y="252" w="41" h="33" pX="0.560976" pY="0.121212"/>
        <sprite n="warrior_die/029_warrior_die.bmp" x="513" y="252" w="42" h="31" pX="0.571429" pY="0.0322581"/>
      </direction>

      <direction enum="north-west">
        <sprite n="warrior_die/030_warrior_die.bmp" x="557" y="252" w="32" h="56" pX="0.71875" pY="0.875"/>
        <sprite n="warrior_die/031_warrior_die.bmp" x="591" y="252" w="36" h="54" pX="0.527778" pY="0.888889"/>
        <sprite n="warrior_die/032_warrior_die.bmp" x="629" y="252" w="46" h="44" pX="0.478261" pY="0.886364"/>
        <sprite n="warrior_die/033_warrior_die.bmp" x="1" y="310" w="53" h="34" pX="0.433962" pY="0.852941"/>
        <sprite n="warrior_die/034_warrior_die.bmp" x="56" y="310" w="56" h="40" pX="0.375" pY="0.925"/>
        <sprite n="warrior_die/035_warrior_die.bmp" x="114" y="310" w="59" h="35" pX="0.338983" pY="0.914286"/>
        <sprite n="warrior_die/036_warrior_die.bmp" x="175" y="310" w="63" h="24" pX="0.31746" pY="0.833333"/>
        <sprite n="warrior_die/037_warrior_die.bmp" x="240" y="310" w="66" h="23" pX="0.30303" pY="0.826087"/>
        <sprite n="warrior_die/038_warrior_die.bmp" x="308" y="310" w="66" h="25" pX="0.30303" pY="0.84"/>
        <sprite n="warrior_die/039_warrior_die.bmp" x="376" y="310" w="66" h="25" pX="0.30303" pY="0.84"/>
      </direction>

      <direction enum="north">
        <sprite n="warrior_die/040_warrior_die.bmp" x="444" y="310" w="48" h="44" pX="0.833333" pY="0.840909"/>
        <sprite n="warrior_die/041_warrior_die.bmp" x="494" y="310" w="50" h="41" pX="0.84" pY="0.878049"/>
        <sprite n="warrior_die/042_warrior_die.bmp" x="546" y="310" w="49" h="41" pX="0.897959" pY="0.829268"/>
        <sprite n="warrior_die/043_warrior_die.bmp" x="597" y="310" w="46" h="38" pX="0.956522" pY="0.789474"/>
        <sprite n="warrior_die/044_warrior_die.bmp" x="1" y="356" w="44" h="36" pX="1" pY="0.777778"/>
        <sprite n="warrior_die/045_warrior_die.bmp" x="47" y="356" w="47" h="31" pX="0.978723" pY="0.709677"/>
        <sprite n="warrior_die/046_warrior_die.bmp" x="96" y="356" w="50" h="21" pX="0.98" pY="0.52381"/>
        <sprite n="warrior_die/047_warrior_die.bmp" x="148" y="356" w="52" h="21" pX="0.980769" pY="0.52381"/>
        <sprite n="warrior_die/048_warrior_die.bmp" x="202" y="356" w="52" h="22" pX="1" pY="0.545455"/>
        <sprite n="warrior_die/049_warrior_die.bmp" x="256" y="356" w="52" h="22" pX="1.03846" pY="0.545455"/>
      </direction>
    </action>
    
    <!-- Disappear Action-->
    <action enum="disappear" speed="1500">
      <direction enum="south">
        <sprite n="warrior_dissapear/000_warrior_dissapear.bmp" x="310" y="356" w="50" h="23" pX="-0.1" pY="0.434783"/>
        <sprite n="warrior_dissapear/001_warrior_dissapear.bmp" x="362" y="356" w="48" h="22" pX="-0.125" pY="0.409091"/>
        <sprite n="warrior_dissapear/002_warrior_dissapear.bmp" x="412" y="356" w="45" h="21" pX="-0.177778" pY="0.428571"/>
        <sprite n="warrior_dissapear/003_warrior_dissapear.bmp" x="459" y="356" w="43" h="14" pX="-0.186047" pY="0.571429"/>
        <sprite n="warrior_dissapear/004_warrior_dissapear.bmp" x="504" y="356" w="41" h="12" pX="-0.195122" pY="0.583333"/>
      </direction>

      <direction enum="south-west">
        <sprite n="warrior_dissapear/005_warrior_dissapear.bmp" x="547" y="356" w="39" h="35" pX="0.871795" pY="0.685714"/>
        <sprite n="warrior_dissapear/006_warrior_dissapear.bmp" x="588" y="356" w="39" h="35" pX="0.871795" pY="0.685714"/>
        <sprite n="warrior_dissapear/007_warrior_dissapear.bmp" x="629" y="356" w="38" h="34" pX="0.868421" pY="0.676471"/>
        <sprite n="warrior_dissapear/008_warrior_dissapear.bmp" x="1" y="394" w="36" h="33" pX="0.916667" pY="0.666667"/>
        <sprite n="warrior_dissapear/009_warrior_dissapear.bmp" x="39" y="394" w="33" h="33" pX="0.909091" pY="0.666667"/>
      </direction>

      <direction enum="west">
        <sprite n="warrior_dissapear/010_warrior_dissapear.bmp" x="74" y="394" w="40" h="29" pX="0.575" pY="0"/>
        <sprite n="warrior_dissapear/011_warrior_dissapear.bmp" x="116" y="394" w="37" h="27" pX="0.594595" pY="-0.037037"/>
        <sprite n="warrior_dissapear/012_warrior_dissapear.bmp" x="155" y="394" w="32" h="24" pX="0.5625" pY="-0.0833333"/>
        <sprite n="warrior_dissapear/013_warrior_dissapear.bmp" x="189" y="394" w="31" h="19" pX="0.580645" pY="-0.263158"/>
        <sprite n="warrior_dissapear/014_warrior_dissapear.bmp" x="222" y="394" w="25" h="18" pX="0.6" pY="-0.277778"/>
      </direction>

      <direction enum="north-west">
        <sprite n="warrior_dissapear/015_warrior_dissapear.bmp" x="249" y="394" w="64" h="23" pX="0.296875" pY="0.869565"/>
        <sprite n="warrior_dissapear/016_warrior_dissapear.bmp" x="315" y="394" w="62" h="21" pX="0.290323" pY="0.904762"/>
        <sprite n="warrior_dissapear/017_warrior_dissapear.bmp" x="379" y="394" w="62" h="20" pX="0.290323" pY="0.95"/>
        <sprite n="warrior_dissapear/018_warrior_dissapear.bmp" x="443" y="394" w="60" h="19" pX="0.3" pY="0.947368"/>
        <sprite n="warrior_dissapear/019_warrior_dissapear.bmp" x="505" y="394" w="60" h="19" pX="0.3" pY="0.947368"/>
      </direction>

      <direction enum="north">
        <sprite n="warrior_dissapear/020_warrior_dissapear.bmp" x="567" y="394" w="50" h="20" pX="1.06" pY="0.55"/>
        <sprite n="warrior_dissapear/021_warrior_dissapear.bmp" x="619" y="394" w="49" h="16" pX="1.08163" pY="0.5625"/>
        <sprite n="warrior_dissapear/022_warrior_dissapear.bmp" x="1" y="429" w="48" h="13" pX="1.08333" pY="0.538462"/>
        <sprite n="warrior_dissapear/023_warrior_dissapear.bmp" x="51" y="429" w="48" h="12" pX="1.08333" pY="0.5"/>
        <sprite n="warrior_dissapear/024_warrior_dissapear.bmp" x="101" y="429" w="47" h="10" pX="1.10638" pY="0.5"/>
      </direction>
    </action>
    
        <!-- Idle Action-->
    <action enum="idle" speed="150">
      <direction enum="south">
        <sprite n="warrior_idle/000_warrior_idle.bmp" x="150" y="429" w="37" h="42" pX="0.540541" pY="0.833333"/>
        <sprite n="warrior_idle/001_warrior_idle.bmp" x="189" y="429" w="40" h="42" pX="0.55" pY="0.833333"/>
        <sprite n="warrior_idle/002_warrior_idle.bmp" x="231" y="429" w="36" h="43" pX="0.5" pY="0.813953"/>
        <sprite n="warrior_idle/003_warrior_idle.bmp" x="269" y="429" w="37" h="44" pX="0.513514" pY="0.795455"/>
        <sprite n="warrior_idle/004_warrior_idle.bmp" x="308" y="429" w="38" h="43" pX="0.526316" pY="0.813953"/>
        <sprite n="warrior_idle/005_warrior_idle.bmp" x="348" y="429" w="40" h="42" pX="0.55" pY="0.833333"/>
      </direction>

      <direction enum="south-west">
        <sprite n="warrior_idle/006_warrior_idle.bmp" x="390" y="429" w="30" h="45" pX="0.7" pY="0.8"/>
        <sprite n="warrior_idle/007_warrior_idle.bmp" x="422" y="429" w="32" h="45" pX="0.6875" pY="0.8"/>
        <sprite n="warrior_idle/008_warrior_idle.bmp" x="456" y="429" w="34" h="44" pX="0.617647" pY="0.818182"/>
        <sprite n="warrior_idle/009_warrior_idle.bmp" x="492" y="429" w="37" h="43" pX="0.621622" pY="0.837209"/>
        <sprite n="warrior_idle/010_warrior_idle.bmp" x="531" y="429" w="36" h="44" pX="0.638889" pY="0.818182"/>
        <sprite n="warrior_idle/011_warrior_idle.bmp" x="569" y="429" w="31" h="44" pX="0.677419" pY="0.818182"/>
      </direction>

      <direction enum="west">
        <sprite n="warrior_idle/012_warrior_idle.bmp" x="602" y="429" w="45" h="43" pX="0.777778" pY="0.860465"/>
        <sprite n="warrior_idle/013_warrior_idle.bmp" x="1" y="476" w="45" h="44" pX="0.777778" pY="0.840909"/>
        <sprite n="warrior_idle/014_warrior_idle.bmp" x="48" y="476" w="46" h="43" pX="0.782609" pY="0.860465"/>
        <sprite n="warrior_idle/015_warrior_idle.bmp" x="96" y="476" w="45" h="42" pX="0.777778" pY="0.880952"/>
        <sprite n="warrior_idle/016_warrior_idle.bmp" x="143" y="476" w="46" h="42" pX="0.782609" pY="0.880952"/>
        <sprite n="warrior_idle/017_warrior_idle.bmp" x="191" y="476" w="44" h="42" pX="0.772727" pY="0.880952"/>
      </direction>

      <direction enum="north-west">
        <sprite n="warrior_idle/018_warrior_idle.bmp" x="237" y="476" w="37" h="50" pX="0.783784" pY="0.88"/>
        <sprite n="warrior_idle/019_warrior_idle.bmp" x="276" y="476" w="40" h="49" pX="0.8" pY="0.877551"/>
        <sprite n="warrior_idle/020_warrior_idle.bmp" x="318" y="476" w="42" h="50" pX="0.809524" pY="0.88"/>
        <sprite n="warrior_idle/021_warrior_idle.bmp" x="362" y="476" w="38" h="50" pX="0.789474" pY="0.88"/>
        <sprite n="warrior_idle/022_warrior_idle.bmp" x="402" y="476" w="37" h="50" pX="0.783784" pY="0.88"/>
        <sprite n="warrior_idle/023_warrior_idle.bmp" x="441" y="476" w="39" h="50" pX="0.794872" pY="0.88"/>
      </direction>

      <direction enum="north">
        <sprite n="warrior_idle/024_warrior_idle.bmp" x="482" y="476" w="39" h="44" pX="0.435897" pY="0.863636"/>
        <sprite n="warrior_idle/025_warrior_idle.bmp" x="523" y="476" w="39" h="44" pX="0.461538" pY="0.863636"/>
        <sprite n="warrior_idle/026_warrior_idle.bmp" x="564" y="476" w="37" h="44" pX="0.486486" pY="0.863636"/>
        <sprite n="warrior_idle/027_warrior_idle.bmp" x="603" y="476" w="36" h="44" pX="0.5" pY="0.863636"/>
        <sprite n="warrior_idle/028_warrior_idle.bmp" x="641" y="476" w="36" h="44" pX="0.5" pY="0.863636"/>
        <sprite n="warrior_idle/029_warrior_idle.bmp" x="1" y="528" w="36" h="44" pX="0.472222" pY="0.863636"/>
      </direction>
    </action>
    
        <!-- Walk Action-->
    <action enum="walk" speed="100">
      <direction enum="south">
        <sprite n="warrior_walk/000_warrior_walk.bmp" x="39" y="528" w="23" h="53" pX="0.565217" pY="0.830189"/>
        <sprite n="warrior_walk/001_warrior_walk.bmp" x="64" y="528" w="24" h="48" pX="0.625" pY="0.854167"/>
        <sprite n="warrior_walk/002_warrior_walk.bmp" x="90" y="528" w="23" h="49" pX="0.608696" pY="0.877551"/>
        <sprite n="warrior_walk/003_warrior_walk.bmp" x="115" y="528" w="24" h="52" pX="0.625" pY="0.884615"/>
        <sprite n="warrior_walk/004_warrior_walk.bmp" x="141" y="528" w="25" h="51" pX="0.6" pY="0.901961"/>
        <sprite n="warrior_walk/005_warrior_walk.bmp" x="168" y="528" w="24" h="53" pX="0.583333" pY="0.830189"/>
        <sprite n="warrior_walk/006_warrior_walk.bmp" x="194" y="528" w="25" h="50" pX="0.56" pY="0.86"/>
        <sprite n="warrior_walk/007_warrior_walk.bmp" x="221" y="528" w="23" h="50" pX="0.565217" pY="0.9"/>
        <sprite n="warrior_walk/008_warrior_walk.bmp" x="246" y="528" w="23" h="52" pX="0.565217" pY="0.884615"/>
        <sprite n="warrior_walk/009_warrior_walk.bmp" x="271" y="528" w="23" h="51" pX="0.565217" pY="0.862745"/>
      </direction>

      <direction enum="south-west">
        <sprite n="warrior_walk/010_warrior_walk.bmp" x="296" y="528" w="28" h="54" pX="0.607143" pY="0.87037"/>
        <sprite n="warrior_walk/011_warrior_walk.bmp" x="326" y="528" w="33" h="51" pX="0.606061" pY="0.882353"/>
        <sprite n="warrior_walk/012_warrior_walk.bmp" x="361" y="528" w="29" h="53" pX="0.62069" pY="0.886792"/>
        <sprite n="warrior_walk/013_warrior_walk.bmp" x="392" y="528" w="24" h="54" pX="0.625" pY="0.888889"/>
        <sprite n="warrior_walk/014_warrior_walk.bmp" x="418" y="528" w="21" h="53" pX="0.52381" pY="0.886792"/>
        <sprite n="warrior_walk/015_warrior_walk.bmp" x="441" y="528" w="23" h="54" pX="0.565217" pY="0.851852"/>
        <sprite n="warrior_walk/016_warrior_walk.bmp" x="466" y="528" w="25" h="53" pX="0.64" pY="0.867925"/>
        <sprite n="warrior_walk/017_warrior_walk.bmp" x="493" y="528" w="25" h="54" pX="0.64" pY="0.888889"/>
        <sprite n="warrior_walk/018_warrior_walk.bmp" x="520" y="528" w="24" h="54" pX="0.625" pY="0.888889"/>
        <sprite n="warrior_walk/019_warrior_walk.bmp" x="546" y="528" w="25" h="53" pX="0.64" pY="0.886792"/>
      </direction>

      <direction enum="west">
        <sprite n="warrior_walk/020_warrior_walk.bmp" x="573" y="528" w="26" h="55" pX="0.538462" pY="0.909091"/>
        <sprite n="warrior_walk/021_warrior_walk.bmp" x="601" y="528" w="31" h="55" pX="0.548387" pY="0.909091"/>
        <sprite n="warrior_walk/022_warrior_walk.bmp" x="634" y="528" w="26" h="56" pX="0.538462" pY="0.910714"/>
        <sprite n="warrior_walk/023_warrior_walk.bmp" x="662" y="528" w="22" h="56" pX="0.590909" pY="0.910714"/>
        <sprite n="warrior_walk/024_warrior_walk.bmp" x="1" y="586" w="21" h="55" pX="0.571429" pY="0.909091"/>
        <sprite n="warrior_walk/025_warrior_walk.bmp" x="24" y="586" w="27" h="53" pX="0.481481" pY="0.90566"/>
        <sprite n="warrior_walk/026_warrior_walk.bmp" x="53" y="586" w="29" h="54" pX="0.551724" pY="0.907407"/>
        <sprite n="warrior_walk/027_warrior_walk.bmp" x="84" y="586" w="25" h="56" pX="0.56" pY="0.910714"/>
        <sprite n="warrior_walk/028_warrior_walk.bmp" x="111" y="586" w="21" h="56" pX="0.619048" pY="0.910714"/>
        <sprite n="warrior_walk/029_warrior_walk.bmp" x="134" y="586" w="23" h="55" pX="0.565217" pY="0.909091"/>
      </direction>

      <direction enum="north-west">
        <sprite n="warrior_walk/030_warrior_walk.bmp" x="159" y="586" w="24" h="59" pX="0.5" pY="0.881356"/>
        <sprite n="warrior_walk/031_warrior_walk.bmp" x="185" y="586" w="24" h="58" pX="0.5" pY="0.87931"/>
        <sprite n="warrior_walk/032_warrior_walk.bmp" x="211" y="586" w="25" h="60" pX="0.52" pY="0.883333"/>
        <sprite n="warrior_walk/033_warrior_walk.bmp" x="238" y="586" w="25" h="57" pX="0.52" pY="0.912281"/>
        <sprite n="warrior_walk/034_warrior_walk.bmp" x="265" y="586" w="25" h="56" pX="0.52" pY="0.910714"/>
        <sprite n="warrior_walk/035_warrior_walk.bmp" x="292" y="586" w="24" h="56" pX="0.5" pY="0.910714"/>
        <sprite n="warrior_walk/036_warrior_walk.bmp" x="318" y="586" w="25" h="57" pX="0.52" pY="0.912281"/>
        <sprite n="warrior_walk/037_warrior_walk.bmp" x="345" y="586" w="25" h="57" pX="0.52" pY="0.912281"/>
        <sprite n="warrior_walk/038_warrior_walk.bmp" x="372" y="586" w="25" h="56" pX="0.52" pY="0.910714"/>
        <sprite n="warrior_walk/039_warrior_walk.bmp" x="399" y="586" w="24" h="57" pX="0.5" pY="0.912281"/>
      </direction>

      <direction enum="north">
        <sprite n="warrior_walk/040_warrior_walk.bmp" x="425" y="586" w="24" h="58" pX="0.5" pY="0.87931"/>
        <sprite n="warrior_walk/041_warrior_walk.bmp" x="451" y="586" w="24" h="58" pX="0.458333" pY="0.862069"/>
        <sprite n="warrior_walk/042_warrior_walk.bmp" x="477" y="586" w="24" h="59" pX="0.458333" pY="0.881356"/>
        <sprite n="warrior_walk/043_warrior_walk.bmp" x="503" y="586" w="25" h="57" pX="0.48" pY="0.912281"/>
        <sprite n="warrior_walk/044_warrior_walk.bmp" x="530" y="586" w="25" h="57" pX="0.48" pY="0.894737"/>
        <sprite n="warrior_walk/045_warrior_walk.bmp" x="557" y="586" w="25" h="58" pX="0.48" pY="0.862069"/>
        <sprite n="warrior_walk/046_warrior_walk.bmp" x="584" y="586" w="26" h="60" pX="0.5" pY="0.866667"/>
        <sprite n="warrior_walk/047_warrior_walk.bmp" x="612" y="586" w="24" h="59" pX="0.5" pY="0.881356"/>
        <sprite n="warrior_walk/048_warrior_walk.bmp" x="638" y="586" w="24" h="57" pX="0.5" pY="0.912281"/>
        <sprite n="warrior_walk/049_warrior_walk.bmp" x="664" y="586" w="24" h="57" pX="0.5" pY="0.894737"/>
      </direction>
    </action>
  </unit>
</TextureAtlas>