<data civilization ="Teutons">
  <units>
   <id xml = "militia.xml"/>
   <id xml = "archer.xml"/>
   <id xml = "two_handed_swordman.xml"/>
   <id xml = "man_at_arms.xml"/>
   <id xml = "arbalest.xml"/>
   <id xml = "long_swordman.xml"/>
   <id xml= "champion.xml"/>
   <id xml = "cavalier.xml"/>
   <id xml = "cavalry_archer.xml"/>
   <id xml = "elite_skirmisher.xml"/>
   <id xml = "heavy_cavalry_archer.xml"/>
   <id xml = "knight.xml"/>
   <id xml = "monk.xml"/>
   <id xml = "paladin.xml"/>
   <id xml = "pikeman.xml"/>
   <id xml = "spearman.xml"/>
   <id xml = "villager.xml"/>
   <id xml = "warrior_chmp.xml"/>
   <id xml = "wizard_chmp.xml"/>
   <id xml = "crossbowman.xml"/>
   <id xml = "hunter_chmp.xml"/>
   <id xml = "skirmisher.xml"/>
   <id xml = "god_unit.xml"/>
  </units>
  <buildings>
    <id xml = "feudal_buildings.xml"/>
    <id xml ="castle_buildings.xml"/>
    <id xml ="imperial_buildings.xml"/>
    <id xml = "rubble.xml"/>
  </buildings>
  <resources>
   <id xml ="resources.xml"/>
  </resources>
</data>