<?xml version="1.0" encoding="utf-8"?>
<!--Recipe that Stores Data for HUD Action Panels-->
<!--Format:
cp => cell position
cl => cell available at level cl
al => cell available at age "al"
x  => cell icon x pos in texture
y  => cell icon y pos in texture
w  => cell icon width
h  => cell icon height
ci => cell information (string shown as help in game)
ut => unit type (int from enum BaseEntities.h)
bt => building type (int from enum BaseEntities.h)
rt => research type (int from enum at Actions_Building.h)
// Buildings Only .....................
wc => wood cost to activate cell
fc => food cost to activate cell
gc => gold cost to activate cell
sc => stone cost to activate cell
pc => population cost to activate cell
// ....................................

-->
<HudActionPanelData>
  <Buildings>
    <TownCenter>
      <cell cp ="0" cl ="0" al ="1" x="576" y="585" w="36" h="36" wc ="0" fc ="60" gc ="20" sc ="0" pc ="1" ut ="13" ci ="Create Villager"/>
      <cell cp ="1" cl ="0" al ="1" x="288" y="585" w="36" h="36" wc ="0" fc ="50" gc ="60" sc ="0" pc ="1" ut ="18" ci ="Create Warrior Champion"/>
      <cell cp ="2" cl ="0" al ="1" x="108" y="621" w="36" h="36" wc ="0" fc ="50" gc ="60" sc ="0" pc ="1" ut ="20" ci ="Create Wizard Champion"/>
      <cell cp ="3" cl ="0" al ="1" x="432" y="585" w="36" h="36" wc ="0" fc ="50" gc ="60" sc ="0" pc ="1" ut ="19" ci ="Create Archer Champion"/>
      <cell cp ="5" cl ="0" al ="1" x="540" y="477" w="36" h="36" wc ="0" fc ="0" gc ="50" sc ="0" pc ="0" rt ="34" ci ="Research Loom (+15 villager hitpoints, +1/+2P armor)"/>
      <cell cp ="6" cl ="0" al ="2" x="0" y="513" w="36" h="36" wc ="50" fc ="175" gc ="0" sc ="0" pc ="0" rt ="37" ci ="Research Wheelbarrow (+10% villager speed; +25% capacity)"/>
      <cell cp ="6" cl ="1" al ="3" x="468" y="477" w="36" h="36" wc ="200" fc ="300" gc ="0" sc ="0" pc ="0" rt ="38" ci ="Research Hand Cart (+10% villager speed; +50% capacity)"/>
      <cell cp ="7" cl ="0" al ="2" x="612" y="477" w="36" h="36" wc ="0" fc ="75" gc ="0" sc ="0" pc ="0" rt ="36" ci ="Research Town Watch (+4 Building LOS)"/>
      <cell cp ="7" cl ="1" al ="3" x="576" y="477" w="36" h="36" wc ="0" fc ="300" gc ="100" sc ="0" pc ="0" rt ="35" ci ="Research Town Patrol (+4 Building LOS)"/>
      <cell cp ="10" cl ="0" al ="2" x="396" y="477" w="36" h="36" wc ="0" fc ="800" gc ="200" sc ="0" pc ="0" rt ="32" ci ="Advance to Castle Age"/>
      <cell cp ="10" cl ="1" al ="3" x="504" y="477" w="36" h="36" wc ="0" fc ="1000" gc ="800" sc ="0" pc ="0" rt="33" ci ="Advance to Imperial Age"/>
    </TownCenter>
    <Lumber_Camp>
      <cell cp ="0" cl ="0" al ="2" x="396" y="405" w="36" h="36" wc ="50" fc ="100" gc ="0" sc ="0" pc ="0" rt ="42" ci ="Research Double-Bit Axe (Choop Speed +20%)"/>
      <cell cp ="0" cl ="1" al ="3" x="360" y="405" w="36" h="36" wc ="100" fc ="150" gc ="0" sc ="0" pc ="0" rt ="43" ci ="Research Bow Saw (Choop Speed +20%)"/>
      <cell cp ="0" cl ="2" al ="4" x="432" y="405" w="36" h="36" wc ="200" fc ="300" gc ="0" sc ="0" pc ="0" rt ="44" ci ="Research Two-Man Saw (Choop Speed +10%)"/>
    </Lumber_Camp>
    <Mining_Camp>
      <cell cp ="3" cl ="0" al ="2" x="612" y="405" w="36" h="36" wc ="75" fc ="100" gc ="0" sc ="0" pc ="0" rt ="45" ci ="Research Gold Mining (Gather Gold +15% Faster)"/>
      <cell cp ="3" cl ="1" al ="3" x="0"   y="441" w="36" h="36" wc ="150" fc ="200" gc ="0" sc ="0" pc ="0" rt ="46" ci ="Research Gold Shaft Mining (Gather Gold +15% Faster)"/>
      <cell cp ="4" cl ="0" al ="2" x="36"  y="441" w="36" h="36" wc ="75" fc ="100" gc ="0" sc ="0" pc ="0" rt ="47" ci ="Research Stone Mining (Gather Stone +15% Faster)"/>
      <cell cp ="4" cl ="1" al ="3" x="72"  y="441" w="36" h="36" wc ="150" fc ="200" gc ="0" sc ="0" pc ="0" rt ="48" ci ="Research Stone Shaft Mining (Gather Stone +15% Faster)"/>
    </Mining_Camp>
    <Barrack>
      <cell cp ="0" cl ="0" al ="1" x="504" y="585" w="36" h="36" wc ="0" fc ="60" gc ="20" sc ="0" pc ="1" ut ="1"  rt="6" ci ="Create Militia"/>
      <cell cp ="0" cl ="1" al ="2" x="180" y="585" w="36" h="36" wc ="0" fc ="60" gc ="20" sc ="0" pc ="1" ut ="15" rt="7" ci ="Create Man-at-Arms"/>
      <cell cp ="0" cl ="2" al ="3" x="144" y="585" w="36" h="36" wc ="0" fc ="60" gc ="20" sc ="0" pc ="1" ut ="16" rt="8" ci ="Create Long Swordsman"/>
      <cell cp ="0" cl ="3" al ="4" x="540" y="621" w="36" h="36" wc ="0" fc ="60" gc ="20" sc ="0" pc ="1" ut ="14" rt="9" ci ="Create Two-Handed Swordsman"/>
      <cell cp ="0" cl ="4" al ="4" x="252" y="549" w="36" h="36" wc ="0" fc ="60" gc ="20" sc ="0" pc ="1" ut ="17" ci ="Create Champion"/>
      <cell cp ="1" cl ="0" al ="2" x="396" y="621" w="36" h="36" wc ="25" fc ="35" gc ="0" sc ="0" pc ="1" ut ="12" rt="10" ci ="Create Spearman"/>
      <cell cp ="1" cl ="1" al ="3" x="72" y="621" w="36" h="36" wc ="25" fc ="35" gc ="0" sc ="0" pc ="1" ut ="11" ci ="Create Pikeman"/>
      <cell cp ="6" cl ="0" al ="3" x="36" y="369" w="36" h="36" wc ="0" fc ="210" gc ="90" sc ="0" pc ="0" rt="10" ci ="Upgrade To Pikeman"/>
      <cell cp ="5" cl ="0" al ="2" x="604" y="333" w="36" h="36" wc ="0" fc ="100" gc ="45" sc ="0" pc ="0" rt="6" ci ="Upgrade To Man-at-Arms"/>
      <cell cp ="5" cl ="1" al ="3" x="568" y="333" w="36" h="36" wc ="0" fc ="200" gc ="65" sc ="0" pc ="0" rt="7" ci ="Upgrade To Long Swordsman"/>
      <cell cp ="5" cl ="2" al ="4" x="468" y="405" w="36" h="36" wc ="0" fc ="300" gc ="100" sc ="0" pc ="0" rt="8" ci ="Upgrade To Two-Handed Swordsman"/>
      <cell cp ="5" cl ="3" al ="4" x="144" y="369" w="36" h="36" wc ="0" fc ="750" gc ="350" sc ="0" pc ="0" rt="9" ci ="Upgrade To Champion"/>
    </Barrack>
    <BlackSmith>
      <cell cp ="0" cl ="0" al ="2" x="504" y="369" w="36" h="36" wc ="0" fc ="100" gc ="0"   sc ="0" pc ="0" rt ="11" ci ="Research Padded Archer Armor (Archers +1/+1P armor)"/>
      <cell cp ="0" cl ="1" al ="3" x="468" y="369" w="36" h="36" wc ="0" fc ="150" gc ="150" sc ="0" pc ="0" rt ="12" ci ="Research Leather Archer Armor (Archers +1/+1P armor)"/>
      <cell cp ="0" cl ="2" al ="4" x="612" y="369" w="36" h="36" wc ="0" fc ="250" gc ="250" sc ="0" pc ="0" rt ="13" ci ="Research Ring Archer Armor (Archers +1/+2P armor)"/>
      <cell cp ="1" cl ="0" al ="2" x="360" y="369" w="36" h="36" wc ="0" fc ="100" gc ="50"  sc ="0" pc ="0" rt ="14" ci ="Research Fletching (Archers, Tower and Castle +1 Attack, +1 Range, Town Center +1 Attack)"/>
      <cell cp ="1" cl ="1" al ="3" x="216" y="369" w="36" h="36" wc ="0" fc ="200" gc ="100" sc ="0" pc ="0" rt ="15" ci ="Research Bodkin Arrow (Archers, Tower and Castle +1 Attack, +1 Range, Town Center +1 Attack)"/>
      <cell cp ="1" cl ="2" al ="4" x="252" y="369" w="36" h="36" wc ="0" fc ="300" gc ="200" sc ="0" pc ="0" rt ="16" ci ="Research Bracer (Archers, Tower and Castle +1 Attack, +1 Range, Town Center +1 Attack)"/>
      <cell cp ="2" cl ="0" al ="2" x="396" y="369" w="36" h="36" wc ="0" fc ="150" gc ="0"   sc ="0" pc ="0" rt ="17" ci ="Research Forging (Infantry, Cavalry +1 Attack)"/>
      <cell cp ="2" cl ="1" al ="3" x="432" y="369" w="36" h="36" wc ="0" fc ="220" gc ="120" sc ="0" pc ="0" rt ="18" ci ="Research Iron Casting (Infantry, Cavalry +1 Attack)"/>
      <cell cp ="2" cl ="2" al ="4" x="180" y="369" w="36" h="36" wc ="0" fc ="275" gc ="225" sc ="0" pc ="0" rt ="19" ci ="Research Blast Furnace (Infantry, Cavalry +2 Attack)"/>
      
      <cell cp ="5" cl ="0" al ="2" x="0"   y="405" w="36" h="36" wc ="0" fc ="150" gc ="0"   sc ="0" pc ="0" rt ="20" ci ="Research Scale Barding Armor (Cavalry +1/+1P Armor)"/>
      <cell cp ="5" cl ="1" al ="3" x="288" y="369" w="36" h="36" wc ="0" fc ="250" gc ="150" sc ="0" pc ="0" rt ="21" ci ="Research Chain Barding Armor (Cavalry +1/+1P Armor)"/>
      <cell cp ="5" cl ="2" al ="4" x="540" y="369" w="36" h="36" wc ="0" fc ="350" gc ="200" sc ="0" pc ="0" rt ="22" ci ="Research Plate Barding Armor (Cavalry +1/+2P Armor)"/>
      
      <cell cp ="6" cl ="0" al ="2" x="36"  y="405" w="36" h="36" wc ="0" fc ="100" gc ="0"   sc ="0" pc ="0" rt ="23" ci ="Research Scale Mail Armor (Infantry +1/+1P Armor)"/>
      <cell cp ="6" cl ="1" al ="3" x="324" y="369" w="36" h="36" wc ="0" fc ="200" gc ="100" sc ="0" pc ="0" rt ="24" ci ="Research Chain Mail Armor (Infantry +1/+1P Armor)"/>
      <cell cp ="6" cl ="2" al ="4" x="576" y="369" w="36" h="36" wc ="0" fc ="300" gc ="150" sc ="0" pc ="0" rt ="25" ci ="Research Plate Mail Armor (Infantry +1/+2P Armor)"/>
    </BlackSmith>
    <Archery_Range>
      <cell cp ="0" cl ="0" al ="2" x="0"   y="549" w="36" h="36" wc ="25" fc ="0"  gc ="45" sc ="0" pc ="1" ut ="3" rt ="1" ci ="Create Archer"/>
      <cell cp ="0" cl ="1" al ="3" x="324" y="549" w="36" h="36" wc ="25" fc ="0"  gc ="45" sc ="0" pc ="1" ut ="21" rt ="2" ci ="Create Crossbowman"/>
      <cell cp ="0" cl ="2" al ="4" x="609" y="513" w="36" h="36" wc ="25" fc ="0"  gc ="45" sc ="0" pc ="1" ut ="2" ci ="Create Arbalest"/>
      <cell cp ="1" cl ="0" al ="2" x="360" y="621" w="36" h="36" wc ="35" fc ="25" gc ="0"  sc ="0" pc ="1" ut ="22" rt ="3" ci ="Create Skirmisher"/>
      <cell cp ="1" cl ="1" al ="3" x="432" y="549" w="36" h="36" wc ="35" fc ="25" gc ="0"  sc ="0" pc ="1" ut ="6" ci ="Create Elite Skirmisher"/>
      <cell cp ="2" cl ="0" al ="3" x="216" y="549" w="36" h="36" wc ="40" fc ="0"  gc ="60" sc ="0" pc ="1" ut ="5" rt ="4" ci ="Create Cavalry Archer"/>
      <cell cp ="2" cl ="1" al ="4" x="540" y="549" w="36" h="36" wc ="40" fc ="0"  gc ="60" sc ="0" pc ="1" ut ="7" ci ="Create Elite Cavalry Archer"/>
      <cell cp ="5" cl ="0" al ="3" x="352" y="333" w="36" h="36" wc ="0" fc ="125"  gc ="75" sc ="0" pc ="0" rt ="1" ci ="Upgrade To Crossbowman"/>
      <cell cp ="5" cl ="1" al ="4" x="424" y="333" w="36" h="36" wc ="0" fc ="350"  gc ="300" sc ="0" pc ="0" rt ="2" ci ="Upgrade To Arbalest"/>
      <cell cp ="6" cl ="0" al ="3" x="496" y="333" w="36" h="36" wc ="200" fc ="0"  gc ="100" sc ="0" pc ="0" rt ="3" ci ="Upgrade To Elite Skirmisher"/>
      <cell cp ="7" cl ="0" al ="4" x="388" y="333" w="36" h="36" wc ="0" fc ="900"  gc ="500" sc ="0" pc ="0" rt ="4" ci ="Upgrade To Elite Cavalry Archer"/>
      <cell cp ="10" cl ="0" al ="3" x="532" y="333" w="36" h="36" wc ="250" fc ="300" gc ="0" sc ="0" pc ="0" rt ="5" ci ="Research Thumb Ring (Incress Attack Rate, Accuracy 100% inmovile targets)"/>
    </Archery_Range>
    <Stable>
      <!--<cell cp ="0" cl ="0" al ="2" x="216" y="621" w="36" h="36" wc ="0" fc ="80"  gc ="0" sc ="0" pc ="1" ut ="8"  ci ="Create Scout Cavalry"/>
      <cell cp ="0" cl ="1" al ="3" x="72"  y="585" w="36" h="36" wc ="0" fc ="80"  gc ="0" sc ="0" pc ="1" ut ="8" ci ="Create Light Cavalry"/>-->
      <cell cp ="1" cl ="0" al ="3" x="36"  y="585" w="36" h="36" wc ="0" fc ="60"  gc ="75" sc ="0" pc ="1" ut ="8" rt ="27" ci ="Create Knight"/>
      <cell cp ="1" cl ="1" al ="4" x="180" y="549" w="36" h="36" wc ="0" fc ="60"  gc ="75"  sc ="0" pc ="1" ut ="4" rt ="28" ci ="Create Cavalier"/>
      <cell cp ="1" cl ="2" al ="4" x="0"   y="621" w="36" h="36" wc ="0" fc ="60"  gc ="75"  sc ="0" pc ="1" ut ="10" ci ="Create Paladin"/>
     <!-- <cell cp ="5" cl ="0" al ="4" x="144" y="477" w="36" h="36" wc ="0" fc ="125"  gc ="75" sc ="0" pc ="0" rt ="30" ci ="Upgrade To Light Cavalry"/>-->
      <cell cp ="6" cl ="0" al ="4" x="108" y="477" w="36" h="36" wc ="0" fc ="350"  gc ="300" sc ="0" pc ="0" rt ="27" ci ="Upgrade To Cavalier"/>
      <cell cp ="6" cl ="1" al ="4" x="36"  y="477" w="36" h="36" wc ="0" fc ="1300"  gc ="750" sc ="0" pc ="0" rt ="28" ci ="Upgrade To Paladin"/>
      <cell cp ="5" cl ="0" al ="3" x="0"   y="477" w="36" h="36" wc ="0" fc ="150" gc ="100" sc ="0" pc ="0" rt ="26" ci ="Research Bloodlines (Cavalry +20 Healthpoints)"/>
      <cell cp ="10" cl ="0" al ="3" x="72" y="477" w="36" h="36" wc ="0" fc ="150" gc ="0" sc ="0" pc ="0" rt ="29" ci ="Research Husbandry (Cavalry +10% Speed)"/>
    </Stable>
    <Monastery>
      <cell cp ="0" cl ="0" al ="3" x="540" y="585" w="36" h="36" wc ="25" fc ="0"  gc ="45" sc ="0" pc ="1" ut ="9" ci ="Create Monk"/>
    </Monastery>
    <University>
      
    </University>
    <Castle>
      
    </Castle>
  </Buildings>
  <Units>
    <Villager>
      <cell cp ="0" cl ="0" al ="1" x="76" y="153" w="36" h="36"   ci ="Buildings"/>
      <cell cp ="1" cl ="0" al ="1" x="593" y="36" w="36" h="36"   ci ="Militari Building"/>
      <cell cp ="3" cl ="0" al ="1" x="0" y="76" w="36" h="36"     ci ="Kill Unit"/>
      <cell cp ="0" cl ="1" al ="1" x="348" y="0" w="36" h="36" wc ="25" fc ="0" gc ="0" sc ="0" pc ="-5" bt="6" ci ="Bulid House: Increase +5 population"/>
      <cell cp ="2" cl ="1" al ="1" x="492" y="0" w="36" h="36" wc ="100" fc ="0" gc ="0" sc ="0" pc ="0" bt="10" ci ="Bulid Mining Camp: Improve mining skills"/>
      <cell cp ="3" cl ="1" al ="1" x="384" y="0" w="36" h="36" wc ="100" fc ="0" gc ="0" sc ="0" pc ="0" bt="9" ci ="Bulid Lumber Camp: Improve chopping skills"/>
      <cell cp ="6" cl ="1" al ="1" x="168" y="0" w="36" h="36" wc ="150" fc ="0" gc ="0" sc ="0" pc ="0" bt="4" ci ="Bulid Blacksmith: Improve troops stats"/>  
      <cell cp ="10" cl ="1" al ="2" x="108" y="36" w="36" h="36" wc ="275" fc ="0" gc ="0" sc ="100" pc ="-15" bt="1" ci ="Bulid Town Center"/>
      <cell cp ="0" cl ="1" al ="3" x="348" y="0" w="36" h="36" wc ="25" fc ="0" gc ="0" sc ="0" pc ="-5" bt="16" ci ="Bulid House: Increase +5 population"/>
      <cell cp ="6" cl ="1" al ="3" x="168" y="0" w="36" h="36" wc ="150" fc ="0" gc ="0" sc ="0" pc ="0" bt="14" ci ="Bulid Blacksmith: Improve troops stats"/>
      <cell cp ="8" cl ="1" al ="3" x="528" y="0" w="36" h="36" wc ="175" fc ="0" gc ="0" sc ="0" pc ="0" bt="19" ci ="Bulid Monastery"/>
      <cell cp ="9" cl ="1" al ="3" x="144" y="36" w="36" h="36" wc ="200" fc ="0" gc ="0" sc ="0" pc ="0" bt="20" ci ="Bulid University"/>
      <cell cp ="10" cl ="1" al ="3" x="108" y="36" w="36" h="36" wc ="275" fc ="0" gc ="0" sc ="100" pc ="-15" bt="11" ci ="Bulid Town Center"/>
      <cell cp ="9" cl ="1" al ="4" x="144" y="36" w="36" h="36" wc ="200" fc ="0" gc ="0" sc ="0" pc ="0" bt="21" ci ="Bulid University"/>

      <cell cp ="13" cl ="1" al ="1" x="332" y="36" w="36" h="36"  ci ="Build Military"/>
      <cell cp ="14" cl ="1" al ="1" x="477" y="36" w="36" h="36"  ci ="Menu"/>
      <cell cp ="0" cl ="2" al ="1" x="132" y="0" w="36" h="36" wc ="175" fc ="0" gc ="0" sc ="0" pc ="0" bt="2" ci ="Bulid Barrack: Generate melee units"/>
      <cell cp ="1" cl ="2" al ="2" x="96"  y="0" w="36" h="36" wc ="175" fc ="0" gc ="0" sc ="0" pc ="0" bt="3" ci ="Bulid Archery Range: Generate distance units"/>
      <cell cp ="2" cl ="2" al ="2" x="36" y="36" w="36" h="36" wc ="175" fc ="0" gc ="0" sc ="0" pc ="0" bt="5" ci ="Bulid Stable: Generate cavalry units"/>

      <cell cp ="0" cl ="2" al ="3" x="132" y="0" w="36" h="36" wc ="175" fc ="0" gc ="0" sc ="0" pc ="0" bt="12" ci ="Bulid Barrack: Generate melee units"/>
      <cell cp ="1" cl ="2" al ="3" x="96"  y="0" w="36" h="36" wc ="175" fc ="0" gc ="0" sc ="0" pc ="0" bt="13" ci ="Bulid Archery Range: Generate distance units"/>
      <cell cp ="2" cl ="2" al ="3" x="36" y="36" w="36" h="36" wc ="175" fc ="0" gc ="0" sc ="0" pc ="0" bt="15" ci ="Bulid Stable: Generate cavalry units"/>

  <!--    <cell cp ="3" cl ="2" al ="3" x="240" y="0" w="36" h="36" wc ="0" fc ="0" gc ="0" sc ="650" pc ="0" bt="22" ci ="Bulid Castle"/> -->

      <cell cp ="13" cl ="2" al ="1" x="332" y="36" w="36" h="36"  ci ="Buildings"/>
      <cell cp ="14" cl ="2" al ="1" x="477" y="36" w="36" h="36"  ci ="Menu"/>
    </Villager>
    <Unit>
      <cell cp ="3" cl ="0" al ="1" x="0" y="76" w="36" h="36" ci ="Kill Unit"/>
    </Unit>
    <Champion>
      <cell cp ="0" cl ="1" al ="1" x="651" y="38" w="36" h="36"   ci ="Shields up [Passive Hability]: Increase maximum defense for 20%"/>
      <cell cp ="0" cl ="2" al ="1" x="651" y="0" w="36" h="36"    ci ="Berseker [Passive Hability]: Increase maximum attack for 20%"/>
      <cell cp ="1" cl ="1" al ="1" x="651" y="114" w="36" h="36"  ci ="Stun [Point and Click]: Stun enemy units inside the area for 2s"/>
      <cell cp ="1" cl ="2" al ="1" x="651" y="76" w="36" h="36"   ci ="Slash [Point and Click]: Hits enemy units inside the area for 20 dmg"/>
      <cell cp ="2" cl ="1" al ="1" x="651" y="190" w="36" h="36"  ci ="Agro [Instant cast]: Tank all ally units damage for 12s (60s cd)"/>
      <cell cp ="2" cl ="2" al ="1" x="651" y="152" w="36" h="36"  ci ="OneHit [Instant cast]: Empowers the warrior during 12s, killing units in one hit increasing her damage to buildings (60s cd)"/>
      <cell cp ="3" cl ="0" al ="1" x="651" y="750" w="36" h="36"  ci ="Open Warrior Skill Tree"/>
      <cell cp ="4" cl ="0" al ="1" x="651" y="227" w="36" h="36"     ci ="Select Warrior"/>
      <cell cp ="5" cl ="1" al ="1" x="689" y="454" w="36" h="36"  ci ="Far vision [Passive Hability]: Increase x2 allies vision range"/>
      <cell cp ="5" cl ="2" al ="1" x="689" y="491" w="36" h="36"  ci ="Health bust [Passive Hability]: Increase maximum life for 20%"/>
      <cell cp ="6" cl ="1" al ="1" x="689" y="565" w="36" h="36"  ci ="Heal [Point and Click]: Heal ally units inside the area for 20hp"/>
      <cell cp ="6" cl ="2" al ="1" x="689" y="528" w="36" h="36"  ci ="Teleport [Point and Click]: Teleport ally units inside the area"/>
      <cell cp ="7" cl ="1" al ="1" x="689" y="639" w="36" h="36"  ci ="Revive [Point and Click]: Revive ally units when they are dead"/>
      <cell cp ="7" cl ="2" al ="1" x="689" y="602" w="36" h="36"  ci ="Thunder [Point and Click]: Hit for 40 dmg to enemy units inside area"/>
      <cell cp ="8" cl ="0" al ="1" x="651" y="713" w="36" h="36"  ci ="Open Mage Skill Tree"/>
      <cell cp ="9" cl ="0" al ="1" x="689" y="676" w="36" h="36"     ci ="Select Mage"/>
      <cell cp ="10" cl ="1" al ="1" x="651" y="454" w="36" h="36" ci ="Tight rope [Passive Hability]: Increase maximum attack range for 20%"/>
      <cell cp ="10" cl ="2" al ="1" x="651" y="491" w="36" h="36" ci ="Quick quaver [Passive Hability]: Increase maximum attack speed for 20%"/>
      <cell cp ="11" cl ="1" al ="1" x="651" y="528" w="36" h="36" ci ="Multi-shoot [Point and Click]: Hits for 10 dmg enemy units inside area"/>
      <cell cp ="11" cl ="2" al ="1" x="651" y="565" w="36" h="36" ci ="Smoke-shoot [Point and Click]: Hits for 20 dmg enemy units inside area"/>
      <cell cp ="12" cl ="1" al ="1" x="651" y="602" w="36" h="36" ci ="Dragon [Point and Click]: Slow for 50% and Hits for 30 dmg"/>
      <cell cp ="12" cl ="2" al ="1" x="651" y="639" w="36" h="36" ci ="Laser [Point and Click]: Hits 70 dmg in straight line"/>
      <cell cp ="13" cl ="0" al ="1" x="689" y="713" w="36" h="36" ci ="Open Archer Skill Tree"/>
      <cell cp ="14" cl ="0" al ="1" x="651" y="676" w="36" h="36"    ci ="Select Archer"/>
    </Champion>
  </Units>
</HudActionPanelData>