<?xml version="1.0" encoding="UTF-8"?>
<!-- Created with TexturePacker http://www.codeandweb.com/texturepacker-->
<!-- $TexturePacker:SmartUpdate:166a36e24180337169aa8c83a3bb5287:74a04d4c21a97d8082af03a183f0bf65:ea757f83f784623c2619da57817ef975$ -->
<!--Format:
n  => name of the sprite
x  => sprite x pos in texture
y  => sprite y pos in texture
w  => sprite width (may be trimmed)
h  => sprite height (may be trimmed)
pX => x pos of the pivot point (relative to sprite width)
pY => y pos of the pivot point (relative to sprite height)
oX => sprite's x-corner offset (only available if trimmed)
oY => sprite's y-corner offset (only available if trimmed)
oW => sprite's original width (only available if trimmed)
oH => sprite's original height (only available if trimmed)
r => 'y' only set if sprite is rotated
with polygon mode enabled:
vertices   => points in sprite coordinate system (x0,y0,x1,y1,x2,y2, ...)
verticesUV => points in sheet coordinate system (x0,y0,x1,y1,x2,y2, ...)
triangles  => sprite triangulation, 3 vertex indices per triangle
-->
<TextureAtlas imagePath="IU_Champions.png" width="410" height="345">
    <sprite n="IU_Campions/IU_Dialeg.png" x="325" y="45" w="54" h="29" pX="0" pY="0"/>
<sprite n="IU_Campions/IU_Window.png" x="0" y="0" w="243" h="345" pX="0" pY="0"/>

 <sprite n="IU_Campions/IU_IconWarrior.png" x="243" y="308" w="36" h="36" pX="0" pY="0"/>
 <sprite n="IU_Campions/IU_ButtonUp.png" x="244" y="62" w="16" h="15" pX="0" pY="0"/>
 <sprite n="IU_Campions/IU_ButtonDown.png" x="265" y="62" w="16" h="15" pX="0" pY="0"/>

 <sprite n="IU_Campions/IU_TitleWarrior.png" x="243" y="45" w="78" h="15" pX="0" pY="0"/>
 <sprite n="IU_Campions/IU_Experience0.png" x="243" y="2" w="167" h="5" pX="0" pY="0"/>
<sprite n="IU_Campions/IU_Experience1.png" x="243" y="9" w="167" h="5" pX="0" pY="0"/>
<sprite n="IU_Campions/IU_Experience2.png" x="243" y="16" w="167" h="5" pX="0" pY="0"/>
<sprite n="IU_Campions/IU_Experience3.png" x="243" y="23" w="167" h="5" pX="0" pY="0"/>
<sprite n="IU_Campions/IU_Experience4.png" x="243" y="30" w="167" h="5" pX="0" pY="0"/>
<sprite n="IU_Campions/IU_Experience5.png" x="243" y="37" w="167" h="5" pX="0" pY="0"/> 
<sprite n="IU_Campions/IU_Ability1.png" x="243" y="80" w="36" h="36" pX="0" pY="0"/>
 <sprite n="IU_Campions/IU_Ability2.png" x="243" y="118" w="36" h="36" pX="0" pY="0"/>
 <sprite n="IU_Campions/IU_Ability3.png"  x="243" y="156" w="36" h="36" pX="0" pY="0"/>
 <sprite n="IU_Campions/IU_Ability4.png" x="243" y="194" w="36" h="36" pX="0" pY="0"/>
 <sprite n="IU_Campions/IU_Ability5.png"  x="243" y="232" w="36" h="36" pX="0" pY="0"/>
 <sprite n="IU_Campions/IU_Ability6.png"  x="243" y="270" w="36" h="36" pX="0" pY="0"/>

</TextureAtlas>
