<?xml version="1.0" encoding="UTF-8"?>
<!-- Created with TexturePacker http://www.codeandweb.com/texturepacker-->
<!-- $TexturePacker:SmartUpdate:bc901ef05cb5a29dc6970306313b7234:2410592bc88db2c99f89166283dccdd8:e0483b5b012fa65df150c42559fae1fd$ -->
<!--Format:
n  => name of the sprite
x  => sprite x pos in texture
y  => sprite y pos in texture
w  => sprite width (may be trimmed)
h  => sprite height (may be trimmed)
pX => x pos of the pivot point (relative to sprite width)
pY => y pos of the pivot point (relative to sprite height)
oX => sprite's x-corner offset (only available if trimmed)
oY => sprite's y-corner offset (only available if trimmed)
oW => sprite's original width (only available if trimmed)
oH => sprite's original height (only available if trimmed)
r => 'y' only set if sprite is rotated
with polygon mode enabled:
vertices   => points in sprite coordinate system (x0,y0,x1,y1,x2,y2, ...)
verticesUV => points in sheet coordinate system (x0,y0,x1,y1,x2,y2, ...)
triangles  => sprite triangulation, 3 vertex indices per triangle

history/up oX="10" oY="8" oW="160" oH="147"
-->
<TextureAtlas imagePath="Main_Menu.png" width="1042" height="1042">
 <exit>
    <sprite n="down" x="0" y="0" w="230" h="137" pX="0" pY="0.313869"/>
    <sprite n="hover-down" x="230" y="0" w="230" h="137" pX="0" pY="0.313869"/>
    <sprite n="hover-up" x="460" y="0" w="230" h="137" pX="0" pY="0.313869"/>
    <sprite n="up" x="690" y="0" w="230" h="137" pX="0" pY="0.313869"/>
 </exit>
 <history>
   <sprite n="down" x="0" y="137" w="160" h="147" pX="0.05" pY="0.0680272"/>
   <sprite n="hover-down" x="160" y="137" w="160" h="147" pX="0.05" pY="0.0680272"/>
   <sprite n="hover-up" x="320" y="137" w="160" h="147" pX="0.05" pY="0.0680272"/>
   <sprite n="up" x="480" y="137" w="139" h="131" pX="-0.015" pY="0.015" oX="10" oY="8" oW="160" oH="147"/>
 </history>
 <mapeditor>	
    <sprite n="down" x="619" y="137" w="123" h="97" pX="0.0243902" pY="0.0412371"/>
    <sprite n="hover-down" x="742" y="137" w="123" h="97" pX="0.0243902" pY="0.0309278"/>
    <sprite n="hover-up" x="865" y="137" w="123" h="97" pX="0.0243902" pY="0.0412371"/>
    <sprite n="up" x="0" y="284" w="123" h="97" pX="0.0243902" pY="0.0412371"/>
 </mapeditor>
 <multiplayer>
    <sprite n="down" x="123" y="284" w="161" h="188" pX="0.00621118" pY="0.0425532"/>
    <sprite n="hover-down" x="284" y="284" w="161" h="188" pX="0.00621118" pY="0.0425532"/>
    <sprite n="hover-up" x="445" y="284" w="161" h="188" pX="0.00621118" pY="0.0425532"/>
    <sprite n="up" x="606" y="284" w="161" h="188" pX="0.00621118" pY="0.0425532"/>
 </multiplayer>
 <options>
    <sprite n="down" x="767" y="284" w="137" h="139" pX="0.0145985" pY="0.028777"/>
    <sprite n="hover-down" x="904" y="284" w="137" h="139" pX="0.0145985" pY="0.028777"/>
    <sprite n="hover-up" x="0" y="472" w="137" h="139" pX="0.0145985" pY="0.028777"/>
    <sprite n="up" x="137" y="472" w="137" h="139" pX="0.0145985" pY="0.028777"/>
 </options>
  <singleplayer>
    <sprite n="down" x="274" y="472" w="192" h="258" pX="0.0260417" pY="0.0193798"/>
    <sprite n="hover-down" x="466" y="472" w="192" h="258" pX="0.0260417" pY="0.0193798"/>
    <sprite n="hover-up" x="658" y="472" w="192" h="258" pX="0.0260417" pY="0.0193798"/>
    <sprite n="up" x="850" y="472" w="192" h="258" pX="0.0260417" pY="0.0193798"/>
  </singleplayer>
 <tutorial>
    <sprite n="down" x="0" y="730" w="218" h="254" pX="0.0366973" pY="0.019685"/>
    <sprite n="hover-down" x="218" y="730" w="218" h="254" pX="0.0366973" pY="0.019685"/>
    <sprite n="hover-up" x="436" y="730" w="218" h="254" pX="0.0366973" pY="0.019685"/>
    <sprite n="up" x="654" y="730" w="218" h="254" pX="0.0366973" pY="0.019685"/>
 </tutorial>
</TextureAtlas>
