<?xml version="1.0" encoding="UTF-8"?>
<!-- Created with TexturePacker http://www.codeandweb.com/texturepacker-->
<!-- $TexturePacker:SmartUpdate:07a52462d47c0c3889f3d31ba47acf2d:4ad74688b87f5e4c5aecbed26ced5294:99eeb0969c56ff2f13e2ba415c9c95fa$ -->
<!--Format:
n  => name of the sprite
x  => sprite x pos in texture
y  => sprite y pos in texture
w  => sprite width (may be trimmed)
h  => sprite height (may be trimmed)
pX => x pos of the pivot point (relative to sprite width)
pY => y pos of the pivot point (relative to sprite height)
oX => sprite's x-corner offset (only available if trimmed)
oY => sprite's y-corner offset (only available if trimmed)
oW => sprite's original width (only available if trimmed)
oH => sprite's original height (only available if trimmed)
r => 'y' only set if sprite is rotated
with polygon mode enabled:
vertices   => points in sprite coordinate system (x0,y0,x1,y1,x2,y2, ...)
verticesUV => points in sheet coordinate system (x0,y0,x1,y1,x2,y2, ...)
triangles  => sprite triangulation, 3 vertex indices per triangle
-->
<TextureAtlas imagePath="Standard_Match.png" width="1366" height="811">
    <sprite n="arrow_down" x="66" y="0" w="39" h="39" pX="0" pY="0"/>
    <sprite n="arrow_up" x="105" y="0" w="39" h="39" pX="0" pY="0"/>
    <sprite n="background" x="0" y="43" w="1366" h="768" pX="0" pY="0"/>
    <sprite n="circle_down" x="144" y="0" w="39" h="39" pX="0" pY="0"/>
    <sprite n="circle_up" x="183" y="0" w="39" h="39" pX="0" pY="0"/>
    <sprite n="tech_tree" x="0" y="0" w="30" h="27" pX="0" pY="0"/>
    <sprite n="tech_tree_black" x="30" y="0" w="36" h="36" pX="0" pY="0"/>
    <sprite n="Tick" x="222" y="0" w="39" h="39" pX="0" pY="0"/>
    <sprite n="Unknown" x="261" y="0" w="39" h="39" pX="0" pY="0"/>
   <button>
	<sprite n="up" x="493" y="0" w="193" h="43" pX="0" pY="0"/>
  	<sprite n="down" x="300" y="0" w="193" h="43" pX="0" pY="0"/>
   </button>
</TextureAtlas>
